"1gram","number of tweets","count"
"的","15263","40211"
"在","9461","14335"
"国","9383","18763"
"一","7566","10734"
"中","7126","11921"
"日","6213","11066"
"大","5833","8043"
"年","5748","9052"
"为","5583","7042"
"和","5507","7097"
"人","5406","8455"
"是","5294","6925"
"有","5162","6640"
"新","5077","7074"
"了","5035","6415"
"上","4916","6485"
"出","4820","6229"
"美","4761","7795"
"来","4586","5484"
"将","4505","5892"
"不","4471","5847"
"对","4319","5465"
"本","4317","7108"
"以","4314","5067"
"这","4303","5144"
"月","4300","5672"
"发","4216","5388"
"能","3951","5141"
"家","3751","4688"
"到","3608","4242"
"成","3598","4414"
"加","3507","4597"
"行","3476","4494"
"公","3473","4814"
"下","3462","4304"
"个","3436","4123"
"业","3379","5234"
"高","3337","4192"
"于","3331","3803"
"前","3285","3742"
"会","3267","4353"
"全","3229","3958"
"最","3229","3746"
"可","3181","3837"
"生","3066","4020"
"时","3037","3658"
"多","3006","3530"
"现","2966","3479"
"动","2941","3940"
"期","2898","3440"
"过","2847","3263"
"疫","2838","4389"
"经","2831","3751"
"开","2792","3363"
"情","2773","3353"
"地","2768","3584"
"市","2718","3770"
"产","2717","4063"
"后","2707","3010"
"要","2704","3214"
"长","2655","3417"
"用","2600","3495"
"但","2588","2718"
"示","2551","2845"
"也","2545","2809"
"表","2515","2883"
"增","2492","3611"
"与","2492","2850"
"进","2487","2903"
"司","2443","3342"
"部","2426","2960"
"等","2379","2807"
"数","2365","3062"
"制","2354","2954"
"周","2338","2671"
"机","2333","3337"
"场","2329","2867"
"政","2316","3015"
"度","2287","2879"
"者","2267","2742"
"已","2237","2453"
"之","2227","2433"
"其","2210","2523"
"面","2199","2648"
"冠","2197","2643"
"计","2194","2650"
"天","2180","2740"
"方","2156","2575"
"球","2144","2830"
"力","2129","2487"
"通","2125","2595"
"至","2119","2438"
"元","2112","3445"
"电","2107","4023"
"分","2093","2426"
"体","2087","2885"
"资","2086","3130"
"重","2067","2392"
"外","2040","2511"
"关","2034","2394"
"入","2026","2402"
"正","1987","2235"
"工","1979","2998"
"利","1973","2517"
"斯","1965","3036"
"应","1940","2310"
"比","1919","2377"
"自","1913","2243"
"而","1908","2049"
"价","1892","2850"
"作","1868","2245"
"提","1862","2106"
"受","1823","2004"
"他","1820","2297"
"说","1808","2018"
"导","1787","2471"
"该","1786","2054"
"因","1760","1925"
"次","1756","2006"
"内","1750","1972"
"从","1743","1898"
"首","1741","1976"
"持","1714","1923"
"万","1708","2344"
"商","1701","2135"
"病","1689","2885"
"种","1688","2296"
"员","1684","2150"
"并","1678","1786"
"同","1675","1934"
"达","1671","1905"
"合","1669","2006"
"实","1668","1911"
"主","1663","1898"
"近","1663","1826"
"接","1658","2088"
"定","1657","1873"
"企","1654","2501"
"量","1652","2224"
"布","1628","1807"
"化","1621","2090"
"约","1609","1932"
"们","1603","1993"
"续","1598","1755"
"起","1595","1864"
"今","1594","1725"
"法","1592","2042"
"被","1582","1804"
"得","1580","1750"
"民","1577","1988"
"间","1567","1750"
"三","1563","1803"
"向","1558","1751"
"及","1551","1671"
"济","1547","2176"
"供","1535","1860"
"亚","1533","1997"
"平","1526","1799"
"此","1526","1633"
"更","1523","1765"
"品","1518","2159"
"相","1508","1677"
"投","1501","2032"
"如","1487","1623"
"台","1477","2595"
"预","1477","1825"
"当","1474","1626"
"据","1466","1693"
"车","1437","2847"
"名","1436","1742"
"金","1435","2051"
"两","1434","1609"
"求","1432","1649"
"性","1430","1716"
"府","1429","1647"
"还","1424","1516"
"交","1416","1752"
"些","1414","1628"
"股","1406","2378"
"强","1406","1588"
"使","1400","1570"
"海","1396","2048"
"克","1396","1822"
"口","1387","2063"
"造","1386","1617"
"目","1386","1536"
"第","1378","1647"
"需","1378","1579"
"亿","1375","1897"
"果","1371","1693"
"务","1369","1712"
"特","1365","1881"
"称","1364","1484"
"格","1338","1700"
"影","1333","1520"
"界","1327","1573"
"世","1325","1635"
"所","1314","1471"
"总","1306","1551"
"明","1297","1443"
"西","1295","1598"
"报","1288","1479"
"马","1275","1718"
"都","1272","1391"
"推","1269","1416"
"理","1265","1488"
"由","1263","1332"
"少","1256","1465"
"变","1252","1538"
"尔","1249","1590"
"超","1248","1426"
"心","1245","1404"
"指","1242","1522"
"事","1242","1463"
"联","1232","1510"
"星","1230","1456"
"小","1228","1545"
"就","1227","1348"
"收","1226","1570"
"显","1211","1302"
"消","1210","1420"
"管","1208","1423"
"着","1205","1306"
"调","1201","1424"
"放","1201","1409"
"创","1173","1347"
"学","1169","1695"
"低","1166","1330"
"半","1165","1765"
"位","1165","1351"
"道","1165","1315"
"去","1160","1252"
"费","1155","1425"
"然","1153","1328"
"施","1146","1320"
"东","1145","1524"
"点","1141","1367"
"技","1140","1479"
"设","1126","1471"
"区","1108","1320"
"意","1104","1214"
"响","1103","1179"
"未","1098","1183"
"认","1091","1176"
"货","1089","1482"
"统","1084","1311"
"手","1082","1354"
"升","1078","1214"
"议","1071","1379"
"率","1070","1405"
"里","1067","1278"
"原","1066","1241"
"战","1064","1301"
"罗","1059","1566"
"运","1056","1551"
"物","1055","1411"
"保","1052","1234"
"无","1049","1191"
"际","1046","1169"
"减","1033","1332"
"售","1033","1324"
"水","1029","1333"
"划","1027","1168"
"易","1025","1279"
"士","1022","1255"
"代","1022","1222"
"欧","1006","1504"
"安","1002","1241"
"科","1001","1210"
"基","994","1256"
"洲","992","1375"
"或","988","1082"
"降","981","1209"
"子","978","1266"
"问","977","1097"
"德","975","1258"
"展","975","1095"
"始","973","1022"
"备","970","1179"
"引","970","1019"
"苗","961","1683"
"二","958","1072"
"解","952","1052"
"局","949","1061"
"建","947","1172"
"涨","945","1487"
"取","944","1026"
"再","944","1018"
"系","938","1098"
"回","923","1033"
"看","922","1056"
"反","918","1029"
"没","918","1005"
"防","916","1085"
"复","907","1063"
"争","898","1022"
"风","897","1085"
"题","896","1005"
"让","891","951"
"领","887","1032"
"俄","885","1536"
"感","885","1122"
"拉","883","1153"
"势","882","976"
"汽","877","1419"
"立","875","1048"
"信","872","1083"
"控","872","996"
"支","870","1009"
"选","867","1143"
"件","866","1049"
"气","865","1210"
"致","863","902"
"购","858","1068"
"京","849","1136"
"型","848","1047"
"集","848","1013"
"华","844","1063"
"头","843","918"
"四","841","907"
"好","828","923"
"各","828","908"
"结","827","903"
"告","819","936"
"例","818","1148"
"确","817","897"
"额","816","1018"
"视","816","992"
"速","814","928"
"流","812","939"
"币","807","1312"
"社","807","937"
"销","806","1085"
"研","803","998"
"决","802","893"
"兰","801","1058"
"标","801","920"
"网","800","1025"
"宣","799","844"
"准","797","901"
"只","797","889"
"式","793","902"
"击","793","858"
"举","788","902"
"项","786","906"
"湾","784","1331"
"何","781","866"
"境","777","961"
"很","776","838"
"南","774","972"
"专","774","864"
"空","771","1146"
"活","770","880"
"官","769","860"
"采","765","843"
"厂","761","1099"
"打","759","838"
"许","759","812"
"北","758","935"
"文","755","903"
"份","755","879"
"连","753","811"
"规","752","838"
"转","751","852"
"值","748","969"
"步","748","809"
"仍","745","779"
"客","744","942"
"策","743","868"
"传","743","860"
"我","742","1007"
"息","739","891"
"幅","733","859"
"众","729","809"
"获","728","794"
"带","726","775"
"团","723","883"
"常","723","810"
"限","721","817"
"措","720","789"
"术","715","908"
"坡","710","941"
"包","709","774"
"源","708","909"
"究","705","828"
"担","705","752"
"几","703","744"
"测","700","885"
"况","693","731"
"令","692","764"
"季","691","860"
"存","690","826"
"任","689","829"
"门","689","793"
"查","688","838"
"险","687","793"
"组","684","827"
"英","682","923"
"严","682","725"
"处","681","757"
"知","681","753"
"程","681","751"
"五","680","726"
"料","676","942"
"随","674","684"
"每","669","755"
"难","669","729"
"停","668","814"
"密","665","844"
"望","664","711"
"临","662","715"
"普","661","752"
"单","657","797"
"么","655","771"
"共","654","758"
"改","654","727"
"非","652","727"
"直","652","695"
"助","651","725"
"历","651","703"
"给","648","687"
"快","647","707"
"离","642","750"
"构","642","708"
"止","627","698"
"零","621","760"
"论","621","709"
"毒","620","840"
"短","616","707"
"继","615","630"
"户","614","746"
"越","611","1062"
"模","610","668"
"营","604","719"
"样","604","651"
"根","602","654"
"域","601","678"
"跌","600","950"
"权","600","717"
"紧","600","638"
"印","598","946"
"断","596","654"
"尼","594","836"
"州","594","772"
"款","593","777"
"即","592","605"
"巨","591","614"
"财","590","740"
"象","590","639"
"游","588","966"
"走","584","630"
"做","581","640"
"食","580","801"
"田","576","956"
"路","576","693"
"级","576","662"
"片","575","808"
"巴","572","904"
"军","571","827"
"失","570","633"
"整","569","607"
"阿","568","761"
"服","566","692"
"警","566","647"
"付","566","644"
"除","565","586"
"注","564","600"
"观","551","636"
"扩","550","579"
"排","548","704"
"胀","547","716"
"院","546","677"
"治","543","631"
"缺","542","616"
"态","541","597"
"证","540","621"
"早","540","593"
"想","537","593"
"史","537","579"
"航","534","904"
"则","534","559"
"线","532","618"
"积","531","703"
"热","530","605"
"染","528","701"
"票","527","718"
"倍","526","623"
"席","525","587"
"把","520","548"
"乌","519","720"
"奥","518","784"
"批","518","576"
"足","518","559"
"油","513","922"
"压","512","546"
"案","507","619"
"买","507","597"
"波","507","588"
"析","507","544"
"括","504","517"
"身","503","552"
"十","500","539"
"否","497","530"
"那","492","521"
"闻","490","520"
"储","488","715"
"试","487","582"
"链","487","549"
"破","486","528"
"效","485","544"
"律","484","637"
"太","483","610"
"广","482","574"
"底","480","518"
"卫","478","569"
"它","478","530"
"较","477","501"
"城","476","597"
"协","476","578"
"列","475","542"
"别","472","503"
"纳","471","562"
"苏","470","544"
"均","470","536"
"危","469","533"
"陆","468","582"
"抗","468","530"
"完","468","506"
"功","467","539"
"景","467","500"
"仅","465","515"
"缓","464","503"
"希","462","501"
"器","461","655"
"港","460","736"
"师","460","521"
"竞","459","536"
"卡","458","596"
"山","457","615"
"频","457","529"
"激","457","482"
"装","456","600"
"类","454","531"
"参","451","497"
"极","450","517"
"米","449","657"
"富","449","595"
"维","449","526"
"节","448","551"
"岁","446","549"
"居","444","508"
"记","444","485"
"张","444","484"
"住","442","521"
"六","441","464"
"免","440","500"
"什","440","499"
"媒","439","484"
"队","437","564"
"死","437","560"
"先","437","472"
"监","436","519"
"必","436","469"
"露","436","460"
"融","435","553"
"状","435","474"
"算","434","565"
"威","434","500"
"占","433","498"
"益","432","497"
"纪","432","476"
"环","430","483"
"精","430","460"
"旅","429","604"
"退","429","501"
"冲","425","468"
"苹","424","619"
"火","423","605"
"检","423","550"
"房","421","673"
"赛","421","669"
"银","421","573"
"容","421","481"
"访","421","480"
"裁","420","530"
"核","419","612"
"你","415","539"
"具","415","444"
"店","411","637"
"往","411","499"
"初","411","436"
"医","409","550"
"见","407","431"
"突","407","431"
"康","404","492"
"暴","404","458"
"言","404","457"
"女","403","564"
"字","403","547"
"清","403","454"
"遭","401","415"
"护","399","470"
"考","399","440"
"终","399","418"
"韩","398","636"
"针","398","438"
"录","398","438"
"形","398","436"
"百","396","453"
"透","396","421"
"号","395","468"
"封","395","463"
"忧","392","415"
"依","391","420"
"验","387","453"
"落","387","418"
"曾","387","402"
"声","386","435"
"办","384","462"
"才","384","428"
"石","382","543"
"负","379","422"
"飞","378","549"
"土","378","495"
"且","378","381"
"亡","377","455"
"评","376","408"
"尽","376","388"
"牌","375","481"
"图","375","430"
"岛","372","524"
"香","370","564"
"菲","368","532"
"边","368","434"
"启","367","396"
"池","363","722"
"站","360","434"
"乎","360","373"
"盟","359","483"
"色","359","468"
"缩","359","400"
"须","359","392"
"瑞","357","452"
"福","357","445"
"请","357","418"
"温","356","430"
"又","356","363"
"丰","355","556"
"略","355","395"
"延","355","382"
"恢","354","390"
"却","354","361"
"光","353","484"
"条","352","380"
"己","350","375"
"段","350","368"
"独","349","392"
"软","348","452"
"候","348","398"
"优","347","416"
"轻","347","403"
"贸","346","449"
"诊","345","413"
"材","344","466"
"背","341","353"
"登","340","386"
"委","338","425"
"禁","338","422"
"远","338","391"
"像","337","400"
"估","336","371"
"剧","336","360"
"急","336","357"
"似","336","347"
"执","335","358"
"央","334","419"
"暂","334","361"
"班","333","441"
"另","331","333"
"质","329","371"
"老","327","414"
"双","327","386"
"迎","327","347"
"乐","325","387"
"教","322","424"
"药","321","531"
"晚","321","361"
"街","319","355"
"松","316","394"
"芯","315","495"
"隔","315","373"
"虽","314","316"
"满","313","334"
"兴","312","371"
"属","312","358"
"谷","310","412"
"吉","310","400"
"群","310","353"
"微","308","387"
"润","307","429"
"深","307","354"
"虑","306","313"
"追","305","337"
"待","305","312"
"弹","304","382"
"味","304","351"
"智","304","349"
"花","302","418"
"省","302","369"
"配","302","356"
"宾","299","410"
"索","298","439"
"话","298","336"
"爆","297","320"
"泰","294","425"
"稳","294","324"
"塔","293","354"
"端","293","344"
"宽","291","313"
"截","289","299"
"输","288","347"
"轮","287","330"
"命","287","321"
"昨","286","309"
"债","283","449"
"习","281","333"
"责","280","298"
"承","279","301"
"寻","279","284"
"健","277","323"
"损","277","312"
"织","276","303"
"挑","274","285"
"博","273","334"
"义","273","330"
"她","272","393"
"移","272","330"
"置","272","305"
"旗","272","301"
"讨","272","290"
"吗","270","280"
"剂","269","364"
"县","269","352"
"涉","269","284"
"症","268","370"
"素","267","298"
"束","267","279"
"农","266","380"
"库","266","352"
"播","266","301"
"围","266","274"
"谈","265","315"
"困","265","286"
"遇","265","282"
"纯","264","389"
"疗","264","354"
"卖","263","316"
"职","261","328"
"留","261","311"
"吸","261","285"
"促","261","269"
"载","258","303"
"避","258","269"
"异","255","298"
"林","254","317"
"板","252","328"
"够","252","265"
"演","251","294"
"汇","249","354"
"音","249","320"
"差","249","310"
"拥","249","261"
"铁","248","390"
"切","248","253"
"杯","247","369"
"订","247","345"
"便","247","273"
"疑","247","269"
"趋","247","253"
"络","244","293"
"申","244","281"
"拿","244","279"
"儿","242","316"
"辆","241","312"
"岸","241","293"
"照","240","269"
"诉","239","280"
"烈","238","243"
"党","237","376"
"劳","237","293"
"爱","236","279"
"层","236","276"
"呼","236","246"
"伊","234","324"
"假","234","274"
"互","233","278"
"逐","233","241"
"白","232","308"
"神","232","275"
"送","232","267"
"脱","232","264"
"伤","232","260"
"识","232","257"
"绝","232","243"
"室","231","264"
"邦","231","263"
"餐","229","335"
"园","229","323"
"庭","229","278"
"歌","228","322"
"盘","228","269"
"育","227","289"
"充","227","281"
"判","227","258"
"甚","227","229"
"友","226","275"
"真","226","245"
"净","225","288"
"补","225","272"
"黑","225","258"
"久","225","235"
"摘","225","227"
"燃","224","297"
"千","224","240"
"射","223","300"
"胜","223","247"
"诺","222","253"
"盛","222","253"
"船","221","402"
"架","221","260"
"署","221","244"
"左","221","235"
"阻","221","231"
"弱","221","231"
"害","220","232"
"帮","219","236"
"右","219","236"
"潮","218","239"
"干","217","266"
"武","217","259"
"迫","217","225"
"野","215","279"
"株","215","272"
"男","215","264"
"绩","214","251"
"闭","214","231"
"红","213","266"
"抵","213","229"
"顾","212","223"
"陷","212","218"
"患","211","250"
"拜","211","234"
"志","211","225"
"戎","210","253"
"滑","210","238"
"河","209","286"
"洋","209","252"
"哈","208","251"
"座","208","235"
"午","208","214"
"税","207","337"
"眼","207","246"
"故","207","242"
"副","207","221"
"按","205","232"
"择","205","220"
"迅","205","217"
"迪","204","294"
"援","204","229"
"愿","204","225"
"迹","204","218"
"辉","203","231"
"迷","203","224"
"澳","202","300"
"赖","200","213"
"键","200","205"
"酒","199","344"
"碳","199","305"
"写","199","204"
"戏","198","306"
"夫","197","254"
"努","197","205"
"灾","196","279"
"察","196","225"
"累","196","221"
"签","195","238"
"适","195","214"
"坚","194","204"
"王","193","220"
"审","193","219"
"劲","193","205"
"细","192","239"
"角","192","218"
"散","192","218"
"届","192","211"
"欢","192","206"
"序","191","212"
"冬","190","231"
"恶","188","196"
"券","187","248"
"膨","187","200"
"萨","185","242"
"享","185","192"
"脑","184","230"
"阶","184","199"
"距","184","196"
"黄","183","258"
"吃","183","236"
"龙","183","232"
"版","183","221"
"混","183","207"
"范","182","189"
"哥","181","209"
"攻","181","198"
"莫","181","197"
"哪","181","195"
"鲜","180","260"
"换","180","207"
"私","180","199"
"善","180","188"
"找","180","187"
"救","179","200"
"衰","178","209"
"允","178","185"
"贷","177","239"
"胁","177","189"
"夺","176","195"
"麦","175","257"
"亲","175","199"
"侵","172","184"
"泛","172","177"
"沙","171","237"
"奇","171","190"
"伦","171","189"
"逾","171","179"
"朗","169","227"
"摩","169","210"
"钱","169","205"
"借","169","179"
"宝","168","232"
"纽","168","189"
"峰","168","188"
"尚","168","176"
"戴","167","213"
"修","167","187"
"饮","166","207"
"书","166","201"
"锁","166","184"
"吁","166","171"
"震","165","277"
"云","165","211"
"伯","165","193"
"败","165","176"
"母","164","195"
"潜","164","181"
"探","163","193"
"驶","162","232"
"雷","162","198"
"春","162","184"
"触","162","181"
"顶","162","173"
"纷","161","296"
"夏","161","191"
"迟","161","187"
"贴","160","203"
"征","160","180"
"释","159","182"
"怎","159","168"
"讯","158","211"
"跟","158","170"
"阳","157","213"
"酸","157","208"
"夜","157","180"
"读","157","168"
"若","157","163"
"著","157","162"
"佳","156","181"
"尤","156","159"
"村","155","213"
"拍","155","208"
"液","154","191"
"曼","154","188"
"聚","154","178"
"朝","153","232"
"乘","153","180"
"幕","153","168"
"逊","152","196"
"古","152","184"
"映","152","167"
"弃","152","167"
"顿","151","166"
"授","151","162"
"含","151","162"
"恐","150","173"
"述","150","164"
"袭","150","164"
"坏","150","157"
"乱","150","156"
"逆","149","187"
"拟","149","174"
"渐","149","167"
"障","149","164"
"隐","149","161"
"鱼","147","298"
"招","147","177"
"返","147","168"
"附","147","154"
"摄","146","182"
"雄","146","163"
"归","146","160"
"础","146","150"
"雪","145","218"
"奖","145","203"
"雨","145","183"
"驻","144","168"
"牙","143","184"
"杂","143","152"
"良","142","163"
"宗","141","175"
"掌","141","145"
"飙","141","143"
"栏","141","143"
"晶","140","210"
"振","140","145"
"末","139","147"
"七","139","143"
"贬","138","205"
"倒","138","148"
"跨","137","156"
"江","136","186"
"血","136","170"
"派","136","160"
"川","136","160"
"觉","136","156"
"画","135","194"
"族","135","166"
"挥","135","151"
"听","135","151"
"介","135","137"
"驾","134","194"
"撤","134","153"
"肉","133","214"
"念","133","147"
"罩","132","191"
"捕","132","167"
"丹","132","151"
"翻","132","140"
"八","132","132"
"刻","131","143"
"笔","130","152"
"违","130","146"
"余","129","146"
"馆","128","176"
"码","128","164"
"李","128","158"
"疾","128","144"
"顺","128","139"
"牛","127","195"
"养","127","173"
"衡","127","140"
"呢","127","129"
"休","126","153"
"圣","126","152"
"靠","126","135"
"误","125","144"
"托","125","140"
"思","125","137"
"薪","124","170"
"森","124","149"
"秋","124","147"
"童","123","156"
"固","123","154"
"尖","123","138"
"敦","123","132"
"刺","123","128"
"革","122","135"
"浪","122","133"
"佩","120","153"
"洛","120","149"
"犯","120","147"
"塞","120","144"
"冷","120","137"
"召","120","130"
"粮","119","176"
"吨","119","150"
"贵","119","135"
"缘","119","127"
"惊","119","125"
"赢","119","124"
"楼","118","162"
"陈","118","131"
"绕","118","122"
"宇","117","153"
"秘","117","131"
"竟","117","118"
"课","116","132"
"晨","116","120"
"耳","115","164"
"箱","115","163"
"兑","115","159"
"氧","115","158"
"校","115","156"
"床","115","148"
"庆","115","147"
"鲁","115","144"
"踪","115","130"
"苦","115","127"
"拒","115","118"
"宫","114","145"
"姆","114","142"
"握","114","117"
"呈","114","116"
"宜","113","127"
"喜","113","125"
"坦","112","133"
"凌","112","123"
"碍","112","116"
"语","111","174"
"刚","111","160"
"圆","111","153"
"典","111","129"
"永","111","128"
"杀","111","117"
"扰","111","114"
"般","111","112"
"堂","110","150"
"佛","110","131"
"青","110","130"
"卷","110","128"
"繁","110","115"
"枪","109","185"
"钟","109","127"
"励","109","126"
"套","109","124"
"焦","109","113"
"旨","109","109"
"瓦","108","134"
"贝","108","132"
"替","108","117"
"罕","108","113"
"木","107","158"
"梅","107","144"
"跳","107","124"
"洪","107","124"
"滞","107","114"
"削","107","112"
"跑","106","136"
"厅","106","119"
"孩","105","128"
"答","105","119"
"守","105","111"
"旧","105","109"
"汉","104","142"
"某","104","111"
"摆","104","106"
"诞","103","122"
"抢","103","110"
"悉","103","108"
"错","102","116"
"慢","102","113"
"押","102","110"
"阴","102","106"
"予","102","106"
"龄","101","119"
"折","101","110"
"荡","101","106"
"搭","101","106"
"挫","101","104"
"宅","100","136"
"植","100","133"
"绿","100","124"
"宁","100","120"
"鼓","100","105"
"董","99","124"
"途","99","107"
"综","99","104"
"迈","99","102"
"熊","98","187"
"罚","98","120"
"豪","98","113"
"荷","98","113"
"操","98","109"
"跃","98","107"
"乏","98","101"
"锂","97","174"
"衣","97","149"
"九","97","113"
"榜","97","112"
"钢","96","156"
"筹","96","108"
"披","96","107"
"蒙","96","106"
"讲","96","103"
"猛","96","100"
"罪","95","125"
"恩","95","112"
"伴","95","100"
"虎","94","186"
"桥","94","134"
"遗","94","128"
"勒","94","113"
"沉","94","107"
"雇","94","105"
"简","94","99"
"菜","93","147"
"冰","93","140"
"粉","93","135"
"盖","93","110"
"块","93","103"
"莱","93","102"
"默","92","115"
"嫌","92","101"
"凯","92","101"
"腾","91","131"
"伟","91","121"
"埃","91","109"
"遏","91","94"
"艘","90","113"
"墨","90","111"
"培","90","103"
"肯","90","96"
"抑","90","95"
"矿","89","148"
"穿","89","108"
"筑","89","106"
"盈","89","105"
"雅","89","103"
"硬","89","102"
"痛","89","101"
"沃","88","115"
"废","88","109"
"艺","88","108"
"玩","88","105"
"杜","88","104"
"训","88","101"
"旬","88","91"
"拖","88","90"
"遍","88","89"
"廷","87","112"
"聘","87","110"
"荣","87","97"
"概","87","96"
"熟","87","92"
"绍","87","89"
"抛","87","89"
"凸","87","88"
"烧","86","103"
"兼","86","91"
"旦","86","90"
"赶","86","88"
"蔓","86","87"
"丽","85","114"
"梦","85","98"
"伙","85","92"
"驱","85","89"
"鸡","84","161"
"树","84","121"
"屋","84","115"
"泡","84","114"
"皮","83","111"
"籍","83","100"
"耗","83","97"
"厚","83","87"
"辞","82","95"
"斗","82","91"
"剩","82","90"
"宙","81","109"
"炸","81","97"
"蒂","81","90"
"幸","81","90"
"鉴","81","81"
"蛋","80","129"
"搜","80","95"
"淡","80","88"
"督","80","84"
"毁","80","84"
"询","80","83"
"攀","80","80"
"镇","79","92"
"亮","79","83"
"拆","78","108"
"舰","78","106"
"虚","78","97"
"灭","78","89"
"轨","78","86"
"怀","78","85"
"恒","77","124"
"礼","77","97"
"黎","77","90"
"拓","77","86"
"崩","77","82"
"蓄","76","110"
"葡","76","109"
"萄","76","109"
"镜","76","100"
"卢","76","100"
"郑","76","94"
"偏","76","85"
"惠","76","84"
"慎","76","80"
"暗","76","77"
"芝","75","119"
"菱","75","104"
"甲","75","101"
"兵","75","90"
"垄","75","89"
"耐","75","87"
"祝","75","87"
"绪","75","77"
"峻","75","75"
"煤","74","117"
"塑","74","103"
"漫","74","94"
"父","74","85"
"覆","74","80"
"符","74","80"
"谁","74","77"
"隆","73","91"
"练","73","83"
"藏","73","81"
"径","73","80"
"韦","73","79"
"湖","72","94"
"泽","72","84"
"渡","72","83"
"档","72","81"
"宏","72","79"
"暖","72","78"
"稀","71","106"
"偿","71","82"
"歧","71","77"
"掉","71","77"
"逃","71","75"
"撑","71","75"
"醒","71","72"
"账","70","89"
"帕","70","80"
"裂","70","76"
"租","69","97"
"丝","69","90"
"玛","69","87"
"编","69","79"
"浮","69","74"
"挺","69","70"
"麻","68","105"
"硅","68","105"
"乡","68","82"
"尾","68","76"
"摇","68","75"
"脚","68","73"
"疲","68","71"
"咖","67","108"
"喷","67","99"
"伏","67","94"
"舟","67","92"
"械","67","82"
"圈","67","81"
"邻","67","76"
"伐","67","72"
"尝","67","71"
"堆","66","96"
"纸","66","95"
"彩","66","84"
"铺","66","73"
"裕","66","73"
"坐","66","73"
"叫","66","71"
"邮","65","86"
"茨","65","80"
"阅","65","75"
"携","65","67"
"怕","65","67"
"唯","65","66"
"艰","65","65"
"猫","64","116"
"亏","64","79"
"锡","64","77"
"仪","64","76"
"舞","64","71"
"娱","64","70"
"瓶","64","69"
"既","64","65"
"汗","63","97"
"渔","63","93"
"草","63","83"
"鲍","63","79"
"扎","63","72"
"阵","63","69"
"扬","63","67"
"凭","63","67"
"汤","62","106"
"饭","62","85"
"井","62","79"
"洗","62","78"
"胡","62","70"
"赚","62","69"
"御","62","67"
"谨","62","64"
"挤","62","64"
"遵","62","62"
"虐","62","62"
"糖","61","96"
"堵","61","68"
"涌","61","65"
"沿","61","62"
"迄","61","61"
"婚","60","91"
"津","60","78"
"贩","60","77"
"刷","60","71"
"毫","60","69"
"坛","60","69"
"氏","60","65"
"敌","60","63"
"肆","60","61"
"昂","60","61"
"撞","59","72"
"讼","59","69"
"仓","59","69"
"阁","59","66"
"章","59","65"
"词","59","63"
"崛","59","59"
"疆","58","81"
"赴","58","68"
"秀","58","67"
"番","58","63"
"抓","58","62"
"炭","57","85"
"胞","57","84"
"屏","57","78"
"桑","57","71"
"泄","57","68"
"蓝","57","66"
"旺","57","66"
"炎","57","65"
"污","57","65"
"耶","57","64"
"赞","57","63"
"冒","57","63"
"狂","57","61"
"惕","57","59"
"猴","56","92"
"玉","56","74"
"寸","56","73"
"芬","56","72"
"糕","56","64"
"谋","56","62"
"趣","56","60"
"晋","56","60"
"敏","56","59"
"殊","56","58"
"朋","56","58"
"氢","55","111"
"豆","55","86"
"裔","55","79"
"齐","55","65"
"舆","55","59"
"宿","55","59"
"揭","55","57"
"惯","55","57"
"逼","55","56"
"献","55","56"
"丧","55","55"
"啡","54","88"
"鸿","54","81"
"肥","54","79"
"圳","54","76"
"挖","54","73"
"曲","54","64"
"添","54","58"
"抱","54","58"
"彭","54","58"
"寒","54","58"
"静","54","57"
"瞄","54","55"
"桶","53","69"
"堡","53","65"
"贫","53","61"
"募","53","60"
"萎","53","56"
"畅","53","55"
"阪","52","75"
"诈","52","68"
"漏","52","62"
"刑","52","62"
"枚","52","58"
"杰","52","58"
"柏","52","57"
"秒","52","55"
"灵","52","55"
"诸","52","54"
"掀","52","53"
"箭","51","78"
"冻","51","63"
"颈","51","54"
"叶","51","54"
"详","51","53"
"忙","51","53"
"贡","51","52"
"癌","50","95"
"烟","50","74"
"妇","50","64"
"喝","50","63"
"捐","50","62"
"巡","50","62"
"览","50","60"
"弗","50","57"
"刘","50","53"
"倾","50","50"
"寿","49","71"
"愈","49","61"
"浅","49","58"
"旱","49","58"
"杨","49","54"
"庄","49","52"
"夕","49","50"
"丁","49","50"
"谓","49","49"
"敲","49","49"
"滴","48","127"
"赔","48","67"
"酬","48","63"
"灯","48","61"
"刊","48","51"
"荒","48","50"
"炉","48","50"
"痘","47","79"
"胎","47","76"
"扫","47","61"
"浓","47","60"
"珠","47","57"
"奈","47","57"
"扣","47","53"
"陶","46","72"
"婴","46","65"
"沫","46","59"
"册","46","55"
"洁","46","54"
"迁","46","53"
"篇","46","51"
"弥","46","50"
"骨","45","59"
"辛","45","50"
"搁","45","48"
"戒","45","48"
"尺","45","48"
"循","45","47"
"忘","45","46"
"堪","45","46"
"劣","45","46"
"糟","45","45"
"槟","44","77"
"斤","44","53"
"横","44","50"
"袖","44","49"
"残","44","49"
"岗","44","49"
"彼","44","48"
"仿","44","48"
"逝","44","45"
"疏","44","45"
"吧","44","45"
"孟","43","66"
"胶","43","62"
"崎","43","54"
"谢","43","53"
"忠","43","52"
"厘","43","52"
"唱","43","49"
"贺","43","48"
"辅","43","46"
"敢","43","46"
"廉","43","44"
"猪","42","69"
"蚁","42","66"
"洞","42","59"
"舱","42","56"
"蔡","42","51"
"欺","42","51"
"帝","42","51"
"锦","42","49"
"辩","42","48"
"淘","42","47"
"撒","42","47"
"伍","42","46"
"誉","42","45"
"斥","42","43"
"奶","41","78"
"宪","41","52"
"肖","41","50"
"佐","41","50"
"颗","41","48"
"毕","41","47"
"霍","41","45"
"挂","41","45"
"歉","41","44"
"彻","41","42"
"厉","41","41"
"蚂","40","63"
"棕","40","62"
"毛","40","52"
"肺","40","51"
"柔","40","51"
"赏","40","50"
"框","40","49"
"藤","40","48"
"珍","40","48"
"辑","40","46"
"筛","40","45"
"猜","40","44"
"扭","40","42"
"咨","40","41"
"溃","40","40"
"腊","39","54"
"祖","39","54"
"赌","39","52"
"寨","39","52"
"乔","39","49"
"递","39","47"
"奢","39","46"
"徒","39","45"
"诚","39","44"
"翁","39","43"
"描","39","43"
"锋","39","42"
"滥","39","41"
"勇","39","40"
"牵","39","39"
"铜","38","69"
"柬","38","56"
"妆","38","56"
"罢","38","55"
"遥","38","53"
"殖","38","52"
"埔","38","51"
"厦","38","51"
"酿","38","46"
"甘","38","45"
"艾","38","44"
"叠","38","44"
"郎","38","43"
"旋","38","43"
"倡","38","43"
"晓","38","41"
"拼","38","41"
"峡","38","41"
"碰","38","40"
"亦","38","39"
"冈","37","46"
"脏","37","45"
"蒸","37","44"
"浦","37","44"
"饰","37","43"
"犹","37","43"
"栓","37","43"
"伸","37","43"
"诗","37","42"
"簿","37","42"
"填","37","41"
"坠","37","41"
"慕","37","40"
"悲","37","39"
"庞","37","37"
"鞋","36","72"
"刀","36","52"
"勃","36","50"
"炼","36","45"
"页","36","43"
"沟","36","39"
"柱","36","39"
"捧","36","38"
"忆","36","38"
"缅","35","70"
"瓜","35","60"
"姓","35","45"
"塌","35","43"
"啸","35","43"
"腐","35","42"
"戈","35","42"
"怪","35","40"
"颜","35","39"
"钩","35","39"
"赐","35","39"
"霸","35","38"
"酷","35","38"
"稿","35","38"
"哲","35","38"
"邀","35","37"
"穷","35","37"
"汰","35","37"
"脆","35","36"
"俗","35","36"
"扮","35","35"
"铝","34","63"
"铃","34","57"
"垃","34","46"
"艇","34","45"
"捷","34","44"
"墙","34","44"
"祥","34","42"
"兆","34","40"
"誓","34","39"
"桌","34","38"
"慧","34","38"
"烦","34","37"
"句","34","37"
"催","34","37"
"锐","34","36"
"盾","34","36"
"踢","34","35"
"渠","34","34"
"契","34","34"
"甸","33","63"
"纤","33","61"
"饼","33","53"
"骗","33","51"
"孙","33","49"
"菌","33","47"
"圾","33","45"
"峇","33","43"
"睡","33","41"
"溪","33","41"
"毅","33","41"
"抽","33","41"
"昆","33","40"
"娜","33","39"
"脉","33","38"
"贾","33","35"
"赤","33","34"
"丢","33","34"
"琼","33","33"
"楚","33","33"
"樱","32","67"
"茶","32","53"
"盐","32","48"
"侠","32","42"
"赠","32","41"
"幼","32","41"
"姿","32","41"
"鹿","32","40"
"甜","32","39"
"袋","32","38"
"侈","32","38"
"插","32","37"
"兹","32","36"
"逢","32","34"
"淳","32","34"
"昌","32","34"
"擦","32","34"
"秩","32","33"
"慌","32","33"
"挡","32","32"
"怒","32","32"
"桃","31","40"
"侧","31","38"
"卸","31","37"
"柴","31","36"
"饲","31","35"
"臣","31","35"
"笑","31","34"
"矛","31","34"
"滩","31","34"
"怨","31","34"
"踏","31","33"
"晤","31","33"
"尊","31","33"
"郊","31","32"
"驳","31","31"
"扶","31","31"
"奋","31","31"
"泳","30","59"
"鸟","30","47"
"膜","30","44"
"魔","30","36"
"廊","30","36"
"豁","30","34"
"寄","30","33"
"勤","30","33"
"屿","30","32"
"闯","30","31"
"逮","30","31"
"趟","30","31"
"欣","30","31"
"惨","30","31"
"韧","30","30"
"氛","30","30"
"履","30","30"
"绳","29","43"
"玻","29","42"
"骑","29","38"
"岩","29","38"
"凤","29","38"
"兽","29","38"
"偷","29","38"
"穆","29","36"
"灰","29","35"
"忽","29","34"
"偶","29","34"
"翰","29","33"
"滨","29","33"
"孤","29","33"
"骚","29","32"
"町","29","32"
"欲","29","32"
"拨","29","32"
"仔","29","32"
"懂","29","31"
"役","29","31"
"宋","29","31"
"割","29","31"
"淹","29","30"
"碑","29","29"
"忍","29","29"
"磁","28","43"
"蔚","28","40"
"闪","28","39"
"嘉","28","39"
"译","28","35"
"莲","28","35"
"狮","28","35"
"宠","28","35"
"擎","28","34"
"脸","28","33"
"盒","28","33"
"纠","28","32"
"饱","28","31"
"杉","28","31"
"奏","28","31"
"赫","28","30"
"曝","28","30"
"幻","28","30"
"骤","28","28"
"槛","28","28"
"宛","27","51"
"尿","27","43"
"啤","27","41"
"瓷","27","38"
"蔬","27","37"
"帅","27","35"
"炮","27","34"
"缴","27","33"
"逻","27","31"
"仁","27","31"
"锅","27","30"
"舶","27","30"
"竹","27","30"
"磋","27","30"
"碎","27","30"
"粗","27","29"
"溯","27","29"
"纵","27","28"
"濒","27","28"
"泥","27","28"
"郭","26","34"
"旭","26","34"
"羊","26","33"
"厨","26","33"
"妻","26","32"
"闲","26","31"
"寓","26","31"
"赵","26","30"
"莎","26","30"
"肌","26","30"
"窃","26","30"
"丸","26","30"
"颠","26","29"
"绑","26","28"
"笼","26","28"
"搬","26","28"
"拔","26","28"
"抖","26","28"
"惜","26","28"
"吐","26","28"
"串","26","28"
"氨","25","55"
"璃","25","35"
"盗","25","34"
"涂","25","34"
"栋","25","31"
"怖","25","30"
"杆","25","28"
"吹","25","28"
"奔","25","27"
"喊","25","27"
"魏","25","26"
"晰","25","26"
"捉","25","26"
"刹","25","26"
"荐","25","25"
"旁","25","25"
"榈","24","35"
"脂","24","31"
"紫","24","30"
"悦","24","29"
"吴","24","29"
"耀","24","28"
"摊","24","28"
"稍","24","27"
"掩","24","27"
"巧","24","27"
"亨","24","27"
"贯","24","26"
"讽","24","26"
"挽","24","26"
"卓","24","26"
"闹","24","25"
"潘","24","25"
"疯","24","24"
"拘","24","24"
"妙","24","24"
"垒","24","24"
"礁","23","35"
"篮","23","34"
"捞","23","32"
"粒","23","30"
"乳","23","30"
"镍","23","29"
"羽","23","29"
"剑","23","29"
"驰","23","28"
"佣","23","28"
"仙","23","27"
"轰","23","25"
"舒","23","25"
"悬","23","25"
"宴","23","25"
"嫁","23","25"
"夹","23","25"
"舍","23","24"
"腰","23","24"
"皆","23","24"
"丑","23","23"
"虫","22","37"
"烤","22","36"
"瑟","22","32"
"棉","22","29"
"泊","22","27"
"泉","22","26"
"鹰","22","25"
"盼","22","25"
"挪","22","25"
"扑","22","25"
"钻","22","24"
"茂","22","24"
"沈","22","24"
"槽","22","24"
"掘","22","24"
"辟","22","23"
"瞬","22","23"
"皇","22","23"
"狱","22","23"
"渴","22","23"
"唐","22","23"
"仇","22","23"
"跻","22","22"
"蓬","22","22"
"拳","22","22"
"弊","22","22"
"狗","21","40"
"鬼","21","31"
"尘","21","31"
"寺","21","29"
"鼠","21","28"
"溢","21","25"
"浏","21","24"
"颁","21","23"
"祸","21","23"
"恼","21","23"
"崇","21","23"
"孔","21","23"
"壳","21","23"
"坊","21","23"
"踩","21","22"
"貌","21","22"
"谴","21","22"
"巩","21","22"
"乃","21","22"
"窄","21","21"
"瞩","21","21"
"睐","21","21"
"擅","21","21"
"拐","21","21"
"叹","21","21"
"删","21","21"
"妈","20","48"
"麟","20","40"
"祭","20","33"
"孕","20","32"
"躺","20","30"
"梨","20","30"
"薄","20","29"
"翼","20","28"
"镑","20","26"
"聊","20","25"
"绘","20","25"
"炒","20","25"
"浙","20","25"
"烂","20","24"
"暑","20","24"
"肤","20","23"
"歇","20","23"
"徐","20","23"
"衍","20","22"
"牢","20","22"
"挣","20","22"
"拯","20","22"
"俱","20","22"
"朱","20","21"
"妥","20","21"
"凡","20","21"
"辈","20","20"
"搞","20","20"
"吞","20","20"
"钴","19","28"
"喀","19","26"
"鹏","19","25"
"鹅","19","25"
"烹","19","24"
"饿","19","23"
"腿","19","23"
"砂","19","23"
"柯","19","23"
"址","19","23"
"讶","19","22"
"柜","19","22"
"悼","19","22"
"谱","19","21"
"瘫","19","21"
"痪","19","21"
"滋","19","21"
"欠","19","21"
"厢","19","21"
"剥","19","21"
"磨","19","20"
"硕","19","20"
"矶","19","20"
"杭","19","20"
"摸","19","20"
"凝","19","20"
"颇","19","19"
"诱","19","19"
"竭","19","19"
"眉","19","19"
"洽","19","19"
"抬","19","19"
"惧","19","19"
"壮","19","19"
"卿","19","19"
"薯","18","40"
"梯","18","31"
"眠","18","30"
"岳","18","30"
"郁","18","25"
"囊","18","24"
"您","18","23"
"恰","18","23"
"妮","18","23"
"壤","18","23"
"仰","18","23"
"帐","18","22"
"哀","18","22"
"涵","18","21"
"辣","18","20"
"璐","18","20"
"椅","18","20"
"枢","18","20"
"壁","18","20"
"詹","18","19"
"琳","18","19"
"梁","18","19"
"曹","18","19"
"慰","18","19"
"吓","18","19"
"函","18","19"
"趁","18","18"
"粹","18","18"
"浸","18","18"
"坞","18","18"
"咎","18","18"
"吕","18","18"
"珊","17","33"
"稻","17","32"
"榴","17","29"
"忌","17","29"
"橡","17","28"
"胆","17","24"
"滚","17","24"
"棒","17","24"
"肃","17","23"
"坂","17","23"
"肩","17","22"
"浩","17","21"
"尹","17","21"
"樟","17","20"
"帖","17","20"
"饥","17","19"
"雾","17","19"
"躲","17","19"
"贪","17","19"
"睛","17","19"
"痕","17","19"
"埋","17","19"
"坎","17","19"
"遣","17","18"
"辖","17","18"
"赋","17","18"
"枯","17","18"
"拾","17","18"
"抨","17","18"
"惹","17","18"
"妨","17","18"
"呆","17","18"
"傍","17","18"
"仑","17","18"
"涯","17","17"
"敬","17","17"
"摧","17","17"
"愤","17","17"
"咏","17","17"
"蟹","16","49"
"鲸","16","37"
"乒","16","29"
"蜜","16","26"
"庙","16","26"
"虾","16","25"
"巾","16","25"
"裤","16","23"
"乙","16","23"
"轴","16","21"
"葬","16","21"
"窗","16","20"
"斋","16","20"
"屡","16","20"
"贤","16","19"
"弟","16","19"
"伪","16","19"
"丈","16","19"
"轿","16","18"
"臂","16","18"
"拦","16","18"
"慈","16","18"
"惟","16","18"
"弘","16","18"
"坍","16","18"
"哇","16","18"
"兄","16","18"
"酋","16","17"
"蚀","16","17"
"罹","16","17"
"漂","16","17"
"揽","16","17"
"怡","16","17"
"彦","16","17"
"俏","16","17"
"颖","16","16"
"酵","16","16"
"践","16","16"
"谍","16","16"
"梳","16","16"
"杠","16","16"
"撰","16","16"
"憾","16","16"
"弈","16","16"
"勿","16","16"
"瑰","15","27"
"猎","15","26"
"乓","15","26"
"雀","15","23"
"烷","15","23"
"铠","15","22"
"莉","15","22"
"斑","15","22"
"邓","15","19"
"熔","15","18"
"恨","15","18"
"鼻","15","17"
"贞","15","17"
"奉","15","17"
"碗","15","16"
"澄","15","16"
"栽","15","16"
"惩","15","16"
"夸","15","16"
"匹","15","16"
"黯","15","15"
"魅","15","15"
"谐","15","15"
"裹","15","15"
"疼","15","15"
"帷","15","15"
"宵","15","15"
"剔","15","15"
"麒","14","34"
"蜂","14","26"
"螺","14","22"
"缆","14","19"
"酱","14","18"
"狼","14","18"
"煮","14","18"
"豫","14","17"
"罐","14","17"
"囤","14","17"
"舌","14","16"
"胖","14","16"
"砍","14","16"
"诀","14","15"
"聪","14","15"
"琪","14","15"
"爽","14","15"
"灌","14","15"
"桂","14","15"
"蝉","14","14"
"煌","14","14"
"涡","14","14"
"旷","14","14"
"惑","14","14"
"尴","14","14"
"尬","14","14"
"嘴","14","14"
"俊","14","14"
"堕","13","26"
"玫","13","25"
"纹","13","22"
"扇","13","22"
"铭","13","18"
"菅","13","18"
"腕","13","18"
"祈","13","18"
"牧","13","18"
"丶","13","18"
"饪","13","17"
"悄","13","17"
"遮","13","16"
"芒","13","16"
"碧","13","16"
"尸","13","16"
"侣","13","16"
"仗","13","16"
"钦","13","15"
"爪","13","15"
"柳","13","15"
"悠","13","15"
"孚","13","15"
"埼","13","15"
"叙","13","15"
"厌","13","15"
"齿","13","14"
"隧","13","14"
"衔","13","14"
"衅","13","14"
"粘","13","14"
"彰","13","14"
"弄","13","14"
"僵","13","14"
"霜","13","13"
"衷","13","13"
"萧","13","13"
"莪","13","13"
"瘟","13","13"
"沦","13","13"
"汁","13","13"
"敞","13","13"
"抹","13","13"
"帆","13","13"
"峙","13","13"
"倦","13","13"
"侨","13","13"
"恋","12","20"
"喱","12","19"
"薇","12","18"
"霹","12","16"
"隼","12","16"
"腺","12","16"
"澜","12","16"
"淋","12","16"
"辽","12","15"
"虹","12","15"
"桩","12","15"
"幽","12","15"
"寅","12","15"
"奎","12","15"
"蕾","12","14"
"耕","12","14"
"晒","12","14"
"昭","12","14"
"嫩","12","14"
"凶","12","14"
"陕","12","13"
"谣","12","13"
"窥","12","13"
"秉","12","13"
"盲","12","13"
"涛","12","13"
"帽","12","13"
"吊","12","13"
"陪","12","12"
"阔","12","12"
"酝","12","12"
"辱","12","12"
"谜","12","12"
"苛","12","12"
"缔","12","12"
"睫","12","12"
"盯","12","12"
"盎","12","12"
"牲","12","12"
"渗","12","12"
"斩","12","12"
"撼","12","12"
"屈","12","12"
"喘","12","12"
"勉","12","12"
"钠","11","21"
"豹","11","21"
"浜","11","20"
"梿","11","20"
"汹","11","19"
"铀","11","18"
"镓","11","17"
"钞","11","17"
"醇","11","17"
"潟","11","17"
"燕","11","16"
"仲","11","16"
"雳","11","15"
"滤","11","15"
"啦","11","15"
"吾","11","15"
"卵","11","15"
"刃","11","15"
"辐","11","14"
"螃","11","14"
"妹","11","14"
"冕","11","14"
"萌","11","13"
"肝","11","13"
"磷","11","13"
"瞒","11","13"
"盆","11","13"
"瘤","11","13"
"沪","11","13"
"姐","11","13"
"赁","11","12"
"腹","11","12"
"肿","11","12"
"缝","11","12"
"痴","11","12"
"朵","11","12"
"娥","11","12"
"夷","11","12"
"匠","11","12"
"麾","11","11"
"靡","11","11"
"谅","11","11"
"蕴","11","11"
"蔽","11","11"
"纾","11","11"
"纬","11","11"
"砸","11","11"
"狭","11","11"
"沸","11","11"
"沮","11","11"
"栖","11","11"
"昔","11","11"
"捍","11","11"
"抚","11","11"
"愁","11","11"
"徘","11","11"
"徊","11","11"
"屠","11","11"
"奠","11","11"
"垮","11","11"
"垫","11","11"
"劫","11","11"
"劝","11","11"
"傲","11","11"
"侦","11","11"
"飓","10","18"
"爸","10","18"
"贿","10","16"
"氮","10","16"
"禽","10","15"
"瘦","10","15"
"姻","10","15"
"锻","10","14"
"蛛","10","14"
"肠","10","14"
"椒","10","14"
"剪","10","14"
"砖","10","13"
"琴","10","13"
"泪","10","13"
"枝","10","13"
"咬","10","13"
"鼎","10","12"
"鸣","10","12"
"蜘","10","12"
"胃","10","12"
"肴","10","12"
"纺","10","12"
"漠","10","12"
"涅","10","12"
"汪","10","12"
"巫","10","12"
"骸","10","11"
"茫","10","11"
"纲","10","11"
"涩","10","11"
"拢","10","11"
"寡","10","11"
"邱","10","10"
"艳","10","10"
"肢","10","10"
"罄","10","10"
"甩","10","10"
"牺","10","10"
"燥","10","10"
"晴","10","10"
"拱","10","10"
"慑","10","10"
"喻","10","10"
"厄","10","10"
"亥","10","10"
"饺","9","29"
"棋","9","20"
"瑚","9","18"
"榄","9","17"
"裙","9","15"
"淀","9","14"
"丘","9","14"
"淇","9","13"
"巢","9","13"
"鳍","9","12"
"雌","9","12"
"茄","9","12"
"翔","9","12"
"溶","9","12"
"匈","9","12"
"缠","9","11"
"筒","9","11"
"珀","9","11"
"湿","9","11"
"浆","9","11"
"汛","9","11"
"喉","9","11"
"哉","9","11"
"卑","9","11"
"兔","9","11"
"丛","9","11"
"鹤","9","10"
"逗","9","10"
"辨","9","10"
"蛇","9","10"
"畜","9","10"
"涸","9","10"
"涝","9","10"
"棵","9","10"
"弯","9","10"
"娃","9","10"
"堤","9","10"
"垂","9","10"
"咒","9","10"
"君","9","10"
"陋","9","9"
"醉","9","9"
"遂","9","9"
"辙","9","9"
"蹈","9","9"
"莹","9","9"
"芳","9","9"
"糊","9","9"
"磅","9","9"
"痊","9","9"
"瀚","9","9"
"棘","9","9"
"抉","9","9"
"扯","9","9"
"巅","9","9"
"勾","9","9"
"勘","9","9"
"凉","9","9"
"乍","9","9"
"蝶","8","15"
"挝","8","15"
"籽","8","14"
"穴","8","14"
"獭","8","14"
"嗅","8","14"
"汶","8","13"
"蒋","8","12"
"恤","8","12"
"岐","8","12"
"咳","8","12"
"亭","8","12"
"龟","8","11"
"铅","8","11"
"逛","8","11"
"轩","8","11"
"赎","8","11"
"玲","8","11"
"熙","8","11"
"煎","8","11"
"翅","8","10"
"浴","8","10"
"歼","8","10"
"卜","8","10"
"骂","8","9"
"飘","8","9"
"霾","8","9"
"裸","8","9"
"蒲","8","9"
"栗","8","9"
"庸","8","9"
"宕","8","9"
"噩","8","9"
"馈","8","8"
"顷","8","8"
"阱","8","8"
"阐","8","8"
"铢","8","8"
"逸","8","8"
"蹄","8","8"
"藉","8","8"
"芽","8","8"
"胺","8","8"
"肚","8","8"
"矢","8","8"
"睹","8","8"
"瘾","8","8"
"熬","8","8"
"毙","8","8"
"斌","8","8"
"掺","8","8"
"挠","8","8"
"悔","8","8"
"姑","8","8"
"坪","8","8"
"哭","8","8"
"哦","8","8"
"叉","8","8"
"冯","8","8"
"鳗","7","31"
"茅","7","16"
"豚","7","14"
"忡","7","14"
"葱","7","13"
"岌","7","13"
"橄","7","12"
"孜","7","12"
"萝","7","11"
"氟","7","11"
"婆","7","11"
"钓","7","10"
"娅","7","10"
"噪","7","10"
"陵","7","9"
"硝","7","9"
"灶","7","9"
"氪","7","9"
"殿","7","9"
"榨","7","9"
"梵","7","9"
"抄","7","9"
"庇","7","9"
"嘲","7","9"
"霞","7","8"
"酰","7","8"
"酪","7","8"
"袍","7","8"
"窝","7","8"
"牠","7","8"
"焚","7","8"
"棚","7","8"
"札","7","8"
"朔","7","8"
"搏","7","8"
"掷","7","8"
"幌","7","8"
"娘","7","8"
"剖","7","8"
"兜","7","8"
"麽","7","7"
"魁","7","7"
"蛮","7","7"
"胸","7","7"
"肘","7","7"
"碌","7","7"
"琐","7","7"
"煽","7","7"
"朴","7","7"
"曙","7","7"
"斜","7","7"
"擘","7","7"
"揣","7","7"
"懒","7","7"
"懈","7","7"
"悟","7","7"
"悖","7","7"
"悍","7","7"
"徽","7","7"
"宰","7","7"
"婧","7","7"
"啊","7","7"
"匿","7","7"
"匪","7","7"
"铂","6","15"
"硫","6","14"
"鲨","6","13"
"檬","6","12"
"柠","6","12"
"卤","6","12"
"鲑","6","11"
"墓","6","11"
"谎","6","10"
"菠","6","10"
"绒","6","10"
"嗽","6","10"
"鳄","6","9"
"犬","6","9"
"淑","6","9"
"馅","6","8"
"钳","6","8"
"蚊","6","8"
"篷","6","8"
"秦","6","8"
"犀","6","8"
"垣","6","8"
"锈","6","7"
"钯","6","7"
"辰","6","7"
"蝠","6","7"
"蝙","6","7"
"葛","6","7"
"臭","6","7"
"狄","6","7"
"炫","6","7"
"沼","6","7"
"汀","6","7"
"拭","6","7"
"囚","6","7"
"咽","6","7"
"厕","6","7"
"刮","6","7"
"傅","6","7"
"佑","6","7"
"仕","6","7"
"雕","6","6"
"闸","6","6"
"锌","6","6"
"郡","6","6"
"週","6","6"
"迭","6","6"
"踊","6","6"
"觅","6","6"
"蚕","6","6"
"荼","6","6"
"舵","6","6"
"绽","6","6"
"篪","6","6"
"筋","6","6"
"竿","6","6"
"竣","6","6"
"祉","6","6"
"磊","6","6"
"瑙","6","6"
"瑕","6","6"
"牟","6","6"
"濑","6","6"
"澎","6","6"
"渤","6","6"
"浇","6","6"
"椰","6","6"
"暇","6","6"
"晕","6","6"
"撕","6","6"
"扼","6","6"
"慨","6","6"
"恳","6","6"
"怜","6","6"
"寂","6","6"
"孝","6","6"
"奕","6","6"
"坝","6","6"
"哗","6","6"
"叛","6","6"
"僚","6","6"
"丙","6","6"
"柿","5","24"
"眯","5","16"
"叻","5","12"
"陨","5","11"
"莓","5","11"
"胰","5","11"
"骆","5","10"
"烯","5","10"
"鸥","5","9"
"骏","5","9"
"钮","5","9"
"钉","5","9"
"脊","5","9"
"粿","5","9"
"皱","5","9"
"奄","5","9"
"钛","5","8"
"轧","5","8"
"蒜","5","8"
"舫","5","8"
"畔","5","8"
"泸","5","8"
"殡","5","8"
"媛","5","8"
"姬","5","8"
"塚","5","8"
"鳌","5","7"
"蕉","5","7"
"芭","5","7"
"胚","5","7"
"肪","5","7"
"粪","5","7"
"瞻","5","7"
"琉","5","7"
"氚","5","7"
"斐","5","7"
"攘","5","7"
"徙","5","7"
"帘","5","7"
"圭","5","7"
"伞","5","7"
"黛","5","6"
"鸦","5","6"
"鱿","5","6"
"驿","5","6"
"隶","5","6"
"酯","5","6"
"芦","5","6"
"腻","5","6"
"烘","5","6"
"滕","5","6"
"溜","5","6"
"毋","5","6"
"棍","5","6"
"晃","5","6"
"掠","5","6"
"挨","5","6"
"愉","5","6"
"忒","5","6"
"廖","5","6"
"崭","5","6"
"崖","5","6"
"奸","5","6"
"咸","5","6"
"俩","5","6"
"侯","5","6"
"魂","5","5"
"骇","5","5"
"顽","5","5"
"隙","5","5"
"闽","5","5"
"闷","5","5"
"铎","5","5"
"鄱","5","5"
"邸","5","5"
"邰","5","5"
"襟","5","5"
"蓉","5","5"
"菇","5","5"
"羹","5","5"
"绵","5","5"
"绞","5","5"
"绊","5","5"
"窘","5","5"
"稣","5","5"
"祷","5","5"
"矩","5","5"
"疵","5","5"
"玄","5","5"
"猖","5","5"
"燮","5","5"
"炙","5","5"
"湃","5","5"
"渣","5","5"
"渊","5","5"
"汲","5","5"
"汝","5","5"
"毯","5","5"
"橙","5","5"
"梗","5","5"
"栅","5","5"
"栃","5","5"
"杪","5","5"
"暨","5","5"
"晟","5","5"
"撇","5","5"
"摔","5","5"
"掏","5","5"
"挟","5","5"
"扳","5","5"
"扁","5","5"
"戚","5","5"
"慷","5","5"
"愚","5","5"
"怠","5","5"
"弦","5","5"
"嵌","5","5"
"崽","5","5"
"孵","5","5"
"嫦","5","5"
"婪","5","5"
"壬","5","5"
"墅","5","5"
"塘","5","5"
"堀","5","5"
"坷","5","5"
"喧","5","5"
"唾","5","5"
"唤","5","5"
"哨","5","5"
"呛","5","5"
"叮","5","5"
"匮","5","5"
"冶","5","5"
"兀","5","5"
"亟","5","5"
"乾","5","5"
"蛤","4","9"
"驼","4","8"
"蝴","4","8"
"枫","4","8"
"鹦","4","7"
"鹉","4","7"
"鸭","4","7"
"薛","4","7"
"葵","4","7"
"氯","4","7"
"阜","4","6"
"镕","4","6"
"氖","4","6"
"嘛","4","6"
"冥","4","6"
"傻","4","6"
"靴","4","5"
"谊","4","5"
"蚶","4","5"
"荔","4","5"
"苍","4","5"
"膳","4","5"
"糯","4","5"
"筷","4","5"
"笛","4","5"
"穗","4","5"
"磐","4","5"
"碟","4","5"
"睽","4","5"
"泵","4","5"
"枕","4","5"
"昏","4","5"
"復","4","5"
"坤","4","5"
"坑","4","5"
"呵","4","5"
"剃","4","5"
"骄","4","4"
"驭","4","4"
"颓","4","4"
"陌","4","4"
"镝","4","4"
"锯","4","4"
"锤","4","4"
"锣","4","4"
"锚","4","4"
"銮","4","4"
"釜","4","4"
"迦","4","4"
"辜","4","4"
"轭","4","4"
"踵","4","4"
"跋","4","4"
"诠","4","4"
"觑","4","4"
"蜡","4","4"
"蘑","4","4"
"苯","4","4"
"肇","4","4"
"羡","4","4"
"羞","4","4"
"缸","4","4"
"缕","4","4"
"缉","4","4"
"绰","4","4"
"簸","4","4"
"窟","4","4"
"禧","4","4"
"睁","4","4"
"瓣","4","4"
"珂","4","4"
"獗","4","4"
"猝","4","4"
"焕","4","4"
"灼","4","4"
"漆","4","4"
"溉","4","4"
"湄","4","4"
"渺","4","4"
"渝","4","4"
"洼","4","4"
"沁","4","4"
"殴","4","4"
"殆","4","4"
"棱","4","4"
"梶","4","4"
"條","4","4"
"桨","4","4"
"杞","4","4"
"敖","4","4"
"搅","4","4"
"捣","4","4"
"捡","4","4"
"扔","4","4"
"忱","4","4"
"弓","4","4"
"帜","4","4"
"巷","4","4"
"崔","4","4"
"尧","4","4"
"娴","4","4"
"娩","4","4"
"姜","4","4"
"奘","4","4"
"坟","4","4"
"咤","4","4"
"咙","4","4"
"叱","4","4"
"叔","4","4"
"卧","4","4"
"勋","4","4"
"凹","4","4"
"凑","4","4"
"凋","4","4"
"倪","4","4"
"倘","4","4"
"侮","4","4"
"荞","3","10"
"泼","3","8"
"椎","3","8"
"蜊","3","7"
"藻","3","7"
"鲟","3","6"
"镖","3","6"
"疹","3","6"
"捅","3","6"
"哔","3","6"
"兢","3","6"
"髓","3","5"
"颤","3","5"
"钾","3","5"
"衬","3","5"
"蚝","3","5"
"芥","3","5"
"芙","3","5"
"篡","3","5"
"疮","3","5"
"爹","3","5"
"爷","3","5"
"瀑","3","5"
"棺","3","5"
"幢","3","5"
"堺","3","5"
"哩","3","5"
"匆","3","5"
"伺","3","5"
"馒","3","4"
"霏","3","4"
"隈","3","4"
"陀","3","4"
"钕","3","4"
"蹦","3","4"
"赂","3","4"
"豌","3","4"
"袁","3","4"
"蠢","3","4"
"膏","3","4"
"羁","3","4"
"粤","3","4"
"禅","3","4"
"睿","3","4"
"狠","3","4"
"焊","3","4"
"渥","3","4"
"泗","3","4"
"沾","3","4"
"憧","3","4"
"後","3","4"
"娟","3","4"
"姚","3","4"
"墩","3","4"
"侍","3","4"
"鸽","3","3"
"鰤","3","3"
"魄","3","3"
"驯","3","3"
"飚","3","3"
"颊","3","3"
"颂","3","3"
"鞭","3","3"
"雁","3","3"
"陡","3","3"
"阮","3","3"
"阂","3","3"
"镶","3","3"
"镳","3","3"
"钵","3","3"
"钰","3","3"
"钊","3","3"
"鑫","3","3"
"錤","3","3"
"醋","3","3"
"邪","3","3"
"遑","3","3"
"躯","3","3"
"躏","3","3"
"蹒","3","3"
"蹂","3","3"
"跚","3","3"
"趸","3","3"
"赣","3","3"
"贼","3","3"
"谭","3","3"
"谬","3","3"
"谛","3","3"
"诫","3","3"
"讳","3","3"
"裘","3","3"
"蟒","3","3"
"蝗","3","3"
"虞","3","3"
"蓊","3","3"
"菊","3","3"
"莞","3","3"
"荚","3","3"
"茵","3","3"
"膀","3","3"
"腥","3","3"
"腔","3","3"
"肾","3","3"
"肛","3","3"
"肋","3","3"
"聆","3","3"
"耸","3","3"
"翠","3","3"
"缚","3","3"
"绫","3","3"
"绚","3","3"
"绎","3","3"
"纮","3","3"
"糙","3","3"
"粱","3","3"
"粥","3","3"
"粕","3","3"
"篝","3","3"
"筱","3","3"
"竖","3","3"
"稠","3","3"
"稔","3","3"
"祺","3","3"
"碾","3","3"
"矫","3","3"
"睦","3","3"
"眷","3","3"
"盔","3","3"
"發","3","3"
"癫","3","3"
"痫","3","3"
"畴","3","3"
"畏","3","3"
"瓮","3","3"
"璨","3","3"
"璀","3","3"
"牒","3","3"
"爵","3","3"
"爬","3","3"
"煞","3","3"
"焰","3","3"
"烛","3","3"
"烙","3","3"
"炬","3","3"
"漩","3","3"
"溺","3","3"
"淮","3","3"
"淆","3","3"
"涎","3","3"
"泻","3","3"
"泣","3","3"
"沽","3","3"
"沧","3","3"
"歪","3","3"
"樊","3","3"
"槿","3","3"
"梭","3","3"
"梧","3","3"
"昧","3","3"
"敷","3","3"
"攸","3","3"
"攒","3","3"
"掣","3","3"
"捏","3","3"
"捆","3","3"
"拮","3","3"
"懿","3","3"
"惬","3","3"
"悸","3","3"
"悭","3","3"
"恪","3","3"
"恙","3","3"
"弭","3","3"
"廓","3","3"
"岚","3","3"
"岖","3","3"
"岂","3","3"
"屯","3","3"
"寐","3","3"
"媲","3","3"
"妖","3","3"
"夯","3","3"
"報","3","3"
"嘘","3","3"
"喆","3","3"
"喂","3","3"
"唏","3","3"
"厮","3","3"
"劾","3","3"
"凰","3","3"
"凛","3","3"
"凖","3","3"
"僧","3","3"
"倩","3","3"
"倚","3","3"
"佈","3","3"
"鹳","2","8"
"藕","2","8"
"钙","2","5"
"橇","2","5"
"鳝","2","4"
"馏","2","4"
"衫","2","4"
"蜗","2","4"
"膝","2","4"
"粽","2","4"
"瞪","2","4"
"盂","2","4"
"玟","2","4"
"猩","2","4"
"杏","2","4"
"徹","2","4"
"彗","2","4"
"庶","2","4"
"帛","2","4"
"寥","2","4"
"姗","2","4"
"啧","2","4"
"哆","2","4"
"颅","2","3"
"霉","2","3"
"锭","2","3"
"钥","2","3"
"酮","2","3"
"酥","2","3"
"酚","2","3"
"邹","2","3"
"邢","2","3"
"蜥","2","3"
"藩","2","3"
"蓓","2","3"
"腮","2","3"
"耦","2","3"
"翩","2","3"
"缪","2","3"
"笃","2","3"
"稽","2","3"
"盏","2","3"
"盃","2","3"
"猿","2","3"
"狩","2","3"
"犊","2","3"
"煲","2","3"
"焯","2","3"
"焙","2","3"
"漓","2","3"
"涮","2","3"
"汕","2","3"
"橘","2","3"
"楞","2","3"
"梢","2","3"
"柑","2","3"
"暹","2","3"
"晾","2","3"
"恍","2","3"
"彪","2","3"
"彤","2","3"
"寮","2","3"
"婞","2","3"
"婉","2","3"
"塾","2","3"
"咧","2","3"
"呷","2","3"
"呜","2","3"
"吻","2","3"
"卉","2","3"
"匙","2","3"
"凿","2","3"
"俞","2","3"
"鹜","2","2"
"鳟","2","2"
"鳀","2","2"
"鲇","2","2"
"骼","2","2"
"骰","2","2"
"馨","2","2"
"饕","2","2"
"韵","2","2"
"鞍","2","2"
"靶","2","2"
"靖","2","2"
"靓","2","2"
"霆","2","2"
"霄","2","2"
"雯","2","2"
"隘","2","2"
"陲","2","2"
"阙","2","2"
"阎","2","2"
"關","2","2"
"镰","2","2"
"镬","2","2"
"镌","2","2"
"锺","2","2"
"锉","2","2"
"铵","2","2"
"铰","2","2"
"铟","2","2"
"铉","2","2"
"钧","2","2"
"钝","2","2"
"钚","2","2"
"酶","2","2"
"邵","2","2"
"邂","2","2"
"這","2","2"
"逅","2","2"
"辍","2","2"
"躁","2","2"
"蹿","2","2"
"蹲","2","2"
"贻","2","2"
"贱","2","2"
"谦","2","2"
"谤","2","2"
"诽","2","2"
"诧","2","2"
"诟","2","2"
"讚","2","2"
"訪","2","2"
"褶","2","2"
"褪","2","2"
"褒","2","2"
"製","2","2"
"袱","2","2"
"袂","2","2"
"蜕","2","2"
"蛙","2","2"
"蓥","2","2"
"萩","2","2"
"萤","2","2"
"茜","2","2"
"芋","2","2"
"舜","2","2"
"肮","2","2"
"聿","2","2"
"耻","2","2"
"耍","2","2"
"耋","2","2"
"耄","2","2"
"翘","2","2"
"缭","2","2"
"缤","2","2"
"缀","2","2"
"绸","2","2"
"绷","2","2"
"绣","2","2"
"纱","2","2"
"纭","2","2"
"紊","2","2"
"篑","2","2"
"笨","2","2"
"笠","2","2"
"窿","2","2"
"窖","2","2"
"窒","2","2"
"禄","2","2"
"祐","2","2"
"祀","2","2"
"砾","2","2"
"砲","2","2"
"砝","2","2"
"矽","2","2"
"睬","2","2"
"癸","2","2"
"痍","2","2"
"甫","2","2"
"瑛","2","2"
"琰","2","2"
"琦","2","2"
"琥","2","2"
"狈","2","2"
"狀","2","2"
"牡","2","2"
"熨","2","2"
"熏","2","2"
"熄","2","2"
"煇","2","2"
"烫","2","2"
"烁","2","2"
"炽","2","2"
"炳","2","2"
"灿","2","2"
"澡","2","2"
"潭","2","2"
"漱","2","2"
"漪","2","2"
"滂","2","2"
"溅","2","2"
"湛","2","2"
"渲","2","2"
"涤","2","2"
"涟","2","2"
"浑","2","2"
"浊","2","2"
"洱","2","2"
"洒","2","2"
"洄","2","2"
"況","2","2"
"沱","2","2"
"沛","2","2"
"沓","2","2"
"汐","2","2"
"殷","2","2"
"殃","2","2"
"榷","2","2"
"榔","2","2"
"楠","2","2"
"桦","2","2"
"桐","2","2"
"柩","2","2"
"柒","2","2"
"柄","2","2"
"枉","2","2"
"杖","2","2"
"朽","2","2"
"暌","2","2"
"暄","2","2"
"晦","2","2"
"晖","2","2"
"昼","2","2"
"昕","2","2"
"於","2","2"
"斧","2","2"
"斡","2","2"
"敝","2","2"
"攫","2","2"
"撮","2","2"
"撬","2","2"
"摒","2","2"
"掴","2","2"
"捎","2","2"
"捂","2","2"
"挚","2","2"
"拽","2","2"
"拙","2","2"
"拌","2","2"
"拄","2","2"
"拂","2","2"
"扛","2","2"
"扒","2","2"
"戳","2","2"
"戟","2","2"
"憬","2","2"
"憋","2","2"
"慜","2","2"
"愧","2","2"
"惫","2","2"
"惋","2","2"
"悚","2","2"
"恬","2","2"
"恫","2","2"
"怦","2","2"
"忑","2","2"
"忐","2","2"
"忏","2","2"
"弩","2","2"
"巍","2","2"
"岔","2","2"
"孢","2","2"
"妒","2","2"
"妄","2","2"
"妃","2","2"
"奴","2","2"
"奧","2","2"
"壶","2","2"
"堃","2","2"
"埕","2","2"
"圩","2","2"
"嚼","2","2"
"嚣","2","2"
"噬","2","2"
"嗣","2","2"
"喔","2","2"
"啓","2","2"
"唇","2","2"
"哮","2","2"
"咋","2","2"
"咀","2","2"
"呐","2","2"
"叕","2","2"
"叒","2","2"
"匀","2","2"
"剿","2","2"
"冀","2","2"
"俯","2","2"
"俨","2","2"
"俘","2","2"
"俑","2","2"
"來","2","2"
"侃","2","2"
"佬","2","2"
"仆","2","2"
"亵","2","2"
"亩","2","2"
"滇","1","4"
"榕","1","4"
"朥","1","4"
"鲱","1","3"
"雹","1","3"
"锕","1","3"
"芡","1","3"
"脞","1","3"
"羚","1","3"
"笹","1","3"
"痔","1","3"
"狲","1","3"
"焗","1","3"
"氦","1","3"
"桧","1","3"
"會","1","3"
"嫣","1","3"
"咪","1","3"
"鲷","1","2"
"鲔","1","2"
"鬣","1","2"
"颱","1","2"
"镯","1","2"
"铮","1","2"
"铌","1","2"
"鄂","1","2"
"邡","1","2"
"邑","1","2"
"襄","1","2"
"處","1","2"
"葫","1","2"
"荳","1","2"
"苒","1","2"
"腩","1","2"
"腋","1","2"
"脷","1","2"
"胳","1","2"
"缨","1","2"
"睾","1","2"
"眈","1","2"
"疱","1","2"
"疤","1","2"
"璞","1","2"
"瑜","1","2"
"狸","1","2"
"狐","1","2"
"熠","1","2"
"潺","1","2"
"漉","1","2"
"滔","1","2"
"毂","1","2"
"晸","1","2"
"斓","1","2"
"揾","1","2"
"惺","1","2"
"惚","1","2"
"恹","1","2"
"強","1","2"
"娓","1","2"
"喳","1","2"
"喋","1","2"
"哺","1","2"
"咄","1","2"
"呱","1","2"
"呗","1","2"
"叽","1","2"
"叼","1","2"
"劵","1","2"
"冢","1","2"
"傣","1","2"
"俐","1","2"
"佼","1","2"
"乖","1","2"
"黝","1","1"
"黜","1","1"
"黏","1","1"
"麥","1","1"
"麓","1","1"
"鹘","1","1"
"鹊","1","1"
"鸢","1","1"
"鸠","1","1"
"鳞","1","1"
"鲣","1","1"
"魇","1","1"
"鬆","1","1"
"髯","1","1"
"髦","1","1"
"體","1","1"
"骡","1","1"
"骞","1","1"
"骋","1","1"
"骊","1","1"
"骅","1","1"
"骁","1","1"
"馥","1","1"
"馋","1","1"
"馄","1","1"
"馁","1","1"
"饨","1","1"
"餸","1","1"
"飆","1","1"
"顼","1","1"
"韶","1","1"
"韭","1","1"
"鞄","1","1"
"靛","1","1"
"霓","1","1"
"離","1","1"
"雏","1","1"
"隻","1","1"
"陞","1","1"
"陛","1","1"
"阖","1","1"
"阆","1","1"
"阀","1","1"
"闵","1","1"
"闫","1","1"
"闢","1","1"
"镭","1","1"
"镊","1","1"
"镁","1","1"
"锵","1","1"
"锗","1","1"
"锏","1","1"
"铿","1","1"
"铸","1","1"
"铲","1","1"
"铱","1","1"
"铑","1","1"
"铈","1","1"
"钲","1","1"
"钒","1","1"
"钍","1","1"
"钌","1","1"
"鐵","1","1"
"鏈","1","1"
"鍵","1","1"
"錦","1","1"
"酗","1","1"
"郏","1","1"
"邝","1","1"
"遽","1","1"
"遁","1","1"
"逞","1","1"
"逍","1","1"
"迥","1","1"
"迂","1","1"
"辦","1","1"
"辗","1","1"
"辄","1","1"
"轶","1","1"
"車","1","1"
"蹶","1","1"
"蹰","1","1"
"蹭","1","1"
"蹟","1","1"
"踟","1","1"
"踞","1","1"
"跺","1","1"
"跪","1","1"
"跛","1","1"
"趾","1","1"
"赝","1","1"
"赘","1","1"
"赊","1","1"
"赈","1","1"
"贮","1","1"
"資","1","1"
"豉","1","1"
"谩","1","1"
"谧","1","1"
"谚","1","1"
"谙","1","1"
"谘","1","1"
"诬","1","1"
"诩","1","1"
"诣","1","1"
"诏","1","1"
"诋","1","1"
"诅","1","1"
"讷","1","1"
"讣","1","1"
"議","1","1"
"譬","1","1"
"說","1","1"
"詝","1","1"
"註","1","1"
"託","1","1"
"訊","1","1"
"計","1","1"
"視","1","1"
"褐","1","1"
"裾","1","1"
"裨","1","1"
"裡","1","1"
"裟","1","1"
"袤","1","1"
"袜","1","1"
"袒","1","1"
"袈","1","1"
"袅","1","1"
"蟑","1","1"
"蟋","1","1"
"蟀","1","1"
"螂","1","1"
"蝎","1","1"
"蝇","1","1"
"蜻","1","1"
"蜓","1","1"
"蛳","1","1"
"蛎","1","1"
"虱","1","1"
"虔","1","1"
"藐","1","1"
"蔻","1","1"
"蔗","1","1"
"蔑","1","1"
"蒨","1","1"
"蒗","1","1"
"萍","1","1"
"莽","1","1"
"莆","1","1"
"荫","1","1"
"荠","1","1"
"荟","1","1"
"茹","1","1"
"茧","1","1"
"茁","1","1"
"苓","1","1"
"苑","1","1"
"芹","1","1"
"芮","1","1"
"艮","1","1"
"舷","1","1"
"舔","1","1"
"與","1","1"
"臆","1","1"
"膛","1","1"
"腱","1","1"
"腌","1","1"
"腈","1","1"
"脾","1","1"
"脖","1","1"
"脐","1","1"
"脇","1","1"
"胱","1","1"
"胪","1","1"
"聯","1","1"
"聞","1","1"
"聂","1","1"
"耽","1","1"
"耘","1","1"
"耆","1","1"
"翡","1","1"
"羨","1","1"
"羔","1","1"
"罔","1","1"
"缬","1","1"
"缣","1","1"
"缛","1","1"
"缇","1","1"
"缄","1","1"
"绯","1","1"
"绮","1","1"
"绌","1","1"
"繫","1","1"
"繕","1","1"
"總","1","1"
"綸","1","1"
"維","1","1"
"經","1","1"
"綑","1","1"
"統","1","1"
"絮","1","1"
"紅","1","1"
"糜","1","1"
"糗","1","1"
"糅","1","1"
"粛","1","1"
"籤","1","1"
"簧","1","1"
"箝","1","1"
"箔","1","1"
"箍","1","1"
"筵","1","1"
"笺","1","1"
"笋","1","1"
"窪","1","1"
"窜","1","1"
"窑","1","1"
"窍","1","1"
"稱","1","1"
"稚","1","1"
"稙","1","1"
"秧","1","1"
"秣","1","1"
"禺","1","1"
"禹","1","1"
"禀","1","1"
"祯","1","1"
"祠","1","1"
"祛","1","1"
"確","1","1"
"砷","1","1"
"砰","1","1"
"砥","1","1"
"砌","1","1"
"矮","1","1"
"矗","1","1"
"瞳","1","1"
"眺","1","1"
"眶","1","1"
"眩","1","1"
"盹","1","1"
"盥","1","1"
"盅","1","1"
"皲","1","1"
"皓","1","1"
"瘪","1","1"
"瘠","1","1"
"瘁","1","1"
"瘀","1","1"
"痹","1","1"
"痉","1","1"
"疴","1","1"
"疣","1","1"
"疚","1","1"
"畸","1","1"
"當","1","1"
"甯","1","1"
"甭","1","1"
"甦","1","1"
"甄","1","1"
"瓴","1","1"
"瓢","1","1"
"瑾","1","1"
"瑶","1","1"
"琶","1","1"
"琵","1","1"
"琨","1","1"
"琅","1","1"
"現","1","1"
"珮","1","1"
"珑","1","1"
"玮","1","1"
"獠","1","1"
"猾","1","1"
"猶","1","1"
"猥","1","1"
"猕","1","1"
"狡","1","1"
"狙","1","1"
"犸","1","1"
"犁","1","1"
"牦","1","1"
"牍","1","1"
"爲","1","1"
"爭","1","1"
"烽","1","1"
"烬","1","1"
"烊","1","1"
"炜","1","1"
"灣","1","1"
"瀛","1","1"
"潢","1","1"
"潔","1","1"
"潇","1","1"
"漳","1","1"
"滢","1","1"
"滝","1","1"
"滙","1","1"
"湘","1","1"
"渼","1","1"
"渎","1","1"
"渍","1","1"
"渋","1","1"
"淫","1","1"
"淤","1","1"
"淄","1","1"
"涕","1","1"
"浣","1","1"
"浚","1","1"
"泾","1","1"
"泓","1","1"
"泌","1","1"
"沖","1","1"
"沒","1","1"
"沐","1","1"
"汾","1","1"
"決","1","1"
"汞","1","1"
"汙","1","1"
"氰","1","1"
"氣","1","1"
"氙","1","1"
"殒","1","1"
"殉","1","1"
"殇","1","1"
"歐","1","1"
"歆","1","1"
"檐","1","1"
"檎","1","1"
"橱","1","1"
"橋","1","1"
"樋","1","1"
"榻","1","1"
"榆","1","1"
"楽","1","1"
"楷","1","1"
"楯","1","1"
"椭","1","1"
"椐","1","1"
"椋","1","1"
"桔","1","1"
"桉","1","1"
"栢","1","1"
"栉","1","1"
"栈","1","1"
"柚","1","1"
"枣","1","1"
"枞","1","1"
"東","1","1"
"曳","1","1"
"曰","1","1"
"晏","1","1"
"旳","1","1"
"據","1","1"
"摈","1","1"
"搀","1","1"
"揺","1","1"
"揪","1","1"
"揖","1","1"
"掬","1","1"
"掖","1","1"
"捲","1","1"
"捩","1","1"
"捨","1","1"
"捋","1","1"
"挞","1","1"
"挛","1","1"
"拷","1","1"
"拴","1","1"
"拣","1","1"
"拚","1","1"
"拗","1","1"
"抠","1","1"
"扪","1","1"
"戛","1","1"
"戍","1","1"
"戊","1","1"
"懵","1","1"
"懑","1","1"
"懊","1","1"
"應","1","1"
"憩","1","1"
"憨","1","1"
"憔","1","1"
"憎","1","1"
"惶","1","1"
"惰","1","1"
"惦","1","1"
"惇","1","1"
"悴","1","1"
"恺","1","1"
"恭","1","1"
"恣","1","1"
"恕","1","1"
"恃","1","1"
"怼","1","1"
"怆","1","1"
"怂","1","1"
"忾","1","1"
"從","1","1"
"徕","1","1"
"彬","1","1"
"彝","1","1"
"庵","1","1"
"幹","1","1"
"幂","1","1"
"帼","1","1"
"帧","1","1"
"嶋","1","1"
"峯","1","1"
"岭","1","1"
"屹","1","1"
"屑","1","1"
"屁","1","1"
"導","1","1"
"將","1","1"
"寰","1","1"
"寞","1","1"
"寇","1","1"
"孀","1","1"
"嬉","1","1"
"嫖","1","1"
"嫉","1","1"
"嫂","1","1"
"媚","1","1"
"婿","1","1"
"婷","1","1"
"娣","1","1"
"娠","1","1"
"姣","1","1"
"姝","1","1"
"妓","1","1"
"妍","1","1"
"妊","1","1"
"奚","1","1"
"夭","1","1"
"夥","1","1"
"壹","1","1"
"墟","1","1"
"堰","1","1"
"垦","1","1"
"圜","1","1"
"國","1","1"
"圄","1","1"
"囹","1","1"
"囝","1","1"
"嚴","1","1"
"嚏","1","1"
"噤","1","1"
"嘱","1","1"
"嘈","1","1"
"嗯","1","1"
"嗝","1","1"
"嗓","1","1"
"嗑","1","1"
"喙","1","1"
"喇","1","1"
"啼","1","1"
"啬","1","1"
"啥","1","1"
"唳","1","1"
"唁","1","1"
"哽","1","1"
"哎","1","1"
"哄","1","1"
"咯","1","1"
"咫","1","1"
"咚","1","1"
"咆","1","1"
"呀","1","1"
"吵","1","1"
"吟","1","1"
"吝","1","1"
"叵","1","1"
"叁","1","1"
"厠","1","1"
"卺","1","1"
"匣","1","1"
"匡","1","1"
"匕","1","1"
"勺","1","1"
"動","1","1"
"劼","1","1"
"劈","1","1"
"劃","1","1"
"刍","1","1"
"冽","1","1"
"冤","1","1"
"冗","1","1"
"兮","1","1"
"內","1","1"
"儒","1","1"
"儋","1","1"
"僱","1","1"
"備","1","1"
"偻","1","1"
"個","1","1"
"俾","1","1"
"俵","1","1"
"俳","1","1"
"俭","1","1"
"俪","1","1"
"俚","1","1"
"侬","1","1"
"侪","1","1"
"侥","1","1"
"侏","1","1"
"侄","1","1"
"佰","1","1"
"佝","1","1"
"伉","1","1"
"仨","1","1"
"仞","1","1"
"亢","1","1"
"亘","1","1"
"乞","1","1"
"丟","1","1"
