"2021-08-25","1430470490343153667","zaobaosg","RT @zaobaosg: 去年暴发的冠病疫情，加剧了国人的心理健康问题，自杀案例比2019年高出13%。为了应对疫情对不同群体造成的心理影响，新成立的心理健康跨部门工作小组列出了三个主要工作方针：一是制订全国心理健康战略，二是汇集现有的心理健康资讯，三是制订全国心理健康能力培…"
"2021-08-24","1430069829248057350","rijingzhongwen","RT @rijingzhongwen: 【机械硬盘价格时隔2年上涨，受半导体短缺影响】机械硬盘（HDD）的指标产品的7～9月价格比4～6月上涨约5％。由于全球半导体短缺，零部件的采购价格上涨，机械硬盘厂商将成本增加转嫁到价格上。个人电脑等的需求增加也成为推动因素…… https…"
"2021-08-21","1429154778483884037","bbcchinese","RT @bbcchinese: 瓦罕走廊到底重要性何在？为何说中国对阿富汗的影响与这条走廊密切相关？
"2021-08-21","1429016431425843203","ChineseWSJ","RT @ChineseWSJ: 英特尔CEO基辛格表示，他计划利用并购来支持英特尔的复兴计划。他表示芯片制造行业已在经历一场旷日持久的重塑：10到15年前，有十几家公司在发展尖端技术，而如今只剩下三家，因为这是一个资本和研发密集程度极高的行业，而且这些影响正在持续。
"2021-08-19","1428237381690302470","ChineseWSJ","RT @ChineseWSJ: #股闻天下 GoPro自去年披露用户数据以来，其股价已经翻了一番。不断增长的服务业务帮助GoPro提升销售摆脱了疫情影响，但这也为该公司下一个发布周期设定了很高的标准。
这位印度少女家境贫穷，只能随家人露宿街头，却凭努力考进一流学校。但受疫情影响，她无法到校上课，只能在嘈杂的街边，透过电脑听老师讲课。
"2021-08-18","1427914144452276224","rijingzhongwen","RT @rijingzhongwen: 【资金流入国债和黄金避险】疫情让中美的经济复苏势头笼罩阴影，阿富汗风险产也生影响，原油价格暴跌。一方面，纽约市场的黄金期货上涨，16日涨至1790美元/盎司。资金出现避险趋势，有专家指出“企业信心和消费者信心都在迅速下降”……https:…"
"2021-08-18","1427913574379180032","FTChinese","RT @FTChinese: #付费精选 【阿富汗局势坐实“后美国世界”】拉赫曼：喀布尔再度落入塔利班之手将终结美国在阿富汗的影响力，而中国将欢迎“后美国世界”来临的进一步证据。https://t.co/ZrJRuZD0nR https://t.co/d7BZkl6JHO"
"2021-08-16","1427346979277852672","ChineseWSJ","RT @ChineseWSJ: 受极端天气以及高传染性德尔塔变异毒株在国内多地传播影响，7月份中国经济放缓程度超出预期，给疫情首次暴发一年多后已趋于平稳的经济复苏再添压力。澳新银行在数据发布后将其对中国全年GDP增长预期从8.8%下调至8.3%。https://t.co/hmu…"
"2021-08-15","1426973784381165569","bbcchinese","RT @bbcchinese: 从北美热浪，德国暴洪，河南大水，到美国和希腊的森林大火。气候变化正以不同方式影响着世界各地人们的日常生活。
"2021-08-15","1426768709364817925","zaobaosg","RT @zaobaosg: 现在距离美国九一一恐怖袭击20周年纪念日不到一个月。根据美国国土安全部周五（13日）发布的“全国恐怖主义咨询系统”公告，美国正面临“威胁加剧的环境”，这威胁来自国内恐怖分子，“以及受外国恐怖分子与其他恶意外国影响启发或煽动的人”。
"2021-08-14","1426360474262638596","zaobaosg","RT @zaobaosg: 全球力挺公司税收改革虽对新加坡可能不利，但在新加坡投资和设立区域总部的跨国企业更看重新加坡在非税务方面的条件，特别是经商便利性和高技能人才。有学者认为，只要公司税率保持在15％，对新加坡的不利影响有限。
"2021-08-13","1426100782269558785","zaobaosg","RT @zaobaosg: 中国字节跳动旗下的短视频分享应用TikTok周四宣布，对青少年进行更严格的隐私保护控制，寻求解决关于未能保护儿童免受隐藏广告和不当内容影响的批评。
"2021-08-13","1426088842050740230","ChineseWSJ","RT @ChineseWSJ: 国际能源署(IEA)称，从迅速蔓延的新冠德尔塔毒株疫情及其对全球经济的影响来看，今年全球石油需求量将低于之前预期。不过IEA表示，今年第四季度全球石油市场仍有可能出现轻微供应短缺。
"2021-08-13","1426231753509797888","ChineseWSJ","RT @ChineseWSJ: 说到担心好莱坞对流媒体的关注会影响其薪酬的电影明星，斯嘉丽·约翰逊并不是唯一的一个。她只是公开表达不满的那一个。
"2021-08-12","1425684231741603844","ChineseWSJ","RT @ChineseWSJ: #股闻天下 星佳将业绩增速放缓归咎于人们拥有更多休闲方式而导致的游戏活动减少，以及调整过后的苹果iOS平台对其广告定投的影响。华尔街仍然非常看好它，但该公司仍需要证明它能在苹果公司带来的冲击下生存，才能继续获得投资者的支持。https://t.c…"
"2021-08-12","1425894283513679880","ChineseWSJ","RT @ChineseWSJ: #股闻天下 对于游戏开发平台Unity来说，成功应对苹果移动生态系统各项变化的能力被证明是有回报的。本应受到苹果默认关闭广告识别符(IDFA)影响的部门业务实际上实现了增长， 但不是每个人都能在自己的游戏中打败苹果公司。 https://t.co…"
"2021-08-12","1425894986957000704","bbcchinese","RT @bbcchinese: 谷歌已开发了一个薪酬计算器，让员工了解远程工作或移动办公室带来的影响。一些选择远程办公的员工，特别是那些通勤时间长的员工，可能在地址不变的情况下被减薪。
"2021-08-10","1425179809039020033","ChineseWSJ","RT @ChineseWSJ: 如果俄罗斯主要国防企业集团Rostec能使轻型隐形战机Checkmate成功实现首飞，该款战机将可与洛克希德-马丁公司的F-35展开竞争，并起到制衡美国战略影响力的作用。
"2021-08-07","1423914153014484992","ChineseWSJ","RT @ChineseWSJ: 亚马逊周四表示，已将员工重返办公室的时间至少推迟到明年1月3日。这家在线零售巨头此前曾将恢复办公室办公的时间定在9月初。这一决定将影响该公司在美国和其他国家的上班族。https://t.co/uqrFdxQ7Ih"
"2021-08-06","1423539696940949506","rijingzhongwen","RT @rijingzhongwen: 【日本夏季奖金创雷曼危机来最大降幅】18个行业的159家日本企业的平均约定金额为82万6647日元（约合人民币4万8606元），比2020年夏减少8.27％，作为夏季奖金连续3年减少。受疫情影响，日本广泛行业的奖金下降……https://…"
"2021-08-05","1423185416862146562","rijingzhongwen","RT @rijingzhongwen: 【7月中国新车销量：本田、日产下滑2成】本田和日产均为连续3个月下滑。半导体短缺对生产造成影响。丰田时隔1个月转增……https://t.co/ETs5QkNTvx https://t.co/61BOx96bVj"
"2021-08-05","1423185034643591169","rijingzhongwen","RT @rijingzhongwen: 【缺芯风险难料 丰田面临产品短缺隐忧】丰田在美国每月的库存周转率通常为35～40％，但最近提高至80％。强劲的销售可能受到影响，原因是“美国顾客大部分在门店的停车场看车选车，没有库存根本没法谈”……https://t.co/pexlh6e…"
"2021-08-04","1423014211584618496","rijingzhongwen","RT @rijingzhongwen: 【丰田4~6月净利润创新高】丰田4~6月净利润达到8978亿日元，是上年同期的5.7倍。北美、中国和日本等世界主要市场的销量增加，半导体短缺的影响也相对有限。丰田1家企业的净利润就占到日本所有上市制造业企业的1成以上……https://t…"
"2021-08-02","1422117793281937411","rijingzhongwen","RT @rijingzhongwen: 【日本男女平均寿命均创新高，女性世界第一】2020年日本人的平均寿命男性为81.64岁，女性为87.74岁，男性连续9年、女性连续8年创出历史新高，男性排世界第2。受疫情的影响，日本男性平均寿命缩短0.03岁，女性缩短0.02岁。男性排名…"
"2021-08-02","1422113188426878976","bbcchinese","RT @bbcchinese: 高温天气是如何影响我们身体的？你需要了解哪些知识和信息呢？♨️♨️
"2021-08-01","1421940129803882498","zaobaosg","RT @zaobaosg: 过去一年半，许多恋情都跟疫情一样处于“高警戒”阶段！不少情侣受阻断措施影响，见面的时间比以前少，缺乏高质量的沟通下，更容易出现看法分歧的问题。
"2021-07-31","1421340687480463362","ChineseWSJ","RT @ChineseWSJ: #股闻天下 三星电子本身对前景仍然乐观。新智能手机的发布以及5G的更广泛铺开或令内存需求保持旺盛，其代工业务可能会吸引更多投资者关注。潜在的收购也可能产生正面影响。无论内存芯片繁荣是否正在周期性见顶，三星电子似乎已经为未来做好了准备。 https…"
"2021-07-30","1420999959432687624","rijingzhongwen","RT @rijingzhongwen: 【日本单日新增感染首超1万人】在7月28日超过9000人，29日首次超过1万人，连续两天创出新高。东京都和神奈川县的新增感染人数分别为3865人和1164人，双双创出新高，被认为受到印度型（德尔塔）变异病毒的影响……https://t.c…"
"2021-07-29","1420626937551081475","rijingzhongwen","RT @rijingzhongwen: 【全球“缺芯潮”消退或推迟至2022年后】苹果也在7月27日称iPhone的生产将受到影响。急于确保供货量的企业的重复下单让问题变得更加复杂。半导体行业过去一直重复积极投资和行情恶化的经历。很难说此次不会重蹈覆辙…… https://t.…"
"2021-07-29","1420625587324866562","ChineseWSJ","RT @ChineseWSJ: 苹果公司和特斯拉即将感受到全球微处理器供应严重短缺的影响，这意味着，即使是最大、供应链最给力的企业也无法永远避开这场芯片危机。苹果公司警告说，在截至9月的第四财季，供应链方面的制约将波及iPhone业务。 https://t.co/P4U4JOS…"
"2021-07-28","1420265584592257026","rijingzhongwen","RT @rijingzhongwen: 【疫苗左右经济，IMF上调美欧增长预期】由于疫苗普及迟缓和财务实力较弱，新兴和发展中国家的2021年增长率比上次预测降低0.4个百分点至6.3％。预测中国增长8.1％。印度实现约9％的高增长，但由于疫情扩大的影响，与上次相比大幅下调3.0…"
"2021-07-28","1420183384169467904","ChineseWSJ","RT @ChineseWSJ: IMF称，尽管面临新冠病毒变异株的挑战，但发达经济体的经济前景在改善，这些经济体近40%的人口已接种疫苗。与此同时，疫苗接种率比发达经济体低得多的新兴和发展中经济体更容易受到未来更多波新冠疫情和相关经济影响的冲击。
"2021-07-28","1420487338883305472","bbcchinese","RT @bbcchinese: 环保专家指出，英式早餐对气候变化的影响可是不小。据介绍，吃一顿传统英式早餐所产生的碳排放相当于一辆普通汽车行驶约11公里的碳足迹。
"2021-07-26","1419523304747003907","rijingzhongwen","RT @rijingzhongwen: 【日产郑州工厂复工】受暴雨影响，日产在河南郑州的合资工厂7月21日起停工，据称已于7月23日中午之前复工。日产在郑州市运营与东风汽车集团合资的东风日产的工厂，生产SUV“奇骏(X-Trail)”等车型…… https://t.co/ZX5…"
"2021-07-25","1419150092737474567","rijingzhongwen","RT @rijingzhongwen: 【台风逼近日本，或影响奥运比赛】8号台风预计27日前后逼近日本北部～日本东部，有可能导致大风暴雨等恶劣天气。预定7月26日在东京江东区海之森水上竞技场举行的东京奥运会赛艇项目已决定提前比赛日程，其他比赛也可能调整日程……https://t…"
"2021-07-24","1418815956416139271","zaobaosg","RT @zaobaosg: 以色列卫生部最新发布的数据显示，受变异冠病病毒德尔塔毒株的影响，辉瑞疫苗在以色列预防冠病感染的有效率降至39%。不过，这疫苗预防感染者发展到入院治疗的有效率为88%，预防重症有效率为91.4%。
"2021-07-22","1418092614759325696","bbcchinese","RT @bbcchinese: 世界主要产油国均已同意增加产量，以应对原油需求续渐上升。这样对石油价格有什么影响？
"2021-07-22","1418091885101412353","ChineseWSJ","RT @ChineseWSJ: 富士康郑州厂区受到河南严重洪灾的影响，据当地工厂员工说，该组装基地的部分地区出现积水，发生临时停电情况，许多工人因此被迫放假。
"2021-07-21","1417719124164112385","rijingzhongwen","RT @rijingzhongwen: 【1~6月全球新车销量比2019年减少6％】36个主要国家和地区1~6月新车销量为3936万辆，同比增长3成，但受半导体短缺影响，比19年同期有所减少。中国1~6月销量为1289万辆，与19年相比增长5%，6月新能源车的比例达到14%………"
"2021-07-21","1417723831184072710","dw_chinese","RT @dw_chinese: 中国郑州出现罕见持续强降水，造成郑州市铁路、公路及民航交通受到严重影响。目前已有10万人紧急避难，洪水造成市区12人死亡。 https://t.co/xqIVHrwdoK"
"2021-07-15","1415822498734686208","dw_chinese","RT @dw_chinese: 中国经济今年第二季度增长，略低于预期。原材料价格的上涨、多处新冠疫情区域爆发都影响到经济继续恢复，业界人士期待有更多的政策助力经济复苏。
"2021-07-14","1415184212228026370","rijingzhongwen","RT @rijingzhongwen: 【美国制造再挑战（下）政治分裂影响招商】在美国威斯康星州的广阔草原上，与周围格格不入的球形建筑物映入眼帘，那是鸿海的美国基地。动工仪式已过去3年，本应投入100亿美元、雇用1.3万人的巨大工厂仍不见踪影……https://t.co/fIJ…"
"2021-07-14","1415168929157242880","rijingzhongwen","RT @rijingzhongwen: 【东宝季度净利润增至上年31倍】在EVA剧场版等的拉动下，3~5月东宝的净利润达到66亿日元，约为上年同期的31倍，松竹的亏损额缩小至上年的一半以下，两家电影公司的业绩均有所改善。不过，第4次紧急宣言可能会产生影响…… https://t…"
"2021-07-14","1415324885233045510","FTChinese","RT @FTChinese: 【视频：埃隆·马斯克：圣人还是罪人?（特斯拉篇）】埃隆·马斯克在电动汽车和碳捕获领域所做的贡献，能否超过他在加密货币和火箭排放方面所致的环境影响？https://t.co/sZmZsSobUa https://t.co/4DVRanzC5n"
"2021-07-14","1415318454136156166","zaobaosg","RT @zaobaosg: 杨丹旭：中国多地近期发出的紧急通告显示，未接种冠病疫苗的人员，在一些地方，日常出行将受影响。这包括医院、学校、车站、超市等。推进疫苗接种是对各地治理能力的一场考验，出发点都是防疫。但地方官员把推进疫苗接种当成政治任务，用粗暴的方式强推接种反而让人产生…"
"2021-07-13","1414809917504909314","bbcchinese","RT @bbcchinese: 两种中国疫苗均在低收入及中等收入国家普遍使用，因此可能会带来巨大影响。现在坊间对中国疫苗的质疑声音是否有道理？使用这些疫苗的国家政府，可以如何保护其国民？
"2021-07-13","1414816689942929410","rijingzhongwen","RT @rijingzhongwen: 【链接——日本医药原料要回归，成本是中国5倍】对于抗生素等一旦缺货会对医疗造成巨大影响的品类，日本企业开始将生产迁回国内。日本厚生劳动省的统计显示，仿制药原材料工厂的6成位于海外，中国约14％……https://t.co/Ibcr8lnf…"
"2021-07-11","1414322966934982665","dw_chinese","RT @dw_chinese: 中国机械制造业如何赶超了德国？德国还有没有机会重新将第一的头衔抢回来？《经济周刊》对此进行了分析。《图片报》发出警告，德国需改变对华政策，保护本土核心部门，不要让关键领域受到中国和俄罗斯的影响。https://t.co/IYsRGmJOlS"
"2021-07-11","1414212158133571585","bbcchinese","RT @bbcchinese: 黎巴嫩陷能源危机，当地居民每天只有两小时供电，需要依靠医学电子仪器的病人随时会受影响。BBC阿拉伯语记者追查燃料运送的文件，尝试找出引发能源危机的原因。 https://t.co/O7JL5HJW74"
"2021-07-09","1413384420510158850","ChineseWSJ","RT @ChineseWSJ: #股闻天下 几周后，广告巨头Facebook和谷歌母公司Alphabet将发布的第二财政季度业绩可能表明，苹果公司调整iOS隐私政策带来的影响并没有听起来那么可怕。但投资者不应掉以轻心：大部分的影响可能还在后面。
"2021-07-09","1413382454195331079","bbcchinese","RT @bbcchinese: 有女性表示接种新冠疫苗后，月经出现异常。这种现象常见吗？接种新冠疫苗会如何影响你的月经？BBC 请来生殖免疫学家为大家解惑。 https://t.co/mhNWQy3grG"
"2021-07-07","1412800555345350664","bbcchinese","RT @bbcchinese: 我们的身体健康和精神健康是相互交织的，当其中之一受到打击时，另一个也会受到影响。
"2021-07-07","1412672174410768385","FTChinese","RT @FTChinese: 【美联储实验平均通胀目标，各国会跟风吗？】李永宁、温建东：美联储试验的平均通货膨胀目标制，对各国央行修正货币政策框架有重大影响；各国是否会取经美联储呢？https://t.co/6DLJB3jw3n https://t.co/sgqS3fjrp5"
"2021-07-06","1412254148519546883","rijingzhongwen","RT @rijingzhongwen: 【滴滴被查或对日本软银集团经营构成影响】软银集团通过旗下的“愿景基金”，向滴滴累计投资了逾100亿美元，是滴滴的最大股东。在7月5日的东京股票市场，软银集团股票从早盘起遭到抛售……https://t.co/UVrQ4fP2E0 https…"
"2021-07-04","1411482661885911044","dw_chinese","RT @dw_chinese: 海运延误给多个行业，尤其是提前囤货，准备年底圣诞购物季的行业带来影响
专家指出，导致这座40年楼龄的楼宇倒塌的可能理由有多种，包括环境影响到结构问题。
"2021-07-01","1410499776395694080","FTChinese","RT @FTChinese: 【德国“新冠一代”年轻人躺平了吗？】张冬方：新冠疫情对18岁至30岁之间的年轻人影响尤其深远。因为疫情，他们和工作与生活上的重要机会失之交臂，从而不得不对人生重新定位。https://t.co/0l19vOBDyA https://t.co/gx0…"
同时，近期多家机构把对中国全年GDP增速的预测下调至9%以下，理由包括原材料价格上涨对生产造成影响以及消费弱于预期。
"2021-06-29","1409741473944260615","rijingzhongwen","RT @rijingzhongwen: 【日本超9成企业家认为半年后“经济将扩张”】“百名社长问卷调查”显示，认为疫情对经济活动负面影响消除在“2022年”的人最多。三井物产的社长堀健一表示，“日本的疫苗接种也在走上轨道，在中美经济复强劲的背景下，经济前景日趋光明”……http…"
"2021-06-29","1409940537273065476","ChineseWSJ","RT @ChineseWSJ: 根据协议条款，Juul同意避免开展对21岁以下人群有吸引力的营销活动。该公司将减少使用“大多数社交媒体广告、有影响力的广告、学校附近的户外广告，以及赞助体育赛事和音乐会。” https://t.co/FYvqMIwHOj"
周一（6月28日）的暴雨导致香港特区政府发布“黑色暴雨”警告。大雨引发洪水涌入大屿山道路，香港学校停课，疫苗接种和法庭审讯也收到影响。 https://t.co/RqSH6fvyWT"
"2021-06-27","1409009931311718401","zaobaosg","RT @zaobaosg: 虽然红山景巴刹与熟食中心获准重开，但考虑到一些食客不敢堂食，熟食中心将与送餐平台WhyQ合作免费送餐，由小贩成立的自救面簿群组也会进行面簿直播，协助受影响的小贩推销产品。
人类以各种方法炮制新口味，真是创意无限。然而，食物对我们身体的影响可能更令人意想不到，尤其是超级加工食品。https://t.co/aZGFFxicTH"
"2021-06-25","1408302412083855360","ChineseWSJ","RT @ChineseWSJ: 美国众议院一个委员会批准了一项影响深远的法案，该法案旨在遏制Alphabet的谷歌和Facebook等科技巨头的市场支配地位。不过，相关行动招来了受影响公司的密集游说，这减缓了该委员会的工作进度，并预示着参议院将上演一场激烈的辩论。https:/…"
"2021-06-25","1408451995778752512","ChineseWSJ","RT @ChineseWSJ: 松下已出售了特斯拉的全部股份，获得约36.1亿美元。该公司在一份书面声明中说，此举不会影响对特斯拉的电池供应，两家公司将继续保持良好关系。
"2021-06-24","1407958450194116610","rijingzhongwen","RT @rijingzhongwen: 【日本的“新冠预算”剩了30万亿没花】受疫情影响日本的国家预算从2020年春季开始增加了73万亿日元，但其中约30万亿没有使用。已确认发放给家庭和企业的补贴约为35万亿日元，仅相当于名义GDP的7％左右……https://t.co/cxg…"
"2021-06-23","1407587767257681921","ChineseWSJ","RT @ChineseWSJ: 美国肉类加工业在华盛顿面临更严格的监管，在有关团体就肉类加工公司对市场和农户的影响表示不满后，国会议员和监管机构正推动对这个规模达2,130亿美元的行业进行改革。https://t.co/1zYw7GXLT1"
"2021-06-23","1407587105295847425","dw_chinese","RT @dw_chinese: 《华尔街日报》援引消息人士称，出于担忧新冠变种病毒、影响重大事件等原因，北京计划将防疫相关的边境限制✈️措施至少再保留一年。至2022年下半年。 😱😔
"2021-06-23","1407585210737205248","ChineseWSJ","RT @ChineseWSJ: 全球芯片短缺正在推高笔记本电脑和打印机等物品的价格，智能手机等其他畅销设备可能也会受到同样的影响，消费者在付出更高的价格。业内管理人士表示，这一涨价趋势可能会持续下去。芯片业的高管们称，他们没有利用当前的局面来提升公司利润。https://t.c…"
"2021-06-22","1407245810820026386","rijingzhongwen","RT @rijingzhongwen: 【链接——世界粮食价格涨至10年来高点】联合国发布的5月粮食价格指数比1年前上涨4成，该指数已连续12个月上升。背景是中国的旺盛需求和天气异常导致的供给减少。对于因疫情导致收入受影响的家庭来说，粮食涨价构成沉重打击……https://t.…"
"2021-06-22","1407245538043465728","rijingzhongwen","RT @rijingzhongwen: 【中国产小豆在日本价格涨至20年来高点】2020年中国农户改为种植玉米等，小豆的种植减少，再加上产地天气不佳等影响，中国小豆供给减少。此外，日本为了保护农户，设置了小豆年进口配额。随着对加拿大产的进口增加，中国产的进口量减少……https…"
专家担心，这一重要货港陷入半瘫痪状态，给全球供应链带来的影响，可能比“长赐号”事件更严重。
"2021-06-17","1405408374003359749","ChineseWSJ","RT @ChineseWSJ: 一份法院判决称，一家中国软件开发商对淘宝网进行了长达八个月的数据爬取，收集用户ID、手机号码等超11亿条用户信息。阿里巴巴表示，该公司主动发现并处理了这起事件。法律专家表示，涉及手机号码的数据泄露在中国会产生更深远的影响。有律师说阿里巴巴仍可能面…"
"2021-06-17","1405412665044836353","bbcchinese","RT @bbcchinese: 新冠疫情给就业市场带来强烈冲击。据预计，全球将有至少6亿年轻人失业，而其中年轻女性受影响最为严重。
"2021-06-16","1405058640474644480","zaobaosg","RT @zaobaosg: 新加坡是财富管理中心，不少豪宅交易动辄千万元或上亿元，显示疫情并没有影响到富裕人士，反而疫情对弱势群体的冲击较大。收入与财富鸿沟拉大，可能导致仇富心态滋长，从而削弱社会资本。为配合及辅助政府的抗疫工作，我们有必要动员更多民间的力量，携手共同面对疫情的…"
"2021-06-15","1404701297912160260","bbcchinese","RT @bbcchinese: BBC科学节目主持人迈克尔·莫斯利医生（Michael Mosley）在最新一期《就一件事》的播客节目中，介绍了控制呼吸对健康的影响，以及围绕呼吸一些令人惊叹的科学。
"2021-06-13","1404124178907688964","zaobaosg","RT @zaobaosg: 一份报告表明，在全球芯片短缺影响移动技术进展的背景下，三星已经暂停生产Galaxy S21 FE。三星公司表示，尚未决定是否暂停生产该款手机。https://t.co/eHV0cE0ujc"
"2021-06-10","1402879452128759809","ChineseWSJ","RT @ChineseWSJ: GameStop披露，SEC已要求其配合对该公司股价近几个月来波动的调查。该公司还表示，其不是唯一受到调查的公司，并称“此次调查预计不会对我们产生不利影响。”消息一出，AMC在内的模因股股价纷纷下跌，投资者已经在等待SEC进一步关注市场现象。ht…"
一名卡车司机说，虽然这些年都是挣了很多钱，人类的活动还是对大象造成了很大的影响。https://t.co/3CqlEdjq7i"
"2021-06-10","1403063345062633473","ChineseWSJ","RT @ChineseWSJ: #股闻天下 法拉利董事长周三宣布了新任首席执行官，此人曾在意法半导体供职，这显示了法拉利对科技化的重视。今年在奢侈品股和汽车股都上涨的情况下，法拉利股价走势震荡。投资者此前已经在揣测全电动法拉利车的影响，现在他们还不得不考虑全数字化的法拉利会产生…"
"2021-06-10","1402891775547633664","FTChinese","RT @FTChinese: #付费精选 【广东疫情恐扰乱国际贸易】受疫情影响，深圳国际港口的处理能力大幅下降，可能推高中国出口商品的价格，对其他国家造成通胀压力。https://t.co/tWOQ6L9fMx https://t.co/qg0Kd5BFT2"
"2021-06-09","1402661509826707457","FTChinese","RT @FTChinese: 【如何在投资中控制自己？】伍治坚：在现实世界里，只要是人在做决定，那么他就会受到“噪音”的影响。需要在金融投资领域里做决定的人们，也毫不例外。https://t.co/II580Ra7Cd https://t.co/kEAxM3SMSu"
"2021-06-09","1402661149426917376","ChineseWSJ","RT @ChineseWSJ: 之前的政策调整仅影响iOS操作系统内的应用程序，而新政策将影响到苹果设备上更大范围的数据流，广告客户、电子邮件营销商、发行商和广告技术公司预计这些举措将带来更广泛影响。广告界人士说，苹果这些调整是“确保所有对外访问渠道都由他们代理，标志着花园围墙…"
"2021-06-08","1402126088780738561","FTChinese","RT @FTChinese: 【道歉并不是真正的历史清算】历史学家瓦格纳：曾经的殖民主义国家还远未正视帝国主义的丑陋历史，更不用说解决殖民主义对当今世界的持续影响了。https://t.co/6gZIMZIhHI https://t.co/ixGke0YptK"
"2021-06-08","1402353425157742592","ChineseWSJ","RT @ChineseWSJ: 百健公司研发的这款药物将以Aduhelm的名称上市，预计将为数以百万计的阿尔茨海默患者及其看护者带来希望。但它的影响力可能有限。医生们提醒说，该药不会帮助到所有病患。https://t.co/yErIhw27AC"
"2021-06-08","1402128040923078665","rijingzhongwen","RT @rijingzhongwen: 【台湾京元电子发生聚集性感染，或影响芯片供应】在206名感染者中，168人是以菲律宾人为主的外国人。京元电子主要涉足半导体封装……https://t.co/vwj9EHIlbA https://t.co/i6ZgtC5iJd"
"2021-06-07","1401990953133502464","ChineseWSJ","RT @ChineseWSJ: 受政治动荡、中国大陆的威权式压制以及新冠疫情影响，跨国公司以及专业人士纷纷迁往新加坡等与香港竞争的商业城市，还有些正迁往中国的商业枢纽上海。有人认为上海是一个更好的据点，有助于从体量庞大的中国经济中获利。https://t.co/hgL5sVUa…"
"2021-06-06","1401431586264862730","bbcchinese","RT @bbcchinese: 印度正在努力应对新冠病例的快速增长，但一场严重而罕见的真菌感染正在影响一些新冠病毒患者，给该国带来了双重打击。
"2021-06-06","1401431068067069956","zaobaosg","RT @zaobaosg: 意大利水都威尼斯周六（6月5日）有游轮离开港口，但鉴于威尼斯海平面持续上升，巨型游轮可能影响环境与居住安全，引发当地民众抗议。https://t.co/CyUWyIzmpz"
"2021-06-06","1401368798477705221","zaobaosg","RT @zaobaosg: 学者认为，马来西亚政府部门各自为政且朝令夕改、高官显要违反条例却逍遥法外而影响政府威信，以及民众“防疫疲劳”等因素，都是导致目前局面的主要原因。https://t.co/cIfRDsKZoy"
"2021-06-04","1400672696568979456","FTChinese","RT @FTChinese: 【上海时代】卓睿：如果上海发挥出它的潜力，真正成为一种新型公私经济的发源地，那么上海的影响可能会扩大到足以改变整个世界的规模。https://t.co/nME7O9yivx https://t.co/w38JbynApd"
"2021-06-04","1400671898137104388","rijingzhongwen","RT @rijingzhongwen: 【链接——集装箱短缺动摇日美企业业绩】日本空调厂商富士通将军2020年10～12月面向欧洲的供货停滞，营收减少近60亿日元。耐克也表示，“受全球集装箱不足和港口拥堵影响，库存流动推迟了3周以上”。3月中旬上海发往美国西海岸的运输价格涨至去…"
"2021-06-04","1400723758852149248","rijingzhongwen","RT @rijingzhongwen: 【本田5月在华新车销量下滑4％，缺芯影响显现】半导体短缺的影响将持续至2021年下半年，除了本田以外，销售减速的企业今后或将增加……https://t.co/LWp6vyCQF0 https://t.co/P9WH5kJ8sH"
"2021-06-03","1400329057158320128","rijingzhongwen","RT @rijingzhongwen: 【丰田主导供应链脱碳化，要求供应商减排3%】预计这一脱碳化要求将影响被认为与丰田有关的多达3万家企业。本田也计划向主要零部件厂商提出减排目标……https://t.co/qvE2eWGnFk https://t.co/mxCpW2rkPE"
"2021-06-03","1400557993532411908","ChineseWSJ","RT @ChineseWSJ: 美国SEC几年来一直试图让马斯克表现得更像一个典型的企业领导人，但没有成功。在金融执法中，监管机构交流方式的政策没有先例。限制一个鲁莽的首席执行官与公众和投资者的交流，只会加剧SEC与马斯克和特斯拉的争执，后者似乎明白自己拥有的影响力。https…"
"2021-06-03","1400555614330183681","bbcchinese","RT @bbcchinese: 自 2017 年上次总统选举以来，一系列事件极大地改变了伊朗的政治格局，这些事件给普通伊朗人造成的冲击可能会对即将举行的大选产生重大影响。
伊朗大选的结果对地区和国际局势又会有怎样的影响呢？https://t.co/aKmJ0bWf3Z"
"2021-06-03","1400555480355799042","dw_chinese","RT @dw_chinese: 今年，新冠危机预计将导致全球约1亿个全职工作岗位消失。  女性比男性更易失业；年轻人比已进入劳动市场的人更受危机影响。https://t.co/ikSqZTZaIA"
"2021-06-03","1400554710348664840","ChineseWSJ","RT @ChineseWSJ: 今年4月份，全球富裕经济体的CPI升幅达到3.3%的逾12年来最高水平，央行官员们试图弄清楚，随着全球经济重启而出现的短缺现象将被证明是暂时的，还是会带来持久影响？但经济学者认为重新遭遇20世纪70年代通胀率升至两位数的可能性很小。
"2021-06-03","1400591565488377856","dw_chinese","RT @dw_chinese: 新冠危机中，女性比男性更易失业；年轻人比已进入劳动市场的人更受危机影响。https://t.co/ikSqZTZaIA"
"2021-05-31","1399215923718803460","rijingzhongwen","RT @rijingzhongwen: 【越南超过泰国成全球第二大大米出口国】2020年越南大米的出口量为616万吨。另一方面，作为竞争对手的泰国因泰铢升值和干旱的影响，大米出口量降至570万吨，与2019年（756万吨）相比大幅下滑……https://t.co/VNd0etP…"
"2021-05-27","1397830835122831361","ChineseWSJ","RT @ChineseWSJ: 美团、拼多多和快手等曾经的市场宠儿已较今年年初达到的股价高点下跌逾三分之一。相比腾讯和阿里巴巴等较成熟的竞争对手，新一代科技巨头的股票更容易受到市场情绪反复变化的影响。https://t.co/nKaxEXNyJs"
"2021-05-27","1397834022080835586","ChineseWSJ","RT @ChineseWSJ: 半数成年人完成接种表明美国的疫苗接种行动已经摆脱了最初造成困扰的供应限制和其他问题的影响。
"2021-05-26","1397650288979316737","FTChinese","RT @FTChinese: 【碳中和，石油美元的终结？】吴金铎：当石油不再是“工业血液”，其金融属性脱离商品属性，会如何影响石油美元？碳中和加速去化石能源趋势，将如何影响世界货币体系？https://t.co/Zir9HrRo5r https://t.co/h6tIUFR3Ut"
"2021-05-26","1397480630393266176","ChineseWSJ","RT @ChineseWSJ: #股闻天下 虽然目前还不清楚全球最低税率是否会实现，但总体而言，公司税水平的形势似乎已经发生了变化。缴纳极低公司税的公司及其投资者应做好应对影响的准备。
"2021-05-21","1395622372317622274","rijingzhongwen","RT @rijingzhongwen: 【台湾要求企业延期召开股东大会】6月是台湾企业集中召开股东大会的时期。总计1931家企业将受到影响……https://t.co/lSjWJ0lOg0 https://t.co/Q73QFhD7A0"
"2021-05-21","1395603477066178562","dw_chinese","RT @dw_chinese: 美国经济研究公司荣鼎集团与美中关系全国委员会发表调查报告，内容指出去年上半年，新冠疫情的经济影响以及美中关系进一步恶化，双边直接投资下降至159亿美元，创下2009年以来的最低水准。https://t.co/0htrUmugcy"
"2021-05-19","1394940119014985728","rijingzhongwen","RT @rijingzhongwen: 【日本2021年应届大学生就业率96.0%】2021年的就业率比创出最高纪录的2020年（98.0％）降低2个百分点。近年来，日本大学毕业生的就业率持续上升，目前受到疫情影响。按性别来看，男生的就业率为95.0％，女生为97.2％……ht…"
"2021-05-18","1394551171663110146","ChineseWSJ","RT @ChineseWSJ: 欧盟原定6月份征收的关税将影响美国对欧洲大约40亿美元的出口产品。美国和欧盟在一份联合声明中表示，将展开正式磋商，解决关税争端。谈判还将包括讨论中国的产能过剩如何压低价格，并威胁到国内金属生产商的生存能力。
"2021-05-18","1394558958086459398","dw_chinese","RT @dw_chinese: 中国国家统计局官员表示，层出不穷的新问题可能影响中国经济复苏，国内经济恢复基础尚不牢固。https://t.co/TZl9deAyLw"
"2021-05-18","1394556650002944000","zaobaosg","RT @zaobaosg: B1617冠病变种毒株似乎对儿童的影响比较大，促使教育部采取比去年更谨慎的态度应对，目前染病学童虽然有一些出现了症状，但没有一个属于重症。
"2021-05-18","1394712688362545152","ChineseWSJ","RT @ChineseWSJ: #股闻天下 中国房地产市场在空置率很高的同时仍能维持高涨的房价，这证明了市场存在投机行为，而投机行为并不总是基于实际经济状况。人口结构状况可能最终会成为影响中国住房市场的关键因素。但眼下，即使是全国总人口下降，也不一定会推动市场发生快速变化。
"2021-05-16","1393761437474983936","zaobaosg","RT @zaobaosg: 受防疫措施收紧影响，商场昨天（5月15日）的整体人流已有所减少，人群主要集中在食肆和餐馆周围，零售商店相对冷清。https://t.co/nUVzT9drUo"
"2021-05-16","1393759685195440132","zaobaosg","RT @zaobaosg: 新加坡从今天（5月16日）起进入高警戒解封第二阶段，接下来约一个月内，食客只能打包不准堂食，不少熟食中心昨天结束营业后纷纷封起桌椅。受访摊主预计，生意多少会受影响，尤其是售卖汤面类等较不容易打包的食物。https://t.co/lkEDW8AgxP"
"2021-05-15","1393440014357336064","rijingzhongwen","RT @rijingzhongwen: 【丰田在半导体短缺下这样实现“领跑”】丰田在半导体短缺表面化的2021年1～3月的合并净利润同比增长2.3倍，生产复苏较德国大众和美国通用等大型车企更为迅速。在同样受到半导体短缺的影响下，针对供应链的“Kaizen（持续改善）”正在推高丰…"
"2021-05-14","1393118292907155460","rijingzhongwen","RT @rijingzhongwen: 【股市情绪化波动可能持续】股市上涨行情结束？还是暂时下跌？ 观察一周的MSCI全球行业指数的涨跌比率，跌幅最大的是IT，下跌5.5％，其次零售等一般消费品下跌4.6％。不易受物价上涨影响的行业跌幅较小。乐观派认为……https://t.c…"
"2021-05-13","1392754553150312449","rijingzhongwen","RT @rijingzhongwen: 【日本2020年度旅游收支大降89%，创最大跌幅】经常项目收支比上财年减少3.8％。顺差额连续3年缩小，访日游客锐减的影响显现……https://t.co/h6cJ0Gp2Qm https://t.co/LheebmvUEO"
自四月以来，印度爆发第二波疫情的严重程度震撼全球，也深深影响了在印度工作居住的台湾人。
"2021-05-12","1392349302874275842","ChineseWSJ","RT @ChineseWSJ: 据中共报刊《环球时报》，爱立信能否参与中国下一轮的大规模5G建设将取决于斯德哥尔摩是否改变其对华为的立场。中国媒体的这一警告是北京方面利用其国内市场的影响力来保护本国商业和外交利益的最新例证。https://t.co/bnFsTMhOCh"
"2021-05-11","1392014828747640833","rijingzhongwen","RT @rijingzhongwen: 【日本家庭2020年度消费支出减少4.9％】2020年度，日本2人以上家庭的的月平均消费支出为27.6167万日元（约合人民币1.63万元），连续2年减少。新冠疫情的影响导致外出相关消费下滑……https://t.co/NXJvjZeiK…"
"2021-05-08","1390922877147381768","bbcchinese","RT @bbcchinese: 距加勒比海圣文森特岛火山爆发已有数周，岛上大约15%的人口仍住在临时居所。BBC记者和一名教师回到了受影响的学校，看看当地的损失。 https://t.co/bpVbiqeGYW"
"2021-05-07","1390562257990340614","FTChinese","RT @FTChinese: #付费精选 【美国支持豁免新冠疫苗专利 中国疫苗股受冲击】复星医药、康希诺生物和沃森生物股价大幅下挫，这一市场走势突显出美国周三发布的声明所造成的国际影响。https://t.co/wOQ3x9jSoF https://t.co/BOoQobPVRT"
"2021-05-06","1390166965151428611","rijingzhongwen","RT @rijingzhongwen: 【大宗商品价格上涨，住宅面临涨价压力】除了铜等金属之外，木材等也在上涨。通过原材料价格走高，成为推动住宅、汽车和家电等价格上涨的因素，正在对物价缓慢产生影响。形成对照的是原油等化石燃料价格波动。北海布伦特原油期货最近2年半下跌21％………"
盖茨基金会在全球公共卫生领域发挥着巨大作用，其任何变化都有可能影响到世界范围内与某些疾病或事业有…"
"2021-05-05","1389992632512774152","ChineseWSJ","RT @ChineseWSJ: 摩根大通首席执行官戴蒙指出，一些迹象让他对美国经济繁荣的持久性和影响没有把握。他亦表示，旨在推动经济增长的政府支出计划如果设计不当，就达不到预想的效果。
"2021-05-04","1389469118055653376","bbcchinese","RT @bbcchinese: 虽然爱尔兰分治的历史久远，但仍然影响着爱尔兰和北爱尔兰的发展，在英国脱欧的谈判中，它更是外界其中一个最大的关注点。
"2021-05-04","1389472520202383362","ChineseWSJ","RT @ChineseWSJ: 欧盟委员会周一提议允许非必要旅行者入境，以重启一些受影响最严重国家的旅游业。
"2021-05-03","1389127151941611525","bbcchinese","RT @bbcchinese: 尽管各国政府呼吁接种疫苗保护自己、家人和朋友，但新冠疫苗本身的潜在风险还需个体衡量。而第二针的缺席，也会影响全球群体免疫的进度。
"2021-05-02","1388741370874003457","ChineseWSJ","RT @ChineseWSJ: 知情人士透露，反垄断问题专家董红霞将担任强大的中国国家市监总局反垄断局的第三位副局长。这些知情人士说，这将是该反垄断局首次同时拥有三位副局长，反映出该机构日益增长的影响力。
"2021-05-02","1388757913007624192","ChineseWSJ","RT @ChineseWSJ: 美联储官员一致投票决定维持该央行旨在压低借贷成本的政策，直至经济进一步从新冠病毒大流行的影响中恢复。美联储官员曾表示，在劳动力市场完全恢复活力并且平均通胀率达到美联储设定的2%目标之前，将维持利率不变。https://t.co/40imNZBO94"
"2021-05-02","1388757320268611586","rijingzhongwen","RT @rijingzhongwen: 【全球出生人数因疫情锐减】欧洲国家的出生人数下降1~2成，美国2021年人口增长率预计将放缓至0.2％，是1918年以来的最低水平。过去在战争、经济危机后曾出现婴儿潮，而如今年轻人的就业受到影响，出生数或难反弹……https://t.co…"
"2021-04-28","1387493296503627780","bbcchinese","RT @bbcchinese: 美国政府宣布，将于今年秋季放宽对中国等国家的国际学生入境限制。对于经济收入受疫情影响显著的美国高校来说，这是一个利好消息。至于是否能吸引更多美国最大生源国——中国的留学生赴美就读，效果仍有待观察。
"2021-04-28","1387496141034450944","dw_chinese","RT @dw_chinese: 印度新冠肺炎病例激增，在一些受影响最严重的城市，尸体只能被送到临时设施火化。印度卫生部数据显示，13亿人口的印度，感染人数为1731万，死亡人数为195,123人，一夜之间有2,812人死亡。
"2021-04-27","1386944490682810369","rijingzhongwen","RT @rijingzhongwen: 【丰田将收购美国Lyft的自动驾驶部门】收购金额为5.5亿美元。优步和Lyft等网约车企业一度构建了超过大型车企的自动驾驶开发体制，但受新冠影响，网约车业务盈利恶化，难以维持开发成本高昂的自动驾驶部门。丰田将获得Lyft的研发团队……ht…"
"2021-04-25","1386210632286949379","rijingzhongwen","RT @rijingzhongwen: 【全球出生人数因疫情锐减】欧洲国家的出生人数下降1~2成，美国2021年人口增长率预计将放缓至0.2％，是1918年以来的最低水平。过去在战争、经济危机后曾出现婴儿潮，而如今年轻人的就业受到影响，出生数或难反弹……https://t.co…"
"2021-04-23","1385506516900335621","rijingzhongwen","RT @rijingzhongwen: 【东丽碳纤维价格上调2成】由于主要原料价格上涨、物流费用上升，东丽的成本负担正在增加。因新冠疫情影响，用于飞机的碳纤维需求低迷，但面向风力发电机的需求正在增长。东丽将通过2017年以来的首次统一提价来改善盈利……https://t.co/…"
"2021-04-21","1384763893126291457","rijingzhongwen","RT @rijingzhongwen: 【索尼建图像传感器新厂房，警惕三星追赶】索尼决定新建厂房的2019年秋季，智能手机“多摄像头化”趋势加强，图像传感器的需求激增超过手机销量，但2020年受中美贸易摩擦影响，华为遭受制裁，风向改变……https://t.co/jMOYDQc…"
"2021-04-21","1384763581141372931","bbcchinese","RT @bbcchinese: 台湾陷入56年来最严重的干旱，许多水库的蓄水量不到20%。除了居民的供水受影响外，台湾半导体产业将受到极大冲击，继而对全球电子业不利。因为全球最高端的晶片约有90%在台湾生产。
"2021-04-21","1384762792394190848","rijingzhongwen","RT @rijingzhongwen: 【丰田是这样顶住半导体不足影响的】半导体短缺导致大众和通用等大型汽车厂商相继减产。不过，丰田“估计至少在4～6月前不会产生巨大影响”。丰田吸取3·11东日本大地震的教训而做的一个改变在其中发挥了作用……https://t.co/iI8lX…"
"2021-04-21","1384767387673587712","rijingzhongwen","RT @rijingzhongwen: 【东京奥运倒计时(下)疫情拷问大会初心】近年来，奥运会举办国一直把成功举办奥运会的关键放在奖牌的大量产出上。不过，疫情给各国运动员的训练和比赛环境带来深刻影响，用奖牌的颜色和数量来衡量奥运是否成功已变得毫无意义。那么，疫情下举办奥运的真正…"
"2021-04-21","1384765123168923653","ChineseWSJ","RT @ChineseWSJ: 数据显示，台湾的半导体芯片制造厂占到全球收入的65%。半导体生产需要使用大量水，因台湾政府对半导体生产商给予破例用水照顾，到目前为止，干旱对它们的影响还不算大。但官员们已警告称，若没有足够的降雨，缺水情况可能会恶化。（原贴文误报为台湾半导体芯片制…"
"2021-04-21","1384764985134379018","rijingzhongwen","RT @rijingzhongwen: 【丰田是这样顶住半导体不足影响的】半导体短缺导致大众和通用等大型汽车厂商相继减产。不过，丰田“估计至少在4～6月前不会产生巨大影响”。丰田吸取3·11东日本大地震的教训而做的一个改变在其中发挥了作用……https://t.co/jfgQ6…"
"2021-04-20","1384387459526451202","rijingzhongwen","RT @rijingzhongwen: 【日本养殖蓝鳍金枪鱼供货量4年来首降】日本国产金枪鱼中有66%为养殖，2020年养殖蓝鳍金枪鱼供货重量减少5%。投入鱼池的鱼苗数量降至6年来的低点，鱼苗需要3～4年才能长到适合供货的50公斤以上成鱼，数年后的供给或受到影响……https:…"
"2021-04-20","1384384350280507394","zaobaosg","RT @zaobaosg: 马来西亚今天起展开第二阶段国家冠病免疫计划，当局担心疫苗供应不上及民众不积极登记接种，影响当局在今年底达到群体免疫的目标。
"2021-04-20","1384379571399626754","ChineseWSJ","RT @ChineseWSJ: #股闻天下 尽管芯片荒困扰着汽车等行业，不过在科技巨头截至3月份当季的业绩中，这个问题预计不会产生很大影响。https://t.co/ekR4BheU4s"
"2021-04-20","1384388248596668418","bbcchinese","RT @bbcchinese: 太鲁阁号事故后，很多评论指出，台铁需要“公司化”将人事成本降低，才能有更多经费维修铁道及列车，改善台铁员工轮班工时过多、常常影响服务甚至安全等问题。
"2021-04-17","1383485824860246026","ChineseWSJ","RT @ChineseWSJ: 无论外向还是内向，Zoom等视频工具给两种性格的人都带来了消极影响——有时还是以意想不到的方式。本文介绍了外向型和内向型人群在视频会议方面遇到的难题，并针对不同的性格，给出了应对建议。
"2021-04-16","1382915788663787520","FTChinese","RT @FTChinese: 【视频：新冠疫情是如何影响全球港口的？】由于疫情爆发，从中国到欧洲的货物航运成本几乎涨至4倍。作为世界贸易的主要通道，港口现在更像是仓储设施。https://t.co/ckoOHqYm45 https://t.co/AEroXZcUkE"
"2021-04-16","1383063694372868097","ChineseWSJ","RT @ChineseWSJ: #股闻天下 美国经济面临的大问题不再是未来几个月的需求是否将旺盛，而是这种旺盛将持续多久。这个问题的答案将决定经济的方方面面，比如就业市场复苏的速度会有多快，通胀率将升到多高，以及美联储何时开始收紧政策。答案还将影响到哪些投资将会赚钱，而哪些将不…"
"2021-04-15","1382564606380417025","rijingzhongwen","RT @rijingzhongwen: 【链接——东芝值多少钱？】英国基金CVC提出以高出东芝近日收盘价约3成的价格实施收购，相当于估值在2.3万亿日元左右。实际上东芝的企业价值显著受到旗下铠侠的影响，铠侠总市值据估算为1.2万亿~2.6万亿日元左右，跨度非常大…… https…"
"2021-04-13","1381842676576702464","rijingzhongwen","RT @rijingzhongwen: 【日本超5万人还房贷困难】2020年3～12月，日本因房贷偿还困难而接受金融机构援助的人数甚至超过了3·11东日本大地震时的5倍。由于疫情影响，越来越多购房者收入减少，一方面，新增贷款的融资额却不断上升……https://t.co/xz9…"
"2021-04-13","1381840689978175491","FTChinese","RT @FTChinese: 【一周世界舆论聚焦：中国对中美关系要有具体的长远打算】曹辛：台湾问题事关中国主权和国内政治，中国疫苗如能被列入世卫组织推荐的疫苗紧急使用清单，对中国国际形象和影响力意义重大。https://t.co/H1vjRGPpMv https://t.co/…"
"2021-04-13","1381991537144303617","ChineseWSJ","RT @ChineseWSJ: #股闻天下 汽车芯片的巨大短缺对于汽车行业不利，但这个影响只是暂时的。真正受损的是那些需要买车来重返工作岗位的消费者。
"2021-04-12","1381459868226232320","zaobaosg","RT @zaobaosg: 受阿斯利康冠病疫苗引发安全隐忧影响，加上欧洲限制疫苗出口，澳大利亚已放弃在今年年底前为全国人民进行第一剂冠病疫苗的目标。https://t.co/cG1fMjKWd2"
"2021-04-11","1381094857951772674","dw_chinese","RT @dw_chinese: 拿到大批中国新冠疫苗的塞尔维亚储备充裕，甚至宣布外国人可前往该国免费接种。《世界报》指出，俄罗斯和中国正试图通过疫苗来提高自己的国际地位，在塞尔维亚尤其可以看到这一点。而欧盟、俄罗斯和中国都争取在巴尔干地区的影响力，这样的背景下，获利的又会是谁？…"
"2021-04-10","1380777455548391426","dw_chinese","RT @dw_chinese: 该裁决没有直接涉及新冠疫苗，但是专家们认为，它可能会对所有疫苗接种活动产生影响，特别是对那些拒绝接受疫苗接种的人们。
"2021-04-09","1380442118544445441","FTChinese","RT @FTChinese: #付费精选 【航运集团为“黑天鹅”事件做准备】疫情和苏伊士运河受阻事件如何影响企业的供应链策略尚不可知，航运公司将重点放在了自身的多元化以求增加优势。https://t.co/9B1JtoHSaO https://t.co/34zxdFPDL7"
"2021-04-08","1380052076080766976","bbcchinese","RT @bbcchinese: 新冠肺炎疫情影响各国人民生计，非洲国家多哥想到一个简单办法，找出当地最需要现金补助的社区。 https://t.co/LbzXAupexo"
"2021-04-08","1380054087975149571","ChineseWSJ","RT @ChineseWSJ: 中远海控在香港上市的股票周三大涨29%，创2008年8月以来最高价。该公司在上海上市的A股全天在10%的涨幅上限。尽管最近的苏伊士运河堵塞事件造成了巨大的物流难题，但并没有破坏上述有利局面，如果说有什么影响的话，那就是港口积压和其他混乱状况进一步…"
"2021-04-06","1379295767894978562","rijingzhongwen","RT @rijingzhongwen: 【龙角散与华润三九合作在中国构筑销售网】此前龙角散一直利用跨境电商等渠道向中国供应润喉药。此次第一个目标是在中国国内的1万家店销售。中国的非处方药市场有望增长，而日本市场却萎靡不振。加上疫情影响，访日游客减少，2020年度龙角散的销售额同…"
"2021-04-04","1378589886089809928","ChineseWSJ","RT @ChineseWSJ: #本周热读 显而易见的是，中国制造商发现控制成本越来越难，尤其是在去年疫情和抗疫封锁损害了利润之后。海运费用是成本的一个方面，最近几个月，受港口瓶颈和集装箱短缺影响，运费出现飙升。与此同时，许多大宗商品价格维持在高位或续升，一些企业选择将这些成本…"
"2021-04-03","1378232841339764737","zaobaosg","RT @zaobaosg: 台湾铁路管理局公布，国家运输安全调查委员会还在调查太鲁阁号出轨事故，并预计受影响的路段需要七天的时间才能抢通。https://t.co/1MwYdGltuH"
"2021-04-02","1377851783557484544","dw_chinese","RT @dw_chinese: 最近苏伊士运河发生的货船搁浅事件，令全球的供应链都受到了影响，这也足以说明海洋运输具备何等重要的战略意义，失去了港口就等于失去了掌控经济命脉的能力。https://t.co/W0ZNscx2mr"
"2021-04-01","1377552944648708103","ChineseWSJ","RT @ChineseWSJ: 强生周三表示，该批疫苗未进入生产过程的灌装和完成阶段，并且这一质量问题不会影响其在5月底前向美国供应1亿剂疫苗的能力。https://t.co/9E7zrfHZn3"
"2021-03-31","1377144632589512709","rijingzhongwen","RT @rijingzhongwen: 【丰田和日产受瑞萨影响讨论减产】据悉各家车企确保的半导体的库存最多可用3个月，由于不同企业和车型的库存数量不同，也存在只够使用1个月的情况。有估算认为，“瑞萨冲击”将导致4～6月全球汽车产量减少160万辆……https://t.co/PC…"
"2021-03-31","1377142187700355078","ChineseWSJ","RT @ChineseWSJ: 大众汽车面临的问题是，大家都对此信以为真，这让人们对该公司的意图感到不解，并影响了该公司的股价，大众汽车的公关团队一直在进行解释。大众汽车在沃尔夫斯堡的发言人告诉《华尔街日报》：“我们无意误导任何人”，“整件事只是一种营销行为，旨在引爆ID.4话…"
"2021-03-31","1377295949064589313","bbcchinese","RT @bbcchinese: 中国大陆祭出的凤梨暂缓进口令，影响台湾凤梨外销甚大🍍🍍🍍。果农伯伯感激“自由凤梨”对策，但仍盼望重开中国好销路。 https://t.co/5ScbtZ00bw"
"2021-03-30","1376780101711360004","FTChinese","RT @FTChinese: 【藏粮于技发展植物工厂，中国应借科技增地】沈晓杰：智慧农业植物工厂带来的“革命性影响”，不仅是现代化农业生产方式的巨变，更带来了对现有土地政策的反思。https://t.co/K3wFkKUKvX https://t.co/Habp3TlAI8"
"2021-03-30","1376778595406802946","rijingzhongwen","RT @rijingzhongwen: 【摘】柯尼卡美能达受到集装箱船聚集导致的港口拥堵影响，办公设备等的供货迟缓。此前预定2020年10～12月实施列入的约15亿日元利润也被推迟……https://t.co/u1YMwQjnZc"
"2021-03-30","1376780132698910723","dw_chinese","RT @dw_chinese: 大小相当于纽约帝国大厦的货轮「长赐号」在苏伊士运河搁浅超过6天后，终于在29日成功脱困，苏伊士运河管理局也证实运河已恢复双向通行。 不过「长赐号」受困苏伊士运河导致约有370艘船舶一直在等待通行，也导致全球数十亿的贸易受到影响。https://t…"
"2021-03-29","1376428996796149761","rijingzhongwen","RT @rijingzhongwen: 【獭祭酿酒商新建大型冷库，应对中国需求】受2020年春季新冠疫情影响，獭祭国内外销量均减半，但6月以后以中国为中心的出口迅速恢复。与日本国内相比，国外的需求非常大，还出现了很多在日本国内收购并倒卖到国外的中间商……https://t.co…"
"2021-03-28","1376220226820263945","zaobaosg","RT @zaobaosg: 搁浅长赐号导致运河“大塞船”，苏伊士运河管理局主席乌萨马·拉比耶表示，当局正在考虑对受影响的船舶给予通行折扣。
"2021-03-27","1375686624688762882","ChineseWSJ","RT @ChineseWSJ: #股闻天下 英特尔的计划短期内可能不会影响到台积电，因为当前缺芯局面意味着该公司不愁没有业务，而目前英特尔仍需将其最先进的芯片外包给台积电等生产，况且台积电已将今年资本支出目标上调逾40%。焕然一新的英特尔或许会再次成为一个强大对手，但台积电或仍…"
"2021-03-26","1375327945577750529","FTChinese","RT @FTChinese: 【印度暂停疫苗出口 影响数十国家】在第二波新冠疫情加速蔓延的背景下，印度寻求优先为本国公民接种，但此举将直接影响全球新冠疫苗获取机制(COVAX)。https://t.co/4sqHRWZjQ9 https://t.co/ivV1950IF7"
"2021-03-25","1374957143141457923","dw_chinese","RT @dw_chinese: 据自由时报称，一艘隶属于台湾长荣海运的货轮「长赐轮」（Ever Given）搁浅在苏伊士运河，造成双向航道阻塞，严重影响各国船运，这是有史以来在苏伊士运河搁浅的最大船只，埃及官员表示，救援脱困工作可能需耗时2天以上。
"2021-03-24","1374661004475342850","FTChinese","RT @FTChinese: 【历史视角下看流行病长期经济影响】甘洁、梅建平、王思懿：新冠疫情已肆虐一年有余，经济何时才能摆脱疫情的阴影？更让人困惑的是，金融市场和实体经济似乎给出了不同的答案。https://t.co/Pd89K16scD https://t.co/QJAUG…"
"2021-03-24","1374562367023980546","rijingzhongwen","RT @rijingzhongwen: 【美国应用材料收购原日立旗下企业尚未获中国批准】中国已于2020年成为全球最大的半导体制造设备市场。应用材料公司的收购会对市场产生巨大影响，因此必须获得中国监管部门的批准……https://t.co/bNqSzkWpFB https://…"
"2021-03-23","1374247031099682823","ChineseWSJ","RT @ChineseWSJ: 瑞萨电子CEO柴田英周日称，火灾将对全球芯片供应产生重大影响。有分析师表示，此次火灾可能会抑制今年全球汽车生产的复苏，而汽车生产商则表示它们还在评估由此造成的影响。https://t.co/QXp9QxhBJk"
"2021-03-23","1374302875774423049","dw_chinese","RT @dw_chinese: 距冰岛首都雷克雅维克约30公里处的一座火山受近日地震影响而喷发，吸引许多民众和科学家前往观测，一些科学家在现场烤起了热狗。 https://t.co/tfqr2b09qE"
"2021-03-23","1374302002088341507","bbcchinese","RT @bbcchinese: 许多汽车制造商已经减慢或暂时停止了部分工厂的生产。 此前据估计，他们因此面临的销售损失超过600亿美元。这场大火会如何影响全球汽车制造商？
"2021-03-22","1373868831836233736","rijingzhongwen","RT @rijingzhongwen: 【摘】受全球半导体不足的影响，用于操控面板的半导体“驱动IC（集成电路）”的供应短缺加剧。在半导体工厂，生产设备被用于利润率高的汽车半导体等……https://t.co/AxmpVk3gxz"
"2021-03-22","1373875621659471874","FTChinese","RT @FTChinese: 【负利率之下，技术如何影响金融体系现代化】刘功润：欧美发达经济体金融业负利率特征，反映其经济衰退本质，其根子在经济动力问题上。金融体系现代化何以导致了过度“金融化”？https://t.co/WOmgGhTTZk https://t.co/Uoro…"
"2021-03-20","1373176602255716353","ChineseWSJ","RT @ChineseWSJ: 知情人士说，在这项新调查中，司法部正调查Visa是否通过其做法非法方式维持市场主导地位。受此影响，Visa股价跌逾6%。https://t.co/sgBA9MeiMh"
"2021-03-20","1373187219767234560","ChineseWSJ","RT @ChineseWSJ: #市场分析 投资者之前认为，随着全球各地经济相继摆脱新冠抗疫封锁的影响，美元将会走软。但实际情况是，美国经济的表现好于其他地区。一些投资者称，美国经济的突出表现也有不利的一面：市场对美国通胀的担忧上升，而这可能最终逆转美元的强势。https://…"
"2021-03-20","1373184448745725952","ChineseWSJ","RT @ChineseWSJ: 科学家说，过去几十年里，抗菌清洁产品的大量使用对微生物群和免疫系统的发展造成了破坏。分娩方式的改变也会产生影响：尽管剖腹产手术有时很必要，但与顺产婴儿相比，剖腹产婴儿可能难以获得对身体有益的微生物。如今，科学家正想办法重建微生物群，恢复其对人体有…"
"2021-03-19","1372851546224959490","rijingzhongwen","RT @rijingzhongwen: 【美国出现树脂供给混乱】丰田在北美的4座工厂陷入停产，原因据称是美国杜邦造树脂的供给不足。得克萨斯州是美国树脂材料等石油化学品工厂的集中地，2月的寒潮和大规模停电使得化工厂纷纷被迫暂时停产。影响已经涉及住宅等广泛行业……https://t…"
"2021-03-19","1372851218897281030","rijingzhongwen","RT @rijingzhongwen: 【摘】树脂短缺的影响还扩大至住宅行业和医疗领域。粘合剂和隔热材料等很多建筑材料出现不足。在行业内，指出将导致开工推迟和住宅价格上涨这一可能性的声音正在增加……https://t.co/kDXRd2CdMX"
"2021-03-19","1372855350928363520","FTChinese","RT @FTChinese: #付费精选 【股市崩盘并不会拖垮经济】沃尔夫：如果股市回调是由于经济复苏和利率升势都比预期的更为强劲，那就不太要紧——除了对投资者影响比较大以外。https://t.co/nsjb1i1KIU https://t.co/m97vutPUUz"
"2021-03-18","1372471817135300615","rijingzhongwen","RT @rijingzhongwen: 【丰田北美4座工厂部分暂停生产】受2月袭击美国的寒潮和得州停电影响，树脂零部件等的供给停滞，影响生产……https://t.co/tw8P3LEcgc https://t.co/EYNFZ5ZIcM"
"2021-03-18","1372449838348918788","rijingzhongwen","RT @rijingzhongwen: 【半导体供应链风险波及手机电脑等广泛领域】“半导体零部件的供求失衡非常严重”，三星高管称。受三星在美国半导体代工工厂停工的影响，4～6月世界智能手机产量或减少5％。个人电脑也是受到影响的行业之一，华硕电脑表示，个人电脑用半导体和液晶面板相…"
"2021-03-16","1371723462323015683","rijingzhongwen","RT @rijingzhongwen: 【日本来自海外的知识产权收入锐减】日本技术出口的53.1％为汽车相关。知识产权的海外收入中，很多是汽车厂商的当地子公司向日本总部支付的金额。这部分收入正受到疫情导致的产量减少的影响。收支额在2021年1月时隔约3年出现逆差……https:…"
"2021-03-16","1371729730194468868","FTChinese","RT @FTChinese: 【出生人口下跌会让留学渐不再为刚需】肖经栋：在出生人口下滑以及普高招生数量增加的双重影响下，100%上普高在未来10多年间是可实现的。由于缺乏出国留学的刚需，家长或者学生选择出国留学路径会更加理性。https://t.co/GuH9xiUBX6 h…"
"2021-03-15","1371338548104683523","rijingzhongwen","RT @rijingzhongwen: 【摘】2021年上半年的iPhone整体生产计划现调整为7500万部左右，比2020年12月时的预估减少约2成，而其中影响最大的为iPhone12 mini。一部分零部件厂商已被苹果要求暂停生产该机型专用的零部件……https://t.c…"
"2021-03-15","1371337213552717831","rijingzhongwen","RT @rijingzhongwen: 【中国发往美国的海上集装箱2月增长59.5％】2月亚洲发往美国的海上集装箱运输量增长31.7％，创出单月新高。越南增长20.5％，泰国增长12.7％，日本减少43.6％。空集装箱优先回到中国等地，影响了日本的运输量……https://t.…"
"2021-03-13","1370641314295947269","FTChinese","RT @FTChinese: #付费精选 【FT社评：拜登刺激计划将影响全世界】刺激计划将带来繁荣的美国经济，可能会引起全球利率上升，这可能削弱富国的刺激努力，而穷国将更难适应这种新形势。https://t.co/enanONQXE8 https://t.co/Qw2S4T1J…"
"2021-03-12","1370247492311293955","bbcchinese","RT @bbcchinese: 中国公司铺设通往法国的海缆被认为是中国向海外投射影响力。这不仅为中美关系增添了紧张因素，也把欧洲置于华盛顿的压力之下。
"2021-03-11","1369855187175624704","rijingzhongwen","RT @rijingzhongwen: 【受半导体短缺波及，DRAM价格创2年来高价】存储器DRAM由三星和SK海力士等自主制造，受到的影响轻微。但生产上一代产品的台湾部分企业放弃通用产品，转为制造台积电无法应付的定制产品等利润率更高的产品，现货市场的供求出现紧张…… http…"
"2021-03-10","1369736568555012096","bbcchinese","RT @bbcchinese: 十年前的福岛核电站事故造成的影响仍在，日本的追责和清理工作仍在继续。
"2021-03-10","1369732504358293504","dw_chinese","RT @dw_chinese: #中国的疫苗外交 目前有数十个国家都在等待中国的援手。中国政府已经承诺向世界各地捐赠近5亿支疫苗。北京试图迅速走出处理疫情早期的失败，疫苗外交可能是一种挽回颜面的策略。既可以将注意力转移到中国抗疫的努力，同时扩大中国在国际上的影响力。
"2021-03-09","1369119570787672066","ChineseWSJ","RT @ChineseWSJ: 美债收益率涨势延续至第六周，10年期美债收益率上涨至1.594%，为2020年2月以来的最高水平。受此影响，科技股延续跌势，拖累纳指进入回调区域。其中，苹果股价下跌5.06美元，至116.36美元，跌幅4.2%，今年以来累计下跌12%；特斯拉股价…"
"2021-03-08","1368783713216069636","ChineseWSJ","RT @ChineseWSJ: 去年年底，受美国施压影响，华为失去了短暂获得的全球最大智能手机制造商头衔，跌至第五位。现在，其销售用于移动网络的设备这一核心业务正受到冲击。数据显示，去年华为在全球（不包括中国市场）无线设备销售收入中所占份额下降2个百分点，至20%左右，落后于爱…"
"2021-03-08","1369035642391302146","ChineseWSJ","RT @ChineseWSJ: #股闻天下 正如生育率下降的幅度需要一年时间才能看得更加清楚一样，要看清生育率下降的完整幅度以及是否有任何回升，还需要再等上几年才能。一些股票已经感受到了影响，但2020年和2021年的人口出生率下降可能会对未来几十年的金融市场产生更加深远的影响…"
"2021-03-06","1368054456642797569","ChineseWSJ","RT @ChineseWSJ: #独家 知情人士透露，印度政府威胁要监禁Facebook、WhatsApp和Twitter的员工，以寻求镇压政治抗议活动，并在外资科技平台上获得具有深远影响力的话语权。
"2021-03-06","1368295046148018183","bbcchinese","RT @bbcchinese: 欧洲疫情早期的一些研究发现O型和AB型血与新冠之间可能有关联，也有研究认为血型对病毒感染的后果没有影响。
"2021-03-05","1367710502915207168","rijingzhongwen","RT @rijingzhongwen: 【集装箱难确保，日企从中国采购受影响】不少日本企业的进口成本上升至平时的2倍以上。由于“宅家需求”而畅销的日本家电日用品厂商不得不采取应对措施，提前预约或者调整运输路线，也有可能导致日本的日用品等物价上涨……https://t.co/gP…"
"2021-03-05","1367812388137754625","bbcchinese","RT @bbcchinese: “我发现得有点晚了，因为我没有意识到Reddit的影响渗透到现实世界”。
"2021-03-04","1367568553902243844","dw_chinese","RT @dw_chinese: 皮尤中心的最新调查显示，48%的美国民众认为，限制中国的影响力应是美国外交政策的一项首要优先事务。与此同时，对于中国人权政策的忧虑增加。
"2021-03-04","1367436849547943939","FTChinese","RT @FTChinese: #付费精选 【恒大汽车为什么能让香港富豪大出手？】全球负债最重的地产企业力争成为电动汽车领军者，还获得一些有影响力的投资者的投资，其电动汽车子公司的股价今年上涨了81%。https://t.co/h91FUijrc9 https://t.co/MF…"
"2021-03-03","1366944417286742017","dw_chinese","RT @dw_chinese: 微软2日在一篇博客文章中表示，一个与中国政府有关的黑客组织运用微软电邮服务器的漏洞，从远程入侵微软客户的电邮信箱。 资安专家表示，这种作法是黑客的惯用手法，而受影响的客户则遍及各大产业。https://t.co/R1Xy2MQqiJ"
"2021-03-03","1367010857352261637","rijingzhongwen","RT @rijingzhongwen: 【链接——台积电强大引起美国焦虑】全球半导体短缺，甚至发展到了各国政府请求台积电协助增产的罕见事态，一家企业的动向如此牵动全世界的情况很罕见。回顾历史可以看到美国与日本半导体贸易摩擦的影响……https://t.co/vK2cd6Sk90"
当全球芯片荒碰上台湾的缺水危机，会不会使芯片供应更加艰难？业内人士认为短期影响不大，但长期来看，除了可能限制晶圆厂在台湾的扩厂外，专家还提出其他应该思考的方向。
"2021-03-02","1366659108498141185","bbcchinese","RT @bbcchinese: 床上办公会引发一系列心理和生理上的健康问题。即使你现在没有注意到，负面影响可能是永久性的，会在以后的生活中出现。
"2021-03-01","1366233488068726788","rijingzhongwen","RT @rijingzhongwen: 【链接——日本近半数和牛为最高级“A5”级】养殖者希望通过交易价格较高的A5增加收入，不断为肥育作出努力。但受疫情影响，在日本餐饮行业陷入停滞，高档肉类的消费放缓。日本政府力争扩大出口……https://t.co/a4w41srJxG"
"2021-03-01","1366321612320960514","ChineseWSJ","RT @ChineseWSJ: 虽然多数行业领袖对政府启动电动汽车等新技术市场之举表示欢迎，但汽车制造商担心，没有广泛的结构性变革，补贴只会产生短期影响，不会创造一个自我持续的市场。它们敦促政府将更多精力放在以下方面：发展充电站等基础设施、为建造电池厂提供支持，以及对排放二氧化…"
"2021-02-27","1365564627669577732","ChineseWSJ","RT @ChineseWSJ: #本周热读 中国正组建一个庞大的供应网络，目的是加快中国新冠疫苗的交付速度，并深化该国在发展中国家的影响力。这关系到中国软实力方面的潜在回报：一是可以收获需要低成本新冠疫苗的诸多发展中国家的政治家和人民的友好态度，二是可以赢得全球公共卫生守卫者的…"
"2021-02-25","1364845793211949058","bbcchinese","RT @bbcchinese: 据当地媒体报道，俄罗斯捷尔任斯克市（Dzerzhinsk）一座已废弃的玻璃工厂附近近期出现了几只蓝色毛的狗狗🐕。它们随后被送到兽医诊所接受检查。据报道，它们看起来都很健康，但仍有人担心，它们毛发变色是受到有毒化学物质的影响。
"2021-02-24","1364411690754842628","ChineseWSJ","RT @ChineseWSJ: 随着投资者押注经济重启，加密货币等新冠疫情期间涨幅最大的资产最近几天已走低。美国国债收益率已升至一年来的最高水平。加密货币还受到其他一些诱因影响。刚过去的周末，币圈最富有的鼓吹者、特斯拉CEO马斯克发推称，比特币和以太币的价格“似乎已较高了”。h…"
"2021-02-24","1364675571893104640","ChineseWSJ","RT @ChineseWSJ: #视频 随着传播性极强的新冠病毒新变种横扫世界各地，科学家们正争分夺秒地研究这些变种为何传播得更加迅速，以及这对于疫苗有效性将会有怎样的影响。这一视频中，专家们将介绍主要的变种，解释为何它们更易与人体细胞结合，或者影响抗体发挥作用。https:/…"
"2021-02-22","1363935251102240769","FTChinese","RT @FTChinese: #付费精选【远程学习的巨大代价】哈福德：居家学习让学生父母背上了沉重的负担，还可能影响孩子的心理健康，但最让我担忧的还是无法在校学习的长期成本。https://t.co/4nNmhv6pAY https://t.co/90sdo0VyJX"
"2021-02-22","1363742519851315200","ChineseWSJ","RT @ChineseWSJ: “昨天事故发生后，我们查看了所有可查的安全数据，”FAA局长迪克森，“我们根据初步信息得出的结论是，应该缩短对这款引擎独有的空心风扇叶片的检查间隔，这款引擎只用于波音777飞机。”FAA称，美联航是美国唯一受到影响的航空公司。https://t.…"
"2021-02-20","1363052274080124929","rijingzhongwen","RT @rijingzhongwen: 【摘】外资基金首次大举登陆日本是在1990年代后半。为开展不良债权投资而设置日本事务所的基金公司将重心转向企业重建和增长支援。第2次是2000年代中期。当时外资基金对日本企业的并购活跃，美资巨头相继登陆日本。不过，由于雷曼危机影响，投资对…"
"2021-02-17","1361873659514613768","rijingzhongwen","RT @rijingzhongwen: 【丰田因地震在日本停产半数生产线】丰田发布消息称，受地震影响零部件供给陷入停滞，日本国内9座工厂的14条生产线自17日至20日最长停产4天。雷克萨斯等广泛车型的生产线为停产对象，每日将减产5000～6000辆左右……https://t.c…"
"2021-02-13","1360688472864956416","bbcchinese","RT @bbcchinese: 每年的农历新年期间，澳大利亚蓝山都会挤满来自亚洲的旅客。不过受疫情影响，澳洲向外国人关闭边境，令当地的旅游业大受打击。
"2021-02-09","1359166274606149634","dw_chinese","RT @dw_chinese: 在东非地区，中国的影响力远远不局限于经济与政治层面。当地民众的日常生活、流行文化如今都有深刻的中国烙印。越来越多的非洲年轻人学习中文，希望借此找到一份好工作。 https://t.co/Gs2Nottpsy"
"2021-02-06","1357953061931556864","ChineseWSJ","RT @ChineseWSJ: #本周热读 这项研究可能是莫斯科在全球疫苗接种竞赛中的一个重要里程碑，有可能为普京政府提供在发展中国家的地缘政治影响力，并有机会进入利润丰厚的全球疫苗市场。https://t.co/YpZxGpZySc"
"2021-01-29","1355253975537176577","ChineseWSJ","RT @ChineseWSJ: 苹果CEO库克尖锐批评了算法对社会的影响，还批评了把消费者变成一种广告产品的应用程序追踪工具，并为该公司计划在未来几个月推出的新隐私工具进行了辩护。https://t.co/nkcGJV8wbQ"
"2021-01-26","1354051293984116737","ChineseWSJ","RT @ChineseWSJ: #市场分析 GameStop现在俨然成了令人瞩目的战场：一方是活跃在聊天论坛、特别是社交网络平台Reddit上的日内交易者，他们看涨GameStop股票；另一方是对冲基金卖空者，他们一直在做空GameStop股票。这场拉锯战也凸显出散户投资者影响…"
"2021-01-19","1351381528111005696","rijingzhongwen","RT @rijingzhongwen: 【“苹果汽车”会带来什么？】中山淳史：美国苹果公司将出汽车的消息接连不断，如果属实这有可能给现有汽车厂商造成很大影响。竞争的格局将是以丰田等有实力的部分现有车企和以特斯拉、苹果为核心的主要玩家角逐。但苹果不会为应对这种消耗战而设想新业务……"
"2021-01-14","1349715016820277250","ChineseWSJ","RT @ChineseWSJ: 要求特斯拉召回的是部分Model S豪华轿车和Model X运动型多用途车，因这些汽车的触控式屏幕在使用几年后可能会失灵，影响车辆的安全功能，比如除雾和倒车影像等。https://t.co/EfylCI3RoS"
"2021-01-12","1349097026844168192","ChineseWSJ","RT @ChineseWSJ: 亚马逊将不再向Parler提供云计算服务，苹果公司也将Parler的应用从App Store中下架。而在之前一天，谷歌也将Parler从其Play Store应用市场中下架。但谷歌表示，此举并没有影响Parler在互联网或其他Android应用商…"
"2021-01-08","1347577328579211266","rijingzhongwen","RT @rijingzhongwen: 【暴风！大雪！日本多地遭遇恶劣天气】受大雪和暴风影响，秋田县、山形县、福岛县及新潟县4县约有3万3540户停电。羽田机场的最大瞬时风速达到24.7米/秒，创下1月的最高纪录……https://t.co/2zmZ0yGVEG https:/…"
"2020-12-14","1338578988805967872","ChineseWSJ","RT @ChineseWSJ: 新冠肺炎的不同之处在于其影响的深远性。医生表示，尽管这个疾病始于肺部，但通常会影响身体的许多其他部位，包括心脏、肾脏、消化系统和神经系统等。西奈山医疗系统新冠后护理中心医疗主任说：“我从未见过像新冠这样能以多种方式影响这么多不同器官系统的疾病。”…"
"2020-12-04","1334695962661416960","rijingzhongwen","RT @rijingzhongwen: 【理光等5家复印机公司裁员1.6万人】在办公无纸化和新冠疫情的影响下，居家办公普及，复印机的销售和维护服务低迷……https://t.co/JcvsSuuqRH https://t.co/ltBudI9IZw"
"2020-11-25","1331446708702638080","ChineseWSJ","RT @ChineseWSJ: 在又一种候选新冠疫苗上周发布乐观数据后，道琼斯指数升至纪录高位，但疫苗的生产、分销和广泛接种需要时间，这意味着对经济的积极影响至少要到2021年春季才会显现。https://t.co/mlNlifa1gj"
"2020-11-20","1329629597248278533","rijingzhongwen","RT @rijingzhongwen: 【全球黄金回收量第3季度增长31％】金价及经济状况对黄金回收量的增减有很大影响。受经济恶化影响，泰国和伊朗的黄金回收量增加。中国和欧洲则在金价上涨的背景下，黄金出售增加……https://t.co/7Wqt8KlgJX https://t…"
"2020-11-12","1326726464104902656","rijingzhongwen","RT @rijingzhongwen: 【中国产蔬菜在日本价格大涨】每公斤中国产加工洋葱的价格约合人民币5.34~5.65元，同比上涨约2成。受主要产地甘肃省上年丰收的反作用影响，农民种植减少。大葱的价格则翻了一番……https://t.co/A5nyi4d6dw https:…"
"2020-11-11","1326384857782624258","rijingzhongwen","RT @rijingzhongwen: 【全球半导体晶圆7~9月出货面积减1%】面向数据中心的服务器设备投资放缓，再加上企业此前增加库存的影响，出货面积环比减少……https://t.co/3t1jdQg9U6 https://t.co/R6IperExIW"
"2020-10-15","1316707665163161602","ChineseWSJ","RT @ChineseWSJ: Zillow高级经济学家称，最近人们对离大城市开车不远的郊区和乡村地区房子的兴趣上升，与此类似，对度假城镇房子需求的增长显示了新冠疫情对购房者优先选项的影响。https://t.co/yOkL6P01Uo"
