"2021-10-11","1447467426602373122","rijingzhongwen","RT @rijingzhongwen: 【东京新冠感染降至今年来最低】东京10月10日新增60人感染，比进入2021年之后最少的10月9日（82人）进一步减少…… https://t.co/XunGyMfEq6 https://t.co/lnAhuacEcI"
"2021-10-04","1445053771243946001","zaobaosg","RT @zaobaosg: 马来西亚政府上个月在著名旅游胜地浮罗交怡试行国内旅游泡泡后，当地直落尼蒙一家知名五星级酒店上周五暴发冠病感染群。政府已经下令这家酒店暂时关闭。这是旅游泡泡计划实施以来，当地首次出现冠病感染群。
"2021-09-22","1440595827135631377","zaobaosg","RT @zaobaosg: 福建省冠病本土疫情仍未结束，今年初曾遭疫情肆虐的黑龙江省会哈尔滨昨天新增一名病毒阳性感染者，官方对此不敢掉以轻心，当天宣布民众没有必要就不离开哈尔滨。
"2021-09-16","1438357637217718275","rijingzhongwen","RT @rijingzhongwen: 【日本无症状感染增多，打完两针疫苗仍中招】东京都的新冠“监控检测”显示，截至9月5日1周内，每10万人口有640人感染，阳性率是政府“行政检测”的10倍。几乎全是无症状感染者。日本9月1～3日新增约4.2万人感染，其中2568人打完两针疫…"
"2021-09-16","1438548646572662794","nanyangpress","RT @nanyangpress: 一名46岁男子确诊感染冠病，因延误就医，导致肺部呈现“玻璃碎片”模样。
"2021-09-15","1437972247738667009","ChineseWSJ","RT @ChineseWSJ: “一旦成熟经济体的疫苗接种率超过一定门槛，封锁措施得以解除，人们将更愿意出门进行公路旅行和航空旅行，尽管德尔塔变体感染病例数仍较高，”一名石油市场分析师说。“这将在明年带动新兴市场需求，因此很可能会看到石油需求恢复到新冠疫情前的水平。”https…"
"2021-09-15","1437950454650982400","zaobaosg","RT @zaobaosg: 专家认为，在全球冠病疫情结束前，几乎所有人都将受到感染或是接种过疫苗，或两者兼而有之，少数运气差的人可能被感染不只一次。
"2021-09-14","1437658350032850949","ChineseWSJ","RT @ChineseWSJ: 根据公民实验室，以色列网络安全监控公司NSO Group自2月以来一直在利用这个安全漏洞通过iMessage悄悄入侵iPhone，用户不需点击链接或打开文件就会让手机被感染。该组织的一名研究人员说：“人们应该立即更新他们的苹果设备。”https:…"
"2021-09-10","1436200836065988612","dw_chinese","RT @dw_chinese: 文件显示，总部设在美国的生态健康联盟从 #福奇 负责的国家过敏和传染病研究所获得了约310万美元的拨款。 The Intercept报导指出，在这笔拨款中有59.9万美元给了 #武汉病毒研究所，专门用于资助 “识别和改造可以感染人类的蝙蝠冠状病毒…"
"2021-09-05","1434456108366659587","nanyangpress","RT @nanyangpress: 他的右边眼睛在打了第一针冠病疫苗3天后就开始出现一片白色的东西。这可能是疱疹病毒（Herpes Simplex），而且是很久之前已经感染到。那时可能只是红眼症。但是疱疹病毒会潜伏在眼睛的神经线里，当身体的抵抗能力比较弱时就会复发。
"2021-09-03","1433697976833089541","rijingzhongwen","RT @rijingzhongwen: 【东京医疗机构应政府请求增加的新冠病床为零】截至9月1日，东京都内用于新冠重症患者的病床使用率已达97％。东京都和日本厚生劳动省根据修订后的日本《感染症法》请求约400家医疗机构增加病床，但截至9月1日增加数仍为零……https://t.…"
"2021-09-02","1433343410576838661","nanyangpress","RT @nanyangpress: 日本卫生劳动部1日表示，6月和7月在日本机场进行冠病检疫时，查到2个感染新变种病毒株Mu病例，两位感染者分别来自阿联酋及英国。https://t.co/BvgNtFwq8L https://t.co/0XkmMs2fCB"
德国科学家利用废旧塑料，构建了一种新型人工蜂巢，能够有效防止蜂群遭到寄生虫感染。 https://t.co/TNcOjz8f6u"
"2021-08-28","1431764595287343104","ChineseWSJ","RT @ChineseWSJ: 不打疫苗就交钱。达美航空将要求未接种疫苗员工每月缴纳200美元医保附加费。到9月底，达美航空将只为出现突破性感染的完全接种疫苗的员工提供因新冠误工的薪酬保护。https://t.co/ODM4fGNgIR"
"2021-08-23","1429698243449954309","rijingzhongwen","RT @rijingzhongwen: 【“与病毒共存”动摇欧美经济乐观论】感染力强的德尔塔型新冠病毒肆虐，企业景气度和消费者心理的改善停滞不前。放松已完成接种者的行动限制、在重振经济的同时兼顾遏制疫情这一欧美的“与病毒共存”的复苏前景正受到考验…… https://t.co/…"
"2021-08-22","1429402254990139397","zaobaosg","RT @zaobaosg: 英格兰公共卫生署表示，7月11日意大利对英格兰的欧锦赛决赛，可能已经导致2295人感染冠毒，这个数字可能还要额外增加3404人。决赛当天共有6万7000人入场观赛。英格兰卫生署副卫生主管表示：“欧锦赛是一项特殊的活动，我们不会在未来的其他活动上看见类…"
"2021-08-21","1428997479412899840","dw_chinese","RT @dw_chinese: 过去18 个月，Marta常从医生那里得到这样的答复：""您得有耐心。""但是，她无法再等了。因为在感染新冠病毒一年多后，她反复发烧、疲劳、心悸、记忆力减退、血液缺氧。这位喜欢旅行和锻炼的博士生，现在做饭都时不时会喘气 https://t.co/Ao…"
"2021-08-20","1428796260895526916","rijingzhongwen","RT @rijingzhongwen: 【日本感染新冠的孕妇增加】8月17日，一名感染新冠在千叶县家中疗养的孕妇发现出血，但找不到接收的医院，直接在家中生产，婴儿死亡。虽然孕妇感染后重症化风险很高，但仍有很多人对打疫苗态度消极。有孕妇说：“害怕，不敢打”……https://t.…"
"2021-08-12","1425691628950343682","dw_chinese","RT @dw_chinese: 马尔堡病毒是已知最危险病毒之一。它会感染血液、肝脏和皮肤细胞，从而在人体内迅速强力扩散。
"2021-08-10","1425181528724676609","nanyangpress","RT @nanyangpress: 由于新冠病毒delta变种感染病例增加，导致各地实施新的出行限制，中国航空公司提供的客座运力创下疫情初期以来最大降幅。https://t.co/afiuj60vZ4 https://t.co/JeyMoFRhxZ"
"2021-08-08","1424434992239714304","dw_chinese","RT @dw_chinese: https://t.co/GjYFDv1OzC 传言不新，但言之凿凿：接种新冠 COVID-19 疫苗会使您不孕不育——无论男女。这种担忧有道理吗？感染新冠本身又有多危险？"
"2021-08-07","1423912109264424960","nanyangpress","RT @nanyangpress: 在德尔塔变种冠病病毒肆虐下，中国6日通报新增124宗确诊病例，其中80宗属于本土感染。河南省许昌市星期四晚上宣布封城后，当地出现抢粮潮。https://t.co/VaNoHDSziD https://t.co/wPUyqQIUTe"
"2021-08-06","1423542020434391042","dw_chinese","RT @dw_chinese: 作为新冠病毒德尔塔变异毒株快速传播的后果，东京周四（8月5日）录得 5042 新感染病例，为新冠大流行瘟疫爆发以来最高水准。专家们担心，未来两星期内，日染疫数量可能升至 1万 https://t.co/S1a2In5Wml"
"2021-08-06","1423575191242764290","FTChinese","RT @FTChinese: 【新冠确诊逾2亿：中国坚持动态清零，全球疫海无边】叶胜舟：西方发达国家提前开放存在感染高风险，亚洲尤其东盟新增病例太多太快，全球疫情仍未见拐点、结束更遥远。https://t.co/aTeu1w09aY https://t.co/1A7yXvzKws"
"2021-08-04","1423010398047899653","FTChinese","RT @FTChinese: #付费精选 【研究：接种疫苗可减少半数Delta变种感染】帝国理工学院最新的React-1感染率调查显示，完成疫苗全程接种可以使新冠病毒Delta变种的传播减半，预防新冠肺炎症状的有效性为60%。https://t.co/ClTSSd5JJB ht…"
"2021-08-04","1422793882123661316","ChineseWSJ","RT @ChineseWSJ: 科学家们说，新冠病毒德尔塔变种毒株的感染者携带的病毒水平要高得多，旧的经验法则已经不再适用，现在是时候重新思考我们的防疫方法了。
"2021-07-31","1421613937288564736","rijingzhongwen","RT @rijingzhongwen: 【链接——日本盐野义制药启动口服新冠治疗药临床试验】可供患者感染后早期通过口服药物来降低体内的病毒量，以此抑制重症化和改善呼吸系统症状……
"2021-07-30","1420999959432687624","rijingzhongwen","RT @rijingzhongwen: 【日本单日新增感染首超1万人】在7月28日超过9000人，29日首次超过1万人，连续两天创出新高。东京都和神奈川县的新增感染人数分别为3865人和1164人，双双创出新高，被认为受到印度型（德尔塔）变异病毒的影响……https://t.c…"
"2021-07-28","1420266436111454210","rijingzhongwen","RT @rijingzhongwen: 【东京新冠感染人数达到创新高的2848人】加上埼玉、千叶和神奈川的4个都县共确诊4604人，超过了“第3波”的顶峰。3县知事将于28日举行在线会议，向国家要求发布紧急事态宣言……https://t.co/KxhkKCVWiT https:…"
"2021-07-25","1419097190794874880","zaobaosg","RT @zaobaosg: 马六甲郊区一家鸡蛋农场有20名员工确诊感染冠病，卫生局下令关闭两周，意味着全马市场这段期间的鸡蛋供应将减少至少2100万颗，价格可能因此上涨10%至20%。
"2021-07-25","1419150612348870657","bbcchinese","RT @bbcchinese: BBC记者露西·亚当斯2020年3月感染新冠，此后饱受“后遗症”困扰。她想知道，究竟什么是新冠长期症状？怎样做、要多久才能恢复？https://t.co/pr7cioP37x"
"2021-07-24","1418816262654894080","nanyangpress","RT @nanyangpress: 以色列卫生部22日发布的数据显示，受冠病变种病毒德尔塔毒株的影响，美国辉瑞疫苗在以色列预防冠病感染的有效率降至39%。https://t.co/OYhuTTEJF9 https://t.co/HIsHgLT4og"
"2021-07-24","1418815956416139271","zaobaosg","RT @zaobaosg: 以色列卫生部最新发布的数据显示，受变异冠病病毒德尔塔毒株的影响，辉瑞疫苗在以色列预防冠病感染的有效率降至39%。不过，这疫苗预防感染者发展到入院治疗的有效率为88%，预防重症有效率为91.4%。
"2021-07-22","1418115905406390275","nanyangpress","RT @nanyangpress: 美国当前新增的冠病确诊病例，83%都是感染德尔塔变种病毒，占比较月初的50%暴增。
"2021-07-21","1417721373263228932","nanyangpress","RT @nanyangpress: 瑞士制药巨擘罗氏大药厂（Roche）20日表示，日本全面核准罗氏的抗体疗法”Ronapreve”，治疗感染冠病轻中症病患，成为全球第一个批准的国家。 https://t.co/f6kbusPEay https://t.co/dH1xZ12ywN"
"2021-07-21","1417724293652221957","zaobaosg","RT @zaobaosg: 马来西亚国家冠病免疫计划接下来将以辉瑞疫苗为主，引发民众尤其是已接种科兴疫苗的人士质疑科兴疫苗的效用，卫生总监诺希山为此强调，医学数据显示，科兴与辉瑞疫苗并无太大区别，在预防重症及降低感染和住院率方面都非常有效。
"2021-07-16","1416083229598158852","zaobaosg","RT @zaobaosg: 新加坡KTV夜店冠病感染群当中的本地病患年龄介于19至60岁，其中很多是夜场常客；截至周四（7月15日）确诊88名病患当中，也只有6人完成疫苗接种程序。
"2021-07-16","1416086276890038275","nanyangpress","RT @nanyangpress: 菲律宾首次发现在本土感染的德尔塔（Delta）变种冠病病毒确诊病例，一人病亡。https://t.co/zC9oFBLVLu https://t.co/b1bgKDIBig"
"2021-07-14","1415319480230625282","bbcchinese","RT @bbcchinese: 目前非洲每周新增病例已经超过了2021年1月第二波高峰时的记录。但是非洲大陆只有不到2%的人完成了疫苗接种。世界卫生组织警告说，随着新的、更易传播的变异毒株导致感染，非洲第三波疫情可能会恶化。https://t.co/VTyTTjiPEa"
"2021-07-11","1414280758110294017","nanyangpress","RT @nanyangpress: 每天饮用适量咖啡可减低感染冠病？根据美国西北大学（Northwestern University）一项研究证实每天喝咖啡者，有效减低10%感染风险。
"2021-07-10","1413815354502139905","zaobaosg","RT @zaobaosg: 随着越来越多国人完成冠病疫苗接种，他们一旦感染冠病，更可能仅出现轻微症状或无症状。新加坡国立大学苏瑞福公共卫生学院院长张毅颖教授认为，这意味着已接种民众与未接种人群，尤其是年长者互动时，要多加小心，以防在不经意间传播病毒。
"2021-07-09","1413385527072415746","ChineseWSJ","RT @ChineseWSJ: 疫苗并非100%有效，所以一些人即便接种了两剂疫苗，仍然会被感染。尽管存在突破性感染病例，完成接种的人群出现重症和死亡的比例显著降低。对抗感染能力更强的德尔塔变异毒株，疫苗也有效。
"2021-07-09","1413383653841797122","rijingzhongwen","RT @rijingzhongwen: 【日经新冠复苏指数：亚洲倒退、欧洲领先】“日经新冠复苏指数”显示，截至6月底，复苏度高的是中国大陆。但在前10位以内，没有其他亚洲国家和地区。在亚洲的很多国家和地区，自2020年底至2021年初，新增感染者较少，目前疫情重新扩大……htt…"
"2021-07-05","1412147699067998219","nanyangpress","RT @nanyangpress: 为了降低航空领域员工的感染风险，机场冠病疫苗接种中心正式投入运作。
"2021-07-03","1411201142814515202","nanyangpress","RT @nanyangpress: 大马冠病感染率正在上升，卫生部指如今我国的冠病基本传染数（Ro/Rt）为1.07，高于一周前的0.96。https://t.co/TznkkXBocZ https://t.co/pAaUg7vwKr"
"2021-07-02","1410831150373761033","ChineseWSJ","RT @ChineseWSJ: #CWSJ周四重温 过去，在近视治疗过程中，医生会让儿童佩戴一种被称为角膜塑形眼镜的隐形眼镜，简称OK镜。根据2018年的一篇论文，Ortho-K镜片也有比较小的可能会让近视患者感染一种眼疾，并最终导致失明。不过，验光师称，只要正确佩戴，感染角膜…"
"2021-07-02","1410829384550805508","rijingzhongwen","RT @rijingzhongwen: 【海外奥运代表团陆续入境日本】仅1天就有100人以上抵达日本，预计4日之前将有约400人入境。奥组委正在考虑统计奥运会期间运动员及相关人员的感染病例并予以公布……https://t.co/pR2YDTg4Is https://t.co/3…"
"2021-07-02","1410877924228558848","zaobaosg","RT @zaobaosg: 过去四天，本地社区冠病病例维持在单位数，也没有任何无关联病例，活跃感染群数量更逐渐减少。新加坡国立大学苏瑞福公共卫生学院院长张毅颖教授说，这表明社区疫情已有效受到控制。https://t.co/mHJeKeChqE"
"2021-07-02","1410831659511865344","bbcchinese","RT @bbcchinese: 分析认为澳洲和英国的案例显示，接种疫苗虽然仍然是防治新冠肺炎的最好方法，但Delta变种的感染能力比一般新冠病毒毒株强，令当局需要考虑改变过去的防疫方式。https://t.co/EWabtfWOy4"
"2021-06-30","1410162399970160642","nanyangpress","RT @nanyangpress: 俄罗斯周二通报新增652人感染冠病死亡，创下疫情爆发以来单日不治人数新高。确诊人数在过去几周激增，重创圣彼得堡和首都莫斯科，德尔塔变种病毒占首都确诊病例九成。https://t.co/8ptU7eyw2S https://t.co/imGGe…"
"2021-06-27","1409009704190152705","zaobaosg","RT @zaobaosg: 早前确诊感染冠病的红山西邻里警岗女警员，上星期天（20日）曾因在值勤时有人报案而到过红山景第121座组屋。她目前被列入红山景巴刹与熟食中心感染群。
"2021-06-27","1409074759300620292","zaobaosg","RT @zaobaosg: 台湾昨天（6月26日）通报了首起德尔塔（Delta，原称B16172）冠病变种毒株本土病例，并对出现德尔塔感染群的屏东收紧防疫管制。https://t.co/KUy1lgYffn"
"2021-06-27","1409074611266850825","zaobaosg","RT @zaobaosg: 樟宜综合医院至今共六名员工确诊感染冠病，医院积极防堵病毒传播，让所有住院病人接受检测，他们若出现发烧或呼吸道症状或得接受隔离。这些病房也不允许访客探访，直至另行通知。
"2021-06-27","1409233750022516739","nanyangpress","RT @nanyangpress: 药剂师提醒，尽管感染冠病的儿童病情比年长者较轻，但不排除诱发多系统炎症综合症（MIS-C）的可能，一旦重症感染，高炎症休克并发，可能会导致身体器官功能衰竭，为此若出现症状须及时求医。https://t.co/M4Zp1fu37u https:…"
"2021-06-27","1409226609282875393","dw_chinese","RT @dw_chinese: 感染新冠病毒12周以后，施密茨仍然存在以下症状：脱发、出汗、失眠、头痛、肌肉痉挛、昏昏欲睡以及通常被称为 ""脑雾 ""的注意力和记忆力问题: “有时候，我会突然忘记认识了五年的同事的名字，而且是在刚刚和他们一起工作了整个上午之后。” https:/…"
"2021-06-26","1408851526961930240","zaobaosg","RT @zaobaosg: 自一对自秘鲁返台的祖孙被检出感染德尔塔（Delta，也称B16172）变种毒株后，台湾相关本土个案病毒序列今出炉，这也意味着德尔塔变异株已进入台湾社区。 https://t.co/UCEvPFM7Cd"
"2021-06-25","1408453895458738177","dw_chinese","RT @dw_chinese: 德尔塔变异病毒株 #Delta 已在中国广州、深圳、东莞三地造成感染。  中国疾控中心研究员冯子健在接受中国央视节目采訪时说，中国现有的两种灭活疫苗💉对新冠德尔塔变异毒株的效力有所下降，但是仍然有保护作用。https://t.co/DDJmS8s…"
"2021-06-24","1407967768066990081","nanyangpress","RT @nanyangpress: 预计到8月底，欧盟的Delta变种病毒感染病例恐占总病例数的90%。
"2021-06-19","1406048288793526275","zaobaosg","RT @zaobaosg: 新加坡数据显示，接种疫苗后免受冠状病毒感染的几率是79.1％。卫生部长王乙康今天（6月18日）在政府抗疫跨部门工作小组记者会上公布以上信息。他说，这是卫生部分析2万9000个隔离者的数据得出的结论，当中包含已接种者与未接种者。https://t.co…"
"2021-06-18","1405996500102963202","zaobaosg","RT @zaobaosg: 以色列的研究显示，缺乏维生素D的人如果感染冠病，与维生素D水平正常的人相比更有可能发展成重症甚至死亡。https://t.co/fUD2phn4Nn"
"2021-06-17","1405412330725277702","rijingzhongwen","RT @rijingzhongwen: 【日本19岁以下新冠感染者比例在上升】3月以后，19岁以下人群在日本新增感染人数中所占比例达到1成以上。背景是变异毒株的传播……https://t.co/TCABJcMcnD https://t.co/4jWcqZ8fLd"
"2021-06-09","1402507799024730117","bbcchinese","RT @bbcchinese: 台湾苗栗科学园区外籍移工群聚感染，引起科技业紧张。台防疫官员陈宗彦说，外籍劳工是我们的朋友，协助台湾各行各业，盼各界不要排挤歧视。
"2021-06-09","1402529150397685767","nanyangpress","RT @nanyangpress: 彭博资讯报道，印度一些医生发现，迄今为止感染力最强的Delta变种病毒（原称印度变种病毒 B.1.617）会导致患者出现听力损失、严重胃部不适、血栓导致身体组织坏死、颈部肿胀和严重扁桃腺发炎等症状。https://t.co/AYmUaQBEJ…"
"2021-06-09","1402527821998673920","nanyangpress","RT @nanyangpress: 大马疫情面临失控，全国被迫全面封锁，禁止一切社交和非必要经济活动，希望降低感染人数，缓解医疗压力。接种疫苗成为民众唯一的依赖。
"2021-06-08","1402128040923078665","rijingzhongwen","RT @rijingzhongwen: 【台湾京元电子发生聚集性感染，或影响芯片供应】在206名感染者中，168人是以菲律宾人为主的外国人。京元电子主要涉足半导体封装……https://t.co/vwj9EHIlbA https://t.co/i6ZgtC5iJd"
"2021-06-06","1401431586264862730","bbcchinese","RT @bbcchinese: 印度正在努力应对新冠病例的快速增长，但一场严重而罕见的真菌感染正在影响一些新冠病毒患者，给该国带来了双重打击。
"2021-06-05","1401050107122905088","zaobaosg","RT @zaobaosg: 广东冠病疫情持续，专家指出这次病毒株感染的最大特点，是患者鼻咽拭检测冠病病毒的核酸载量特别高，比去年的患者高出接近一倍。
"2021-06-04","1400673604438618114","zaobaosg","RT @zaobaosg: 台湾本土病例持续上升，年轻人确诊率也明显增加，官方昨天（3日）呼吁民众端午节连假期间不要返乡。在疫情最严重的台北市和新北市，逾40%病例都是在家中受感染，台北市长柯文哲感叹，再拖下去，更难收拾残局。
"2021-06-02","1399961149936861185","zaobaosg","RT @zaobaosg: 广东省卫生健康委员会发布数据显示，广东前天新增11起本土确诊病例，全部来自广州，全省也出现两起本土无症状感染者。
"2021-06-01","1399616073830305792","zaobaosg","RT @zaobaosg: 为防校园暴发感染群，德国一些地区的学校近期开始让学童进行快速冠病病毒检测，图为杜塞尔多夫（Duesseldorf）一所小学的学生周一返校上课时，把棉签放入口中采集自己的唾液样本。
"2021-05-31","1399219041479237632","zaobaosg","RT @zaobaosg: 广州连日来出现确诊冠病病例和无症状感染，官方继前天下令荔湾区五个街区居民停止户外活动以阻断疫情扩散，也宣布海珠区及越秀区昨天至周二（6月1日）展开全员核酸检测工作。
"2021-05-30","1399082984251170817","dw_chinese","RT @dw_chinese: 越南发现的新变种病毒结合了印度和英国病毒株，传染力更强，可能是造成近期感染率暴增的主因
"2021-05-27","1397830951888064513","bbcchinese","RT @bbcchinese: 东京奥运会已推迟一年，预计将于7月举行。但随着日本感染病例和疫苗问题不断涌现，大量民众要求取消比赛。 https://t.co/6XisXSVHKY"
"2021-05-27","1397849492934709249","zaobaosg","RT @zaobaosg: 多种冠病变种毒株已传开，特征是更具传播力，造成更严重疾病的风险。面对感染变种病毒数字激增，变异毒株研究须加速，以及协助出现变种病毒的国家加快疫苗接种计划，缩小发展中国家和富国之间在获取疫苗方面的差距。国际须合作抗疫，才能让民众回归正常生活，解救更多性…"
"2021-05-26","1397480117463486476","zaobaosg","RT @zaobaosg: 澳大利亚第二大城市墨尔本新出现的冠病感染群确认人数增至五人，当局周二（25日）再次收紧限制措施，并加紧追踪源头不明病例。https://t.co/NyII6SPCeQ"
"2021-05-23","1396515097661505536","zaobaosg","RT @zaobaosg: 新增本土病例中，三起与早前确诊者有关联但未列入感染群，包括一名52岁送货司机，他是早前确诊的亚历山大医院24岁基本护理助理的男家属。
"2021-05-20","1395223064938352644","bbcchinese","RT @bbcchinese: 一名澳大利亚籍男子在印度首都德里因感染新冠病毒去世，他在澳大利亚禁止其公民从印度回国的时候感染。
"2021-05-18","1394549280715644929","rijingzhongwen","RT @rijingzhongwen: 【研究发现日本人新冠易于重症化的遗传特征】日本庆应义塾大学等的研究团队收集了日本国内3400余名新冠感染者的血液等，分析了遗传信息。发现如果涉及免疫的基因“DOCK2”的周边发生特定变化，重症化风险将随之提高。除了调查日本人之外，还针全球…"
"2021-05-18","1394552411021217792","zaobaosg","RT @zaobaosg: 泰国曼谷两座监狱暴发的冠病疫情继续扩大，监狱感染群周一（5月17日）新增近7000起确诊病例，将全国单日新增病例推至新高，达9635起。这是自去年疫情暴发以来的最高单日增幅。https://t.co/Zi4waYmVHJ"
"2021-05-16","1393761253315645442","zaobaosg","RT @zaobaosg: 从即日起到下个月13日，德士和私召车不能载超过两名乘客，除非他们是同户住户，以降低不同住户乘搭公共交通时导致的交叉感染风险。https://t.co/roXib3Yh6c"
"2021-05-12","1392352558060957696","ChineseWSJ","RT @ChineseWSJ: 在国内60%以上人口接种新冠疫苗之后，塞舌尔再次出现感染激增的情况，这确实令人震惊。该国已有约3.8万人接种了中国国药集团的新冠疫苗，其余接种者注射的是印度血清研究所生产的阿斯利康疫苗。塞舌尔外交部长为中国疫苗进行了辩护，认为人们不应开始质疑中国…"
"2021-05-11","1392016027244892162","dw_chinese","RT @dw_chinese: 从今天开始，在德国完成两剂新冠疫苗接种者和感染后痊愈者可以“解禁”了。
"2021-05-11","1392013247012696065","zaobaosg","RT @zaobaosg: 新加坡无关联病例有增加的趋势，加重了追踪病毒源头的困难，而携带病毒者或许不知道本身已感染，很可能将病毒传染给其他人。除了加强边境的管控，政府必须不时检讨内部措施，同时也应提供更多关于疫苗、变种病毒等的最新信息，让国人真正认识这场疫病，以此强化防疫意识…"
"2021-05-10","1391648765908377611","zaobaosg","RT @zaobaosg: 新加坡机场和海港过去10天出现12起冠病确诊病例，一些病例也感染传染力更强的变种病毒。为此，新加坡民航局和樟宜机场集团宣布，即日起关闭樟宜机场第三搭客大厦（T3）地下二层；海事及港务管理局和新加坡港务集团也将增加前线宿舍客工的检测频率，以加强防疫。…"
"2021-05-09","1391445657097949185","zaobaosg","RT @zaobaosg: 樟宜机场出现新的冠病感染群，确诊的八名病患都在第一或第三搭客大厦工作。为降低病毒在社区广泛传播的潜在风险，卫生部将为那些在5月3日曾到过樟宜机场第三搭客大厦的公众，提供免费冠病检测。
"2021-05-09","1391445824438038534","zaobaosg","RT @zaobaosg: 本地今天（5月9日）有三起无关联的冠病社区病例，当中有两名确诊者感染的是目前印度最常见的双重变种毒株。
"2021-05-08","1390917202488922114","rijingzhongwen","RT @rijingzhongwen: 【本田在印度暂停汽车生产】印度的新冠病毒感染人数急剧增加，出于防疫考虑，本田在拉贾斯坦邦的工厂将停产至18日……https://t.co/hjvJGvUhcV https://t.co/sSTmggSIRv"
"2021-05-08","1390921911593439236","dw_chinese","RT @dw_chinese: #慕尼黑啤酒节 粉丝又要失望了；柏林泰格尔机场正式熄灯走入历史；德国老饕们引颈期盼的白芦笋季到来，但负责采收的东欧工人却爆发群聚感染…来看看德国有哪些值得关注的大小事。
"2021-05-08","1390920506119843843","ChineseWSJ","RT @ChineseWSJ: 虽然美国经济走出新冠疫情和相关封锁举措的阴影并取得强劲表现，但失业率却依然远远高于疫情前水平。调查发现了一些人不能或不愿重返工作岗位的原因：害怕感染或传播新冠病毒；无法照顾子女；许多人领取的失业救济金比上班能挣到的钱更多。
"2021-05-06","1390159618387582984","zaobaosg","RT @zaobaosg: 传染病专家认为，新加坡的社区传播病例虽然逐渐增加，但重启病毒阻断措施的机会不高。受访专家也说，疫苗还是能够有效对抗变种病毒，并把严重症状减至轻微，而接种者感染同个病毒的概率相对没那么高。
"2021-05-05","1389838379898994688","ChineseWSJ","RT @ChineseWSJ: BioNTech首席执行官萨欣表示，由于印度等发展中国家在疫苗供应相对稀缺的情况下感染病例激增，这意味着新冠大流行将继续蔓延至2022年年中。
"2021-05-05","1389843643377221632","zaobaosg","RT @zaobaosg: 本地目前的疫情，并不如去年进入病毒阻断期前那么严重，公众若能遵守收紧后的措施，相信能遏制感染群的扩大。但是，如果下来出现更多无关联病例或感染群，政府不排除再次启动病毒阻断期。https://t.co/lu38PyEeDs"
"2021-05-04","1389474413393760256","ChineseWSJ","RT @ChineseWSJ: 接近三分之一的美国人已经完成新冠疫苗的两针接种，美国新增感染病例在两周多的时间里呈下降趋势。https://t.co/vK2Igiw7r3"
"2021-05-02","1388742422771863552","dw_chinese","RT @dw_chinese: 印度流行病学家：""早些时候，我们看到一个家庭中的一个或两个人被感染。现在，多数时候我们看到的是整个家庭和他们的整个工作场所被感染。""
"2021-04-28","1387497139303948288","rijingzhongwen","RT @rijingzhongwen: 【川崎重工研发机器人全自动PCR检测系统】系统满负荷运转时的处理能力每天超过12万份，高于目前全国的PCR检测量。有利于大幅提高日本国内的PCR检测效率。价格为1万日元左右/次。约80分钟即可判断有无感染……https://t.co/Ne…"
"2021-04-28","1387496141034450944","dw_chinese","RT @dw_chinese: 印度新冠肺炎病例激增，在一些受影响最严重的城市，尸体只能被送到临时设施火化。印度卫生部数据显示，13亿人口的印度，感染人数为1731万，死亡人数为195,123人，一夜之间有2,812人死亡。
"2021-04-28","1387499714371850242","dw_chinese","RT @dw_chinese: 印度变种新冠病毒传播更快吗？现有疫苗对变异毒株是否有效？感染过新冠的人会不会再感染变异病毒，甚至得重症？https://t.co/LrK5jhBtLy"
"2021-04-27","1386946685092302850","rijingzhongwen","RT @rijingzhongwen: 【日本新冠确诊者死亡人数超1万】从第一位死者到突破5千人用了接近1年，但2021年初感染者激增，在约3个月里死亡人数翻了一番。到4月26日突破1万人。按年龄阶段来看，70岁以上群体占死亡人数的9成……https://t.co/KklLEI…"
"2021-04-24","1385822309626253313","zaobaosg","RT @zaobaosg: 台湾昨天又出现本土确诊病例。华航一名40多岁印尼籍货机机师在澳洲确诊后，与他接触的19岁儿子和另一名50多岁的印尼籍同事昨天也确定感染冠病。由于机师之子未曾出国境，因此被列为本土病例。https://t.co/YGdTYiE64O"
"2021-04-23","1385507368549588993","rijingzhongwen","RT @rijingzhongwen: 【日本新冠感染人数连续2天超5000人】东京和神奈川等地刷新了今年的上一次紧急事态宣言解除后的新高，奈良和三重等地也创出新增感染数的新高。据日本厚生劳动省统计，重症患者比前一日增加14人，增至805人。在大阪，面向重症者的病床使用率已达1…"
"2021-04-17","1383285136502886400","rijingzhongwen","RT @rijingzhongwen: 【摘】预计将有约1.5万名运动员参加东京奥运会和残奥会。日本政府和奥组委等没有硬性规定运动员必须接种疫苗，而是通过定期检测及禁止离开奥运村等措施来防止感染……https://t.co/t1MZwdin73"
"2021-04-15","1382758715942604801","dw_chinese","RT @dw_chinese: 不知不觉...印度已经超越巴西成为全世界确诊人数第二多的国家了。最近印度多个地区举行选举，再加上“大壶节”等节日的庆贺，感染率迅速攀升。
"2021-04-14","1382233808355827716","rijingzhongwen","RT @rijingzhongwen: 【日本出现接种两次疫苗后感染新冠的病例】据介绍，美国辉瑞疫苗的海外临床试验数据显示，2万多人中有9例在第2次接种7天后发病……https://t.co/A3k7MaGMrW https://t.co/8ErMk9kAj4"
"2021-04-09","1380415635188903936","rijingzhongwen","RT @rijingzhongwen: 【东京等3地将适用防止疫情蔓延重点措施】此前已对大阪等实施重点措施，此次要将东京、京都和冲绳也加入适用对象，4月12日开始实施，其中东京将持续至5月11日。东京的感染人数连续两天超过500人，大阪则连续三天创新高…… https://t.…"
"2021-04-09","1380423118833872902","rijingzhongwen","RT @rijingzhongwen: 【东京都知事小池请求适用“防止蔓延措施”】东京4月7日新增感染人数为555人，时隔约2个月超过500人。变异病毒的感染人数明显增加……https://t.co/8Q0eiuzagd https://t.co/Zcl5W2gU3n"
"2021-04-09","1380423974564155393","rijingzhongwen","RT @rijingzhongwen: 【第4波疫情在向东京靠近】“大阪的现状就是东京不久后的样子”，在东京都知事小池百合子显示出考虑向中央政府请求适用“防止蔓延等重点措施”想法的4月7日，东京都的官员们难掩焦虑。当天，东京新增感染人数创约2个月来新高，预测显示4月中旬单日可能…"
对于75岁以上的感染者来说，每8个新冠感染者中就有一人死亡；对于40多岁的人来说，每1000人感染就有一人死亡。
表面上看，假设你会被感染，接种…"
"2021-04-08","1380049977632677889","bbcchinese","RT @bbcchinese: 最新研究发现，曾感染新冠病毒者三分之一会出现心理或神经方面的疾病，或导致心理或神经疾病复发。https://t.co/1Ekl71ecf3"
"2021-04-02","1377854280443469826","ChineseWSJ","RT @ChineseWSJ: 辉瑞和BioNTech说，二者联合开发的新冠疫苗在预防有症状的新冠感染方面非常有效，在接种第二次之后保护期长达六个月。两家公司还说，进一步的分析表明，该疫苗对首次发现于南非的变异株有效。
"2021-04-01","1377554687172304897","rijingzhongwen","RT @rijingzhongwen: 【摘】日本全国的新增感染人数（7日移动平均）截至30日达到1871.1人，相比上周增至1.39倍。虽然曾一度减为低于1千人，但增加态势再次加强。日本厚生劳动省的专家顾问委员会在3月31日的会议上，针对目前的感染状况评价称，“关西圈的疫情扩…"
"2021-03-30","1376782264877518849","zaobaosg","RT @zaobaosg: 根据美国周一（29日）发布的真实世界研究数据，接种第一剂辉瑞-BioNTech冠病疫苗或莫德纳冠病疫苗两周或更长时间，其对降低感染冠病的风险高达80%。https://t.co/uXnq6aAD8S"
"2021-03-28","1376047474138247168","zaobaosg","RT @zaobaosg: 新加坡针对35名疑似二度感染冠病病患进行的研究显示，这些病患不再具有传染力，只是体内仍在排出死去的病毒，经判断不属于二度感染。
"2021-03-24","1374561762742128644","ChineseWSJ","RT @ChineseWSJ: Moderna首席执行官Stephane Bancel表示，该公司正在开发一款同时针对季节性流感和新冠病毒的综合疫苗，如果成功将同时保护接种者避免感染这两种疾病。
"2021-03-17","1372115039809769473","dw_chinese","RT @dw_chinese: 专家：""如果你要给一个人作诊断，如果病人到医院或急诊处就诊，那么它（肛拭子核酸检测）可能会有帮助，因为你多出了一段额外的能检出感染的时间。不过对无症状感染者以及作为筛检手段，它是否有用，则有点难说。""https://t.co/y174wtI3vf"
"2021-03-17","1372111364739661827","zaobaosg","RT @zaobaosg: 香港的2019冠病疫情因为健身中心群组再次反弹，当中不少感染者是外籍人士，他们的年幼子女须被送到特区政府管理的隔离中心，此举引起许多外派人员的担忧。
"2021-03-15","1371388242176602115","ChineseWSJ","RT @ChineseWSJ: 在疫苗供应严重不足和新冠感染病例反弹之际，BioNTech组建新冠疫苗生产联盟或给欧洲和全球其他地区带来一线希望。然而，短缺问题引发的欧盟与英美之间的紧张关系可能给这一生产联盟造成麻烦。https://t.co/2MjF5yCCwa"
"2021-03-15","1371343161369391104","bbcchinese","RT @bbcchinese: 减肥可能从未像现在这样是迫在眉睫的重任。因为有证据显示，肥胖可以增加新冠感染和重症的风险。https://t.co/piNuAOQnrf"
"2021-03-12","1370234063613652996","ChineseWSJ","RT @ChineseWSJ: 以色列的一项新分析发现，辉瑞和BioNTech的新冠疫苗在人们接种第二剂后至少两周就开始发挥最大保护作用，即使是对一种更易传播的变种病毒也有效。该分析还显示，该疫苗在预防没有症状的感染方面非常有效，这表明它可能有助于限制病毒的传播。
"2021-03-11","1369897857679982595","rijingzhongwen","RT @rijingzhongwen: 【日本已有345人感染变异新冠病毒】新冠疫情对策分科会会长尾身茂指出，“变异株早晚会成为主流”。报告人数最多的是大阪，有62人。其次是埼玉县41人、兵库县38人、新潟县32人……https://t.co/pV7PIykBXZ https:…"
"2021-03-10","1369742755207942145","zaobaosg","RT @zaobaosg: 在新加坡，所有新加坡人和长期居民都有机会免费接种，但是疫苗接种并非强制性。目前的科学资料还无法确定疫苗是否能确保接种者免受病毒的感染，也还不知道病毒是否可通过接种者传播给他人。即使在广泛疫苗接种后，我们也不能放松病毒检测与防疫措施，以免防疫工作功亏一…"
"2021-03-09","1369338644226445312","dw_chinese","RT @dw_chinese: “迄今为止，很多中国人并没有接种新冠疫苗的迫切需求，因为中国国内已经鲜有新冠感染病例。此外，疫苗的有效性以及是否有副作用等问题，也让一些人顾虑重重。有鉴于此，中国接种疫苗的进度已经落后于世界很多国家。”
"2021-03-06","1368295046148018183","bbcchinese","RT @bbcchinese: 欧洲疫情早期的一些研究发现O型和AB型血与新冠之间可能有关联，也有研究认为血型对病毒感染的后果没有影响。
"2021-03-05","1367718039769079808","rijingzhongwen","RT @rijingzhongwen: 【日本超算“富岳”模拟显示双重口罩效果有限】美国疾病控制与预防中心2月发布了重叠佩戴口罩可提高感染预防效果的研究结果，但日本理化学研究所利用超级计算机“富岳”进行的模拟实验结果显示并非如此，而从一开始正确佩戴无纺布口罩更重要……https…"
卫生事务专家劳特巴赫认为，政府的决定无法防止第三波疫情爆发。他预测接下来的感染数字将会急剧上升，根本难以达到政府设定的解封目标
"2021-03-03","1366950973097189377","asahi_shinsen","RT @asahi_shinsen: 【千叶新增感染超过东京 解除宣言知事持谨慎态度(详情表)】
#新型冠状病毒 #感染者 #紧急事态宣言 
"2021-03-03","1366951506008633347","asahi_shinsen","RT @asahi_shinsen: 【新增感染东京329人全国999人 6府县先行解除宣言(详情表)】
#新型冠状病毒 #感染者
"2021-03-02","1366848031681703937","dw_chinese","RT @dw_chinese: 截至2月底，全球新冠感染人数约为1.14亿人；约250万人死亡；6440多万人康复。然而从全球范围看，正出现一种令人惊讶的缓和迹象。据世卫组织统计，近两个月来全球感染率大幅下降。
"2021-03-01","1366303655679451136","rijingzhongwen","RT @rijingzhongwen: 【东京新增121人感染新冠】东京最近1周的日均新增感染人数约为269人，是上周的81.9％……https://t.co/p2NKR27yue https://t.co/eF5SlqHNwV"
"2021-01-08","1347578424034947074","rijingzhongwen","RT @rijingzhongwen: 【日本新冠单日新增感染达7570人，又创新高】这是单日新增首次突破7000人大关。东京都新增感染2447人，首次超过2000人……https://t.co/UqQOUBJK6t https://t.co/vY0RUBJZzQ"
"2020-12-09","1336486555200802817","ChineseWSJ","RT @ChineseWSJ: 有些理论认为，东亚和东南亚的部分人群曾不同程度地接触过与席卷全球的新冠病毒SARS-CoV-2类似的冠状病毒，这种接触让他们免于因感染新冠病毒而发病，即使发病症状也比较轻微。医生和科学家现在开始更仔细地研究这些理论。
"2020-12-03","1334305421545234434","rijingzhongwen","RT @rijingzhongwen: 【日本研究成果：新冠抗体可持续半年】横滨市立大学研究显示，感染半年后97％的无症状和轻症、全部中等症状和重症者检出抗体……https://t.co/d8egxqqvUQ https://t.co/NKd6c91tga"
"2020-11-19","1329271973503930369","rijingzhongwen","RT @rijingzhongwen: 【日本单日新增感染者首超2000人】日本国内18日新增2191人感染新冠，创出新高，东京（493人）、神奈川、埼玉和静冈等多地创新高。内阁官房长官加藤胜信在记者会上强调称，“不认为有必要统一请求避免跨县移动”……https://t.co/…"
"2020-11-10","1326259194413019136","ChineseWSJ","RT @ChineseWSJ: 过去，在近视治疗过程中，医生会让儿童佩戴一种被称为角膜塑形眼镜的隐形眼镜，简称Ortho-K镜。根据2018年的一篇论文，Ortho-K镜片也有比较小的可能会让近视患者感染一种眼疾，并最终导致失明。不过，验光师称，只要正确佩戴，感染角膜炎且失明的…"
"2020-11-05","1324167840681750529","bbcchinese","RT @bbcchinese: 现在科学界关注的关键问题是，感染新冠病毒后是否可以产生抗体免受再次感染，如果是，这种免疫能持续多久？
