"2021-11-23","1462979316682166280","日经中文网","RT @rijingzhongwen: 【填补空白，日本拟统计外国劳动者就业数据】日本现在几乎没有详细跟踪外国人就业情况的统计，政府想对失业的外国劳动者提供就业支持，但不了解实际情况，结果花费了大量时间。还有公共机构很难掌握外国劳动者的不公正待遇问题……https://t.c…"
"2021-11-22","1462651527680573440","日经中文网","RT @rijingzhongwen: 【日航往返中日机票将可用微信小程序订购】日本航空（JAL）将在用户超过12亿人的微信中推出可以预订和购买JAL机票的“小程序”，最早于年内开始提供服务。用户可以通过APP购买机票并付款。可以购买的机票为JAL品牌下执飞的往返于日本和中国之…"
"2021-11-18","1461226310366154753","日经中文网","RT @rijingzhongwen: 【百度自动驾驶出行服务2030年扩展至100个城市】百度已在北京及上海等5座城市提供自动驾驶出行服务，预计2025年将业务推广到65个城市……https://t.co/z5tkyzjLfr"
"2021-11-18","1461375949597863938","联合早报 Lianhe Zaobao","RT @zaobaosg: 新加坡和马来西亚疫苗接种者空中旅游走廊（VTL）开通初期，樟宜机场和吉隆坡国际机场每天会有六趟指定航班。这些航班将由新加坡航空、酷航、马来西亚航空、亚洲航空、捷星航空、马印航空提供。有意通过旅游走廊入境新加坡者可从11月22日早上10时起申请疫苗接种…"
"2021-11-18","1461235627077242882","FTChinese","RT @FTChinese: 【美国索取跨国公司芯片数据，中国不宜袖手旁观】黄蓥祺：对美国以行政手段要求芯片大厂提供特定数据，中国可以尝试以“反垄断”等形式要求各大厂商保证中国工业芯片数据信息安全。https://t.co/nNPIOdhTuh https://t.co/P0Z…"
"2021-11-16","1460619549028470789","日经中文网","RT @rijingzhongwen: 【日本餐饮业抢人，兼职时薪创新高】“从紧急宣言解除前就在招兼职，但招不到人”，日本一家餐饮企业透露。日企的人手争夺日渐激烈，10月所有行业的平均兼职时薪和食品行业的时薪均创出新高。有的企业为介绍朋友来兼职的人提供1~2万日元奖金……ht…"
"2021-11-16","1460504052949610500","FTChinese","RT @FTChinese: 【机器人能解决劳动力短缺问题吗？】技术提供了挽救销售和收入的途径。https://t.co/ypAMx1MdsF https://t.co/DUbjqsc2PI"
"2021-11-09","1458021924949217281","日经中文网","RT @rijingzhongwen: 【台积电向美国提供半导体信息，不含客户】台积电方面8日对于日本经济新闻（中文版：日经中文网）的采访表示，“针对美国商务部（要求提供半导体出货情况等详细信息）一事，我们已经给予答复。”。同时强调“我们始终坚持保护客户信息，没有公开任何信息”…"
"2021-11-09","1458023426875006977","华尔街日报中文网","RT @ChineseWSJ: 佳兆业集团周一晚间在其网站上发布声明称，目前，佳兆业有足够可供处理的“优质资产”，为投资人提供财富产品的后续兑付。该公司表示，目前，佳兆业集团总体资产价值大于负债。上周，佳兆业股价跌至历史低点，因该公司未能按期兑付一款到期的理财产品。https:…"
"2021-11-03","1455764431036555264","日经中文网","RT @rijingzhongwen: 【岸田表示日本将向亚洲脱碳化追加提供100亿美元】日本此前确定了未来5年内达到600亿美元规模的支援计划，今后将增加额度……https://t.co/4K74yLuKoJ"
"2021-11-01","1455029832098586630","日经中文网","RT @rijingzhongwen: 【G20将停止对海外煤炭火电站提供金融支持】G20领导人峰会于10月31日通过首脑宣言并闭幕。各国针对“到本世纪中期”实现全球温室气体净零排放的目标达成了一致……https://t.co/9IovF2fTpG https://t.co/…"
"2021-11-01","1455109234966687745","日经中文网","RT @rijingzhongwen: 【吉野家7年来首次在日本对牛肉饭涨价】日本吉野家店内提供的牛肉饭（普通量）涨价至426日元（约合人民币23.85元）…… https://t.co/aFibLWmKMw"
"2021-10-29","1453917772874797060","日经中文网","RT @rijingzhongwen: 【索尼讨论出资台积电新工厂，有两个目的】 “正在考虑发挥索尼的技术经验优势，协助台积电建立新工厂”，针对台积电将在日本建厂，索尼副社长这样表示。据称索尼正在讨论向台积电提供与自家工厂相邻的土地。索尼加强与台积电合作的背后有两个目的。一是应…"
"2021-10-28","1453613096128299013","华尔街日报中文网","RT @ChineseWSJ: 知情人士说，SEC表示，希望将新的比特币相关产品限制在那些提供比特币期货合约非杠杆敞口的产品上。这一决定是对资产管理行业推出新产品以利用投资者对加密货币的兴趣的努力的最新打击。https://t.co/TtSxN2gCDS"
"2021-10-28","1453612074097987584","日经中文网","RT @rijingzhongwen: 【日本将要求股份企业提供大股东信息】将点检大股东中是否存在参与洗钱的可疑企业或个人。有国际组织曾指出日本的反洗钱措施滞后……https://t.co/zYIwodze7i"
"2021-10-28","1453637801044443138","华尔街日报中文网","RT @ChineseWSJ: 知情人士说，美国司法部正在调查Visa与大型金融科技公司的关系，这是司法部对这家信用卡巨头反垄断调查的一部分。Visa有时会提出降低费用或提供其他奖励，以换取金融科技公司通过Visa而不是其他网络或技术进行更多交易。https://t.co/nj…"
"2021-10-27","1453235729933475845","DW 中文- 德国之声","RT @dw_chinese: 美国国会首次针对TikTok召开听证会。席间TikTok高层表示，不会向中国提供用户数据，并表示用户数据皆储存在美国。https://t.co/Qz444fLgUU"
"2021-10-27","1453231836528844800","联合早报 Lianhe Zaobao","RT @zaobaosg: 美国联邦通信委员会周二（26日）宣布吊销和终止命令，吊销中国电信美洲公司（China Telecom Americas）在美国提供国内州际和国际通信服务的授权，要求中国电信美洲公司在命令公布的六天内停止任何国内和国际通信服务。https://t.c…"
"2021-10-21","1451056815634989061","日经中文网","RT @rijingzhongwen: 【东京等1都3县将解除餐饮店缩时营业请求】缩短营业时间请求将于25日解除，其中埼玉等3县允许所有餐饮店正常营业，包括提供酒类…… https://t.co/HA9K3ET4pH https://t.co/vZMZ5rCy1A"
"2021-10-19","1450322630205001735","日经中文网","RT @rijingzhongwen: 【夏普将在美国重新涉足电视业务】将与美国视频发布平台Roku合作，销售标配该公司软件的大尺寸电视。夏普从2016年开始向中国大型家电企业海信集团提供品牌使用权，并在美国退出了面向普通消费者销售电视的业务……https://t.co/gk7…"
"2021-10-19","1450474711088041984","联合早报 Lianhe Zaobao","RT @zaobaosg: “边走边聊”的心理治疗法近几年在新加坡冒起，虽然目前仍不普遍，却让一些人获益匪浅，特别是不习惯在诊所接受传统心理治疗的患者。三名提供“边走边聊边疗”（walk and talk therapy）的治疗师和心理学家分享这种疗法的益处，以及须注意的地方。…"
"2021-10-15","1448917674839339008","日经中文网","RT @rijingzhongwen: 【台积电日本工厂将于2024年开始量产】台积电首座日本工厂将于2022年动工建设，2024年底开始量产。日本政府计划通过数千亿日元规模的补贴等提供支援。日本工厂将量产用于汽车及工业用途等、目前主流的22～28纳米产品……https://t…"
"2021-10-12","1447837844282613761","FTChinese","RT @FTChinese: #付费精选 【阿斯利康称其新冠药物可将重症或死亡风险降低50%】试验显示，600毫克剂量的阿斯利康抗体鸡尾酒能大幅降低风险，并提供超过6个月的保护。https://t.co/QuVjZSZ5BF https://t.co/oeRqLB5t5R"
"2021-10-12","1447842596147974146","华尔街日报中文网","RT @ChineseWSJ: 摩根大通CEO戴蒙周一重申了以往的言论，他说：“我个人认为比特币一文不值。”但称摩根大通将为其客户提供投资比特币的机会。比特币过去七天累计上涨15.6%。https://t.co/RS8AzMYF7W"
"2021-10-09","1446712944717287424","华尔街日报中文网","RT @ChineseWSJ: 谷歌周四说，广告禁令适用于“与围绕气候变化及原因的公认科学共识相矛盾的内容”，该禁令也适用于任何否认人类活动或温室气体排放导致气候变化的内容。此举旨在切断气候变化错误信息提供者的一个主要收入来源。https://t.co/RIkPtGmCAk"
"2021-10-09","1446717582241722368","日经中文网","RT @rijingzhongwen: 【台积电和索尼将在日本新建半导体工厂】总投资额达到8000亿日元规模，预计日本政府最多提供一半补贴。新工厂计划建在日本熊本县索尼工厂周边，被认为采用20纳米技术。半导体受中美对立影响，供应链出现混乱，经济安保上的重要性加强……https:…"
"2021-10-08","1446391614666993669","华尔街日报中文网","RT @ChineseWSJ: #股闻天下 由于有迹象显示其他旅行障碍可能很快会减少，以及债券收益率上升提供了额外支撑，航空股在即将到来的财报季可能还有燃料可烧。不过，要想从任何积极的市场人气中获利，一流公司似乎是最安全的途径。https://t.co/yRxlxHa3Dz"
"2021-10-06","1445838651716292613","华尔街日报中文网","RT @ChineseWSJ: 默克公司与新加坡政府签署了一项协议，将向这个城市国家提供其新冠治疗药物。该药物尚有待监管部门批准，并有望成为第一款新冠口服抗病毒药物。https://t.co/GIF6DYeCrn"
"2021-10-06","1445836621232816135","华尔街日报中文网","RT @ChineseWSJ: 大型酒店公司在增加一价全包式度假村数量，押注疫情将会促进鼓励客人在一个地方度假的商业模式。分析师表示，这些度假村比其他类型的酒店更快从疫情的影响中复苏。最大的品牌过去大多回避的全包式度假村领域，现在提供了一个增长的好机会。 https://t.c…"
"2021-10-05","1445438211900145667","日经中文网","RT @rijingzhongwen: 【日本大和证券将在中国启动股票经纪业务】最早10月在中国启动面向机构投资者的股票经纪业务。大和证券9月在北京市内设立了营业所。将以日本机构投资者为中心，就中国A股交易提供建议。此外还将涉足并购顾问等业务……https://t.co/SJG…"
"2021-10-05","1445298131508158465","南洋商报eNanyang","RT @nanyangpress: 社交媒体近来流传一段视频和贴文，指设于新加坡宏茂桥工艺教育学院原址的社区护理设施居住环境简陋。新加坡卫生部昨晚答复媒体询问时说，人力部和卫生部最近已到该社区护理设施视察，并已为房间提供了基本设施，贴文提出的许多问题也已经在好几周前解决了。ht…"
"2021-10-03","1444526166803554306","华尔街日报中文网","RT @ChineseWSJ: 谷歌将放弃向用户提供银行账户的计划，此举标志着这家科技巨头在金融领域扩大知名度的努力出现了倒退。https://t.co/6jkyUQ2qZo"
"2021-09-30","1443664629054377984","华尔街日报中文网","RT @ChineseWSJ: 谷歌表示，正在更新产品搜索页面的外观和格式，以服装、配饰和其他物品的图片为特色，从而更像一个数字商店，而不是一长串链接和文字。一家在线零售服务提供商的CEO说，谷歌的电商业务几乎像个活死人，没有人去那里购物。https://t.co/0vA3…"
"2021-09-29","1443109368195534850","日经中文网","RT @rijingzhongwen: 【伊藤忠携手中企在东南亚开展电动汽车租赁业务】将在日本和东南亚启动商用纯电动汽车租赁业务，提供纯电动卡车的引进和运营管理服务……https://t.co/Cl1y3YgCVM https://t.co/hfXgUQp9aM"
"2021-09-29","1443112191939334145","日经中文网","RT @rijingzhongwen: 【日本决定全面解除紧急事态宣言】将在宣言到期的9月30日全面解除。这将是4月4日后大约半年以来日本再次回到全国没有地方处于紧急事态宣言或防止蔓延等重点措施之下的状态。此前在发布宣言的地区禁止餐饮店提供酒类的禁令也将解除。将探索分阶段放宽行…"
"2021-09-28","1442721750496600065","日经中文网","RT @rijingzhongwen: 【软银携手中企向欧美推广中国送餐机器人】软银机器人将向餐厅提供中国企业的机器人，并针对客户企业的经营效率提供建议……https://t.co/u2d1sdfc5H https://t.co/Vs8EYVgC1B"
"2021-09-27","1442523144980365318","日经中文网","RT @rijingzhongwen: 【诺基亚在日本携手10家企业提供5G网络构建服务】该服务可在工厂等限定区域内建设5G网，不仅能够传输大量数据，而且比Wi-Fi更加稳定……https://t.co/5BeXM1Vytd https://t.co/ehuPw90ziW"
"2021-09-25","1441635226447347719","FTChinese","RT @FTChinese: #付费精选 【中国宣布虚拟货币相关业务活动属于非法金融活动】中国央行特别点名境外虚拟货币交易所，宣布其通过互联网向中国境内居民提供服务同样是非法的。https://t.co/5j5WxsFess https://t.co/EtfhrqY3lW"
"2021-09-21","1440216843101171721","DW 中文- 德国之声","RT @dw_chinese: 俄罗斯彼尔姆大学周一上午发生枪击案，一名枪手在位于乌拉尔地区的彼尔姆国立大学校园内开枪，造成至少8人死亡、多名学生受伤。根据俄罗斯内政部和一位彼尔姆大学发言人提供的信息显示，枪手本人在事件后遭到击毙。https://t.co/pJATZTyMJO"
"2021-09-09","1435880043201261568","华尔街日报中文网","RT @ChineseWSJ: 比特币的跌势在周三有所缓解，为投资者提供了一些喘息空间，这种波动剧烈的加密货币一天前闪电崩盘，市值蒸发了数以十亿计美元。https://t.co/nOqJHMlmKB"
"2021-09-08","1435500537537912832","南洋商报eNanyang","RT @nanyangpress: 马印航空（Malindo Air）宣布，随着浮罗交怡即将开启旅游泡泡，该航空公司每日将提供6个前往浮罗交怡的航班。 https://t.co/TQFdWva0dQ https://t.co/JSmbZrj1xK"
"2021-09-06","1435011802761351171","南洋商报eNanyang","RT @nanyangpress: 冠病“德尔塔”变种病毒在巴西两个最大城市圣保罗和里约热内卢流行，但没有导致病例或住院人数大增。专家指出，当地变种病毒和使用不同疫苗，或可提供更大保护力。https://t.co/i9pgKr89Kn https://t.co/kB6YK3bO…"
"2021-09-05","1434455202724134921","南洋商报eNanyang","RT @nanyangpress: 虽然政府没强制人民接种冠病疫苗，不过律师认为，1994年职业安全及卫生法令能把没有为雇员提供安全、健康工作场所的雇主，及没有顾及自身和他人安全的雇员“一网打尽”！ https://t.co/51lWuXMBol https://t.co/ue…"
"2021-09-05","1434607979064479745","南洋商报eNanyang","RT @nanyangpress: 菲律宾航空公司4日发布声明指出，该公司已在美国申请破产保护令，以协助该公司在冠病疫情的冲击下，进行关键的重组计划，不过该公司承诺，他们仍将继续为其宝贵的客户提供服务。https://t.co/YG0rI5NI2K https://t.co/g…"
"2021-09-03","1433698196157386755","华尔街日报中文网","RT @ChineseWSJ: 股市看起来有望在9月创出新高，但华尔街弥漫的恐惧感却十分明显。策略师（还有媒体）已在喋喋不休地谈论季节性趋势，即基准股指在9月的表现历来都是一年中垫底的。人们越来越强烈地感觉到，估值已高高在上，而美联储提供宽松政策的大碗可能很快就会端走。 htt…"
"2021-09-02","1433465628359159809","华尔街日报中文网","RT @ChineseWSJ: WhatsApp的一位发言人表示，WhatsApp将提出上诉。这位发言人表示：“我们不同意今天就我们在2018年向公众提供的透明度做出的决定，处罚是完全不成比例的。”他还表示，WhatsApp“一直在努力确保我们提供的信息是透明和全面的。”  h…"
"2021-08-31","1432545446845575169","南洋商报eNanyang","RT @nanyangpress: 中国周一宣布严格限制向未成年人提供网络游戏服务的时间，所有网络游戏企业仅可在周五、周六、周日和法定节假日的每日晚上8时至9时，向未成年人提供1小时的服务。https://t.co/6PqNzlt8J7 https://t.co/lWUgVKP…"
"2021-08-31","1432613924034138116","华尔街日报中文网","RT @ChineseWSJ: 散户投资者找到了下一个轧空目标，那就是鲜为人知的软件公司https://t.co/VE0aoyCJf7。这家技术和客户支持提供商股价在过去一周上涨了近两倍，周一收盘报36.39美元，日内上涨38%，年内涨幅超过1,500%。https://t.c…"
"2021-08-31","1432581608201093123","联合早报 Lianhe Zaobao","RT @zaobaosg: 针对未满18岁的未成年人沉迷网络游戏的问题，中国政府规定网络游戏企业除了星期五至星期天和法定节假日的每晚8时至9时，其他时间均不得以任何形式向未成年人提供网络游戏服务。https://t.co/wgGKNJ8PB7"
"2021-08-31","1432580209585229827","DW 中文- 德国之声","RT @dw_chinese: 中国国家新闻出版署发布《关于进一步严格管理 切实防止未成年人沉迷网络游戏的通知》，限制网络游戏企业向未成年提供网络游戏的时间。你觉得，这个措施能防止未成年人沉迷网络游戏吗？ https://t.co/NOkBHibklT"
"2021-08-29","1431773739885076484","华尔街日报中文网","RT @ChineseWSJ: 爱彼迎和该公司建立的非营利组织将为在塔利班占领阿富汗期间逃离阿富汗的难民提供资金和住房安置，并与安置机构和非政府组织合作，确定难民的需求。https://t.co/AmKQX3yrjr"
"2021-08-28","1431764595287343104","华尔街日报中文网","RT @ChineseWSJ: 不打疫苗就交钱。达美航空将要求未接种疫苗员工每月缴纳200美元医保附加费。到9月底，达美航空将只为出现突破性感染的完全接种疫苗的员工提供因新冠误工的薪酬保护。https://t.co/ODM4fGNgIR"
"2021-08-26","1430816183108784131","华尔街日报中文网","RT @ChineseWSJ: 塔利班愿意与伊朗进行贸易，这为伊朗获得所需的美元提供了难得的机会。同时，这一安排使同样被国际制裁切断贸易和资金来源的塔利班能够购买对维持疲弱的阿富汗经济运行至关重要的基本商品。https://t.co/qvgLKJKSst"
"2021-08-24","1430069507830128642","日经中文网","RT @rijingzhongwen: 【日本零售和餐饮店的“脱塑料”迫在眉睫】日本政府发布了要求企业减少包括餐饮店等免费提供的塑料汤匙、吸管、酒店的一次性梳子等12个品类塑料制品的对策。企业将加快采取对塑料制品收费和改用环保材料的措施。据称如果将汤匙等改为木制，成本达到塑料的…"
"2021-08-24","1430098254297849858","日经中文网","RT @rijingzhongwen: 【7-11将在全日本提供送货上门服务】7-11目前在东京、北海道等的约550家店铺提供送货上门服务，计划在2025年度之前推广至日本全国的约2万家店，实现最短30分钟内送达商品。日本国内便利店市场2020年度首次转为负增长……https:…"
"2021-08-24","1430072131920883712","日经中文网","RT @rijingzhongwen: 【软银愿景基金首次投资非洲企业】尼日利亚初创企业OPay提供移动支付等平台，CEO由北京昆仑万维科技的创始人担任……https://t.co/QCo9vnxdW0 https://t.co/t0pVcdfXyT"
"2021-08-20","1428657047361396740","DW 中文- 德国之声","RT @dw_chinese: 海地遭受地震灾害之后，灾区的幸存者苦苦等待救援，日益绝望。由于腐败和浪费现象严重，国际社会随后提供的灾后重建资金大都未能惠及民众。https://t.co/f2hXpeIXQP"
"2021-08-20","1428654959294259200","FTChinese","RT @FTChinese: #周年庆，新会员75折#FT驻地在50多个国家和地区的700余名专家型记者，为你提供全球商业财经要闻、热点分析与评论。现在订阅，高端会员还送500元星巴克卡，标准会员送独家定制、全网首发的财经词汇《每日一词》！价格打折品质不打折，更多精彩内容、更多…"
"2021-08-20","1428648963096207370","BBC News 中文","RT @bbcchinese: 加拿大多伦多大学公民实验室（Citizen Lab）一份报告称，苹果公司在提供镌刻服务时，会对提及中国政治人物、异见人士及其他一些话题有关的内容进行审查。https://t.co/ShbsjKcjDl"
"2021-08-19","1428242994524655616","华尔街日报中文网","RT @ChineseWSJ: 拜登政府周三呼吁从秋季开始为完全接种辉瑞、Moderna新冠疫苗者提供加强针，理由是高度传染性的德尔塔变异毒株带来的威胁，以及对数据显示初始免疫力随时间推移而减弱的担忧加剧。同时，加州现在将要求参加大型室内活动的人提供疫苗接种证明或新冠检测阴性…"
"2021-08-19","1428238771049222146","DW 中文- 德国之声","RT @dw_chinese: 你会想在苹果产品上刻什麽字？苹果公司虽然针对一些产品提供免费的镌刻服务，但加拿大多伦多大学的公民实验室发现，包括「习近平」丶「毛主席」等词汇都受到过滤，在台湾的苹果官网上无法提交。https://t.co/JhDO9davrM"
"2021-08-11","1425342565520269314","FTChinese","RT @FTChinese: #付费精选 【全球股市涨跌不一，投资者静等美国通胀数据】对于美联储可能会多快开始缩减在疫情期间支持了全球市场的超宽松政策，周三公布的美国通胀数据将为投资者提供更多线索。https://t.co/Ctx49QonhM https://t.co/hWP…"
"2021-08-10","1424957331847012352","日经中文网","RT @rijingzhongwen: 【吉利和雷诺将在中韩合作开展混动业务】吉利和雷诺签署的备忘录显示，双方将在中国生产和销售雷诺品牌混动乘用车。据分析吉利会提供混动车技术，并在该集团的工厂进行生产。雷诺将致力于品牌战略和销售等…… https://t.co/NcwkrsOw…"
"2021-08-10","1424956851397947398","BBC News 中文","RT @bbcchinese: “她如何活过这夏天？”印度一名母亲无奈地道。她的女儿一岁，但比正常的两个月大婴儿还要轻。据估计，由于新冠疫情，印度有1.15亿儿童面临营养不良，主要原因是学校无法提供膳食，以及通过农村儿童保育中心开展的政府食品计划关闭。 https://t.…"
"2021-08-10","1425181528724676609","南洋商报eNanyang","RT @nanyangpress: 由于新冠病毒delta变种感染病例增加，导致各地实施新的出行限制，中国航空公司提供的客座运力创下疫情初期以来最大降幅。https://t.co/afiuj60vZ4 https://t.co/JeyMoFRhxZ"
"2021-08-07","1424081855951761410","DW 中文- 德国之声","RT @dw_chinese: #如果你有45万美元 ...🚀自从创办人布兰森上个月完成太空之旅后，维珍银河宣布了太空旅行的最新票价：每人45万美元起。若想带着亲朋好友一起体验太空之旅，维珍银河也提供包机的选择。如果有钱，你会用来买一张往太空的机票吗？相关报导：富豪布兰森…"
"2021-08-06","1423760725437153282","华尔街日报中文网","RT @ChineseWSJ: 你最好尽早认识到，财富并不局限于金钱的多寡，它应该反映你对生活的满足感，你的选择，以及你为了享受生活而必须管理的资源。本文提供的四步理财计划可能会助你一臂之力。https://t.co/NT7ZW6KC1Q"
"2021-08-05","1423182680301080576","华尔街日报中文网","RT @ChineseWSJ: 汽车制造商要在美国市场的电动汽车销量上发力了，他们的目标是到2030年电动汽车占美国市场销量的40%-50%。不过这一目标是建立在美国联邦和地方政府增加支持的基础上，比如增加充电桩的可获得性和提供购车补贴。https://t.co/NoigntR…"
"2021-08-05","1423187724375269376","华尔街日报中文网","RT @ChineseWSJ: FDA官员正就何时全面批准辉瑞新冠疫苗展开激烈讨论，知情人士透露，可能要到9月初或中旬才能获得全面批准。与此同时，WHO呼吁至少在9月底之前暂停注射新冠疫苗加强针，以弥补贫困国家疫苗供应的不足。另外，Novavax将向欧盟委员会提供多达2亿剂新冠…"
"2021-08-04","1422792669856600068","DW 中文- 德国之声","RT @dw_chinese: 有了BioNTech/辉瑞公司的mRNA（信使核糖核酸）这样的疫苗后，科学家们曾相信，接种疫苗者对冠状病毒的免疫力远远超过90％。但是，这一效力并不适用于新的Delta变异毒株。到底需要多少抗体，人体才能具备免疫力，提供自身保护能力？https:…"
"2021-07-31","1421338645252829197","BBC News 中文","RT @bbcchinese: 气候变化是世人瞩目的重大议题，而又有多少人了解世界上为气候变化话题定基调、做评估、提供政策建议机构是哪一个呢？https://t.co/G7hVrjpsXc"
"2021-07-30","1420995774419066883","华尔街日报中文网","RT @ChineseWSJ: #股闻天下 辉瑞公司的新冠疫苗业务还没有显示出放缓迹象。但周三公布的第二季度业绩表明，股东们已经为这种可能性打好预防针了。但即使在疫苗业务的光环消退的情况下，辉瑞非新冠业务的表现可以仍提供真正的保险。这家制药公司的健康效力似乎能经久不衰。http…"
"2021-07-26","1419754454358757381","华尔街日报中文网","RT @ChineseWSJ: 根据接受《华尔街日报》调查的经济学家们的说法，在美国，企业普遍重新开业、疫苗接种率上升以及政府提供的大规模疫情援助，刺激了经济在今年春季迅猛增长，并有望支撑经济在今年余下时间里、甚至明年稳固扩张。https://t.co/GjDLKkf3E1"
"2021-07-26","1419750511985627137","DW 中文- 德国之声","RT @dw_chinese: 据Ifo提供的数字，接受访问的约9000家企业的经理们对当下情况持乐观态度，但对未来6个月的忧虑增加。该研究所称，经理们主要担忧原材料供应瓶颈及出现又一波COVID-19新冠染疫潮。   https://t.co/9AUxk9a0fd"
"2021-07-24","1418814408306958339","日经中文网","RT @rijingzhongwen: 【东京是奥运会转机，还是终结的开始？】北川和德：多家赞助商高层没出席东京奥运会开幕式，提供巨额资金支持的奥运会，反而将损害企业形象。奥运会因1984年的洛杉矶奥运会而转向商业主义，在背负兼顾理念和商业这一矛盾的同时，规模扩大，扭曲已达到极…"
"2021-07-21","1417722022893789185","BBC News 中文","RT @bbcchinese: 台湾本地自制的新冠疫苗“高端”获得台湾当局批准“紧急使用权”，允许专案制造，预计最快今年八月就能提供台湾20岁以上的民众接种。但由于高端疫苗以“免疫桥接”取代第三期实验，与多数国际主流疫苗方式不同，引起台湾舆论激烈辩论。https://t.…"
"2021-07-20","1417362053333872641","日经中文网","RT @rijingzhongwen: 【铃木将推出100万日元价位的纯电动车】铃木将在2025年之前涉足纯电动车，运用在汽车小型化、轻量化方面的经验，首先面向主力市场印度进行开发，之后陆续投放到日欧市场。印度政府对纯电动车提供20万日元以上的补贴……https://t.co/…"
"2021-07-15","1415547938160455680","BBC News 中文","RT @bbcchinese: 新冠疫苗大规模接种在全球铺开，获准使用的疫苗种类不断增多。许多人关心，接种疫苗有哪些副作用？为什么有的人副作用比较大？不同疫苗混合接种是否可行？疫苗能提供多大的保护？免疫效力可持续多久？不同的疫苗怎么比较？BBC中文梳理最新进展，尝试解答这些…"
"2021-07-09","1413363552325234698","日经中文网","RT @rijingzhongwen: 【丰田停止向反对认定拜登胜选的美国议员捐款】有美国媒体报道称，丰田向37名反对美国大选结果的议员提供了5.5万美元捐款……https://t.co/y97juLeMY4 https://t.co/qGamHklSYL"
"2021-07-07","1412657114586120193","日经中文网","RT @rijingzhongwen: 【日本7-11要帮3.7万外国店员做职业规划】在7-11工作的外国人以来自越南、中国的留学生为主，运营7-11的柒和伊控股设立了外国员工数据库，为工作实绩和今后的收入提供证明，便于办理银行卡和租房合同等。还将帮助员工学习语言、编程等技能……"
"2021-07-04","1411481706758959109","DW 中文- 德国之声","RT @dw_chinese: 越南监管机构：这是12个月来连续第三次发现Netflix向越南用户提供内容违侵犯越南领土主权的电影和电视节目 https://t.co/PWygUP2iyU"
"2021-07-03","1411144190117892098","华尔街日报中文网","RT @ChineseWSJ: 最近几个月，致力于电动垂直起降飞行器(eVTOL)的四大初创公司已通过特殊目的收购公司上市。这几家企业都计划在2024年左右开始提供服务，同时生产和运营飞机。不过eVTOL需要专门的“垂直机场”来进行起降。对于绝大多数城市通勤者来说，eVTOL出…"
"2021-07-03","1411200128577249283","FTChinese","RT @FTChinese: 【滴滴可以从TikTok那里学到什么？】王英良：滴滴需要汲取TikTok的教训，发挥好企业的自主性，为美国市场提供投资类“公共产品”，利用一切合法手段拓展美国市场。https://t.co/ryMFQMGLey https://t.co/D6UJP…"
"2021-07-02","1410885522319282180","DW 中文- 德国之声","RT @dw_chinese: 中国旅行者能来欧洲了？还不行。疫苗证书旨在让欧洲内部的通行变得容易，迄今尚未涉及欧洲之外的国家。中国目前没有为疫苗接种者提供特殊便利。https://t.co/iA8t8b68cL"
"2021-07-02","1410878311413075974","华尔街日报中文网","RT @ChineseWSJ: 欧盟开始在全球率先推出一种数字健康证书，允许完成接种新冠疫苗的人在欧盟内部自由旅行，到达目的地后无需隔离或提供核酸检测阴性证明。在欧盟约4.5亿人口中，已发放了大约2亿份这种证书。 https://t.co/1CWRBECO5e"
"2021-07-02","1410853219836698627","华尔街日报中文网","RT @ChineseWSJ: 新冠疫苗方面的消息汇总：英国计划9月开始接种新冠疫苗加强针；在早期使用中国疫苗后，土耳其也开始提供新冠疫苗加强针；强生新冠疫苗显示出防范德尔塔变异病毒的积极初步迹象。https://t.co/oqKTueI8qV"
"2021-06-29","1409777133543591937","南洋商报eNanyang","RT @nanyangpress: 墨西哥央行在与财政部及监管机构的联合声明指出，未经授权开展及提供加密货币资产业务，将被视为违反监管法规，相关企业恐因此受到制裁。https://t.co/vJmbhCjuIS https://t.co/mzGj4LKtSr"
"2021-06-25","1408451410660794375","日经中文网","RT @rijingzhongwen: 【日本将向太平洋岛国等提供1100万剂新冠疫苗】日本还将向此前已提供疫苗的台湾和越南分别追加100万剂……https://t.co/NNpleYXuyi https://t.co/pK0BM2GIbb"
"2021-06-24","1407965112942530564","BBC News 中文","RT @bbcchinese: 在新冠大流行期间人们的记忆变差了吗？有关这个问题，现在已有数据试图提供答案。https://t.co/eZLaUaMwbc"
"2021-06-24","1407964326032338947","南洋商报eNanyang","RT @nanyangpress: 一群为美国疾病控制与预防中心（CDC）提供建议的医生在周三发布的报告中指出，辉瑞与莫德纳疫苗可能与出现在青少年及年轻成人身上的罕见心脏发炎病例有关。https://t.co/hHnuDtpQJE https://t.co/d2CdqaIqal"
"2021-06-22","1407241324521086976","BBC News 中文","RT @bbcchinese: 疫情期间，南非一群青年改良了一辆旧巴士，与当地农场合作，专门为穷人和居民提供廉价健康食物。 https://t.co/0qa1yXYoXD"
"2021-06-19","1406047152258781189","FTChinese","RT @FTChinese: 【视频：金融科技是如何帮助农民获利的？】肯尼亚农业科技初创公司Apollo将技术和当地通信网络相结合，为小规模农户提供可扩展的技术解决方案。https://t.co/9IjmQybBco https://t.co/vq2EmAW3ax"
"2021-06-17","1405424326350761984","华尔街日报中文网","RT @ChineseWSJ: 欧盟自新冠疫情以来首次同意向美国游客敞开大门，为欧洲大陆至关重要的旅游业和美国人的夏季旅游选择提供助力。https://t.co/FXEIww0aIB"
"2021-06-16","1405065386681196546","华尔街日报中文网","RT @ChineseWSJ: #股闻天下 Snowflake未来业绩的可预见性不如其他众多云软件提供商。但似乎没有分析师认为Snowflake在实现长期目标方面会遇到困难。如果其做到在年收入达到100亿美元大关时实现了70%的增长率，那些现在为该股支付高价的人就赚到了。至于未…"
"2021-06-12","1403590427081469954","华尔街日报中文网","RT @ChineseWSJ: #市场分析 目前美联储正开始考虑撤回疫情初期推出的刺激政策，周四的数据给美联储提供了理由。经济学家们越来越担心美联储为了支持劳动力市场的复苏而可能落后于通胀曲线的变化。美联储前任副主席说，“目前的通胀强度以及当前供应链和劳动力市场遭遇的瓶颈问题大…"
"2021-06-11","1403203316411101191","日经中文网","RT @rijingzhongwen: 【东京电子将向ASML提供面向新一代EUV的设备】​东京电子将提供在全球掌握近9成份额的“涂布显影设备”，计划将这一设备与荷兰ASML的新一代极紫外（EUV）光刻设备组合为一体。EUV光刻设备是半导体微细化不可或缺的技术，目前全球只有AS…"
"2021-06-09","1402648872405528581","华尔街日报中文网","RT @ChineseWSJ: #视频 跟美国的传统汽车制造商相比，大众对电动车的投资力度更大。该公司正将一家有50多年历史的发动机工厂改造成电动车电池工厂，同时大幅改变人才结构。这家工厂的转变能否为传统汽车制造商提供转型蓝图？传统汽车厂商要解决哪些问题才能在电动车革命中幸存并…"
"2021-06-05","1401051285537755136","联合早报 Lianhe Zaobao","RT @zaobaosg: 美国国家过敏症和传染病研究所所长福奇呼吁中国公布九人的医疗记录，称这九个人的病情可能为冠病病毒最先是否系实验室泄漏所致提供关键线索。https://t.co/o3d7ye2rAH"
"2021-06-05","1401030481693483014","DW 中文- 德国之声","RT @dw_chinese: 德国联邦议会议员、流行病学教授劳特巴赫本週在德国电视台ZDF上表示，他曾为了提供医疗谘询到访台湾，称台湾拥有良好的卫生系统。当主持人询问劳特巴赫，台湾买不到疫苗是否为中国介入之故，他回答道：""我们不想批评其他国家，但显然是有些政治上的冲突，以致于…"
"2021-06-03","1400334252768563202","日经中文网","RT @rijingzhongwen: 【日本将向国际疫苗援助框架追加出资8亿美元】日美欧正摸索向超过90个发展中国家无偿提供疫苗的框架机制。全球疫苗免疫联盟估计2021年援助发展中国家需要83亿美元左右的资金，截至4月底还有17亿美元的缺口。日本还表示将对外援助3000万剂次…"
"2021-06-03","1400591245223751681","联合早报 Lianhe Zaobao","RT @zaobaosg: 为了提高疫苗接种覆盖率，新加坡允许私人医疗业者通过自己的采购途径获取疫苗。让对瑞辉与莫德纳疫苗有严重敏感反应者、对现有疫苗抱犹豫态度的人、今后想接种不同牌子疫苗的人提供更多选择。接种政府未提供的疫苗是个人选择，也意味着他们须为自己的决定负责。 htt…"
"2021-06-02","1400185572262498304","华尔街日报中文网","RT @ChineseWSJ: 供应链技术提供商project44已融资2.02亿美元，部分资金来自高盛集团和中投公司成立的合作基金。该基金可帮助这个中国主权财富基金投资于与中国有业务联系的美国工业初创企业。交易对该公司的估值为12亿美元，又一次显示出知名投资者被旨在优化全球货…"
"2021-06-01","1399614094563364864","日经中文网","RT @rijingzhongwen: 【日本决定支援台积电在本国的基地】日本将提供总建设费（约370亿日元）的一半，台积电还将在材料和制造设备等方面利用日企的优势，包括在封装方面领先的揖斐电、在微细布线材料方面具备优势的旭化成等。预计2022年启动正式研发……https://…"
"2021-06-01","1399616793308581890","华尔街日报中文网","RT @ChineseWSJ: 随着汽车变得越来越像轮子上的电脑，一众科技公司争相逐鹿规模高达5万亿美元的汽车市场，苹果也不例外。苹果公司多年来一直酝酿在汽车业占有一席之地，并斥巨资招聘了专业人员。“但没人知道苹果是要打造整车、或是技术平台、还是要提供移动交通服务。”一位业内人…"
"2021-05-28","1398188749758992389","日经中文网","RT @rijingzhongwen: 【卡西欧借可穿戴设备提供跑步姿势指导】卡西欧与亚瑟士共同推出了可测定跑步动作的可穿戴设备。最大特点是可以在APP上用动画重现自己跑步的姿势。可以将自己的跑步姿势和理想的姿势进行对比，帮助改善动作姿势。卡西欧希望实现由设备销售向软件服务的转…"
"2021-05-27","1397999765506322433","华尔街日报中文网","RT @ChineseWSJ: #股闻天下 围绕氢气动力卡车和飞机的热议不断，但铁路为清洁能源技术的推广提供了最直接的试验案例，让政策制定者和市场都兴奋不已。市场仍在发展，但这是一个罕见的氢经济崛起的时代。https://t.co/OETt84Z2GH"
"2021-05-25","1396981520380747782","华尔街日报中文网","RT @ChineseWSJ: 辉瑞首席执行官艾伯乐周五表示，该公司和BioNTech将在未来18个月向发展中国家提供20亿剂新冠疫苗。这是疫苗生产商面临暂时放弃专利压力之际采取的最新举措。https://t.co/LMMtfarl08"
"2021-05-18","1394554891276746753","华尔街日报中文网","RT @ChineseWSJ: 如果说Epic和苹果公司即使在相互较量之际也能在一件事上达成一致，那就是应用经济值得一搏。本文从七个方面介绍了正在崛起的应用经济的概况，并提供了七张重要图表。https://t.co/lBWNcciY2d"
"2021-05-18","1394747769504501763","日经中文网","RT @rijingzhongwen: 【中国对上市企业的产业补贴创新高】中国2020年对上市企业提供的产业补贴达到2136亿元人民币，比上年增加14％。半导体方面，对113家相关企业的补贴总额达到106亿元，迅速增至10年前的12倍。世贸组织协定并未禁止政府发放所有补贴……h…"
"2021-05-18","1394711530378199042","华尔街日报中文网","RT @ChineseWSJ: 富达投资周二表示，将向父母或监护人也在该公司投资的13至17岁的青少年发行借记卡并提供投资和储蓄账户。这些账户将允许青少年购买和出售美国股票、富达共同基金和许多ETF。https://t.co/CWpufPkBve"
"2021-05-15","1393440693280940032","日经中文网","RT @rijingzhongwen: 【疫情加速全球无现金化】美国贝宝旗下的个人汇款服务“Venmo”正在普及，甚至演化出了“venmoing”这个含义的动词。向零售店提供支付终端的Square分析称，“如果没有疫情，最近1年完成的去现金化转型或将花费近3年”…… https…"
"2021-05-15","1393439157909745666","联合早报 Lianhe Zaobao","RT @zaobaosg: 新加坡人力部为关怀员工津贴拨款100万元，协助符合条件的大厦业主和服务买家为外包员工提供休息区，超过2000名清洁工和保安人员等低薪员工将受益。https://t.co/QdlmwpJmhf"
"2021-05-14","1393117840798982145","日经中文网","RT @rijingzhongwen: 【智能G-SHOCK进化中】卡西欧推出了与亚瑟士联合开发的跑步者支持服务“Runmetrix”。服务通过G-SHOCK、另售的专用可穿戴终端和专用手机APP提供。G-SHOCK还首次配备了谷歌智能手表操作系统“WearOS”…… http…"
"2021-05-13","1392733483341029378","日经中文网","RT @rijingzhongwen: 【摘】为了让不会使用智能手机APP的老年人也能享受这项服务，还可以让家人等代为叫车。优步此举也有着吸引新用户注册的目的。该公司目前在东京都内与2000辆出租车合作提供网约车服务。https://t.co/P1flO90cdX"
"2021-05-12","1392346546847379456","日经中文网","RT @rijingzhongwen: 【软银将向自动建机提供定位服务，误差3厘米内】软银正自行建设3300个定位点，将利用卫星和地面定位点，在3厘米误差以内计算出物体位置……https://t.co/J1vVny3dxh https://t.co/yGVOqdo4Uo"
"2021-05-12","1392559276682477569","华尔街日报中文网","RT @ChineseWSJ: 黑客们越来越善于在所谓的暗网上交流有关网络漏洞信息。与此同时，要求用加密货币支付赎金的能力限制了执法部门的追踪能力。而且赔付勒索软件赎金的保险产品增多，也为一个日益专业化的勒索软件产业提供了生存土壤。https://t.co/iQbRihXg7O"
"2021-05-12","1392560373778161664","华尔街日报中文网","RT @ChineseWSJ: 面向从富裕人群到次贷阶层的各类借款人提供服务的大型信用卡发行机构称，总体信用卡未偿余额正在下降，随之而来的是这些机构利息收入的下滑。为了弥补损失的收入，发卡机构在营销推广信用卡方面投入了更多资金，并且放宽了信用卡的授信标准。https://t.c…"
"2021-05-11","1392015805911494657","华尔街日报中文网","RT @ChineseWSJ: 挪威政府任命的一个委员会周一表示，该国应将阿斯利康和强生公司的疫苗排除在其免疫计划之外。然而，委员会表示，在国家的官方疫苗接种计划之外，这些疫苗应提供给任何想要自愿接种的人。https://t.co/dIAcOYwNkI"
"2021-05-11","1392013247012696065","联合早报 Lianhe Zaobao","RT @zaobaosg: 新加坡无关联病例有增加的趋势，加重了追踪病毒源头的困难，而携带病毒者或许不知道本身已感染，很可能将病毒传染给其他人。除了加强边境的管控，政府必须不时检讨内部措施，同时也应提供更多关于疫苗、变种病毒等的最新信息，让国人真正认识这场疫病，以此强化防疫意识…"
"2021-05-10","1391647709069676544","联合早报 Lianhe Zaobao","RT @zaobaosg: 泰国第三波冠病疫情来势汹汹，政府却无法及时提供能满足各方需求的疫苗，一些旅行社看到商机，推出新服务，带团游美国并接种疫苗。其中一家旅行社Unithai Trip提供前往美国旧金山、洛杉矶和纽约的多种“疫苗接种旅游配套”，团费介于7万5000至20万泰…"
"2021-05-09","1391445657097949185","联合早报 Lianhe Zaobao","RT @zaobaosg: 樟宜机场出现新的冠病感染群，确诊的八名病患都在第一或第三搭客大厦工作。为降低病毒在社区广泛传播的潜在风险，卫生部将为那些在5月3日曾到过樟宜机场第三搭客大厦的公众，提供免费冠病检测。https://t.co/t8PHk0a4Xy"
"2021-05-08","1390919388916715520","华尔街日报中文网","RT @ChineseWSJ: #股闻天下 大众汽车是典型的老派汽车制造商，它在电动汽车技术上下了很大的赌注，并带来了希望。虽然该公司仍能从传统动力汽车中获得丰厚利润是为这一赌注提供资金的先决条件，但这并不能说明获得回报的机会有多大。https://t.co/j9bkvvGGun"
"2021-05-07","1390553175359295489","日经中文网","RT @rijingzhongwen: 【索尼游戏（2）向开发企业积极投入】“如果没有游戏软件，PlayStation就卖不出去”，索尼互动娱乐的高级副总裁这样说。软件占索尼游戏业务销售额的比例已经超过一半，在游戏机性能、价格与竞争对手相当的背景下，索尼积极为软件开发企业提供支…"
"2021-05-07","1390563340972224512","日经中文网","RT @rijingzhongwen: 【日本将为促进企业生产氢和氨提供资金支持】氢和氨作为不排放二氧化碳的燃料备受关注。将通过政府性支援，实现日本国内的稳定采购……https://t.co/yA9taRwUeJ https://t.co/JFCfoXE2bw"
"2021-05-07","1390561464293892096","日经中文网","RT @rijingzhongwen: 【辉瑞将向东京奥运代表团提供新冠疫苗】辉瑞和德国拜恩泰科已就提供疫苗事宜与国际奥委会达成共识。计划在7月下旬奥运会开幕之前完成2次疫苗接种。不过，疫苗接种并不作为义务，能否实现全员接种并不清楚。国际奥委会主席巴赫呼吁情况允许的话，尽可能接…"
"2021-05-06","1390160643408351234","日经中文网","RT @rijingzhongwen: 【链接——疫苗的另一场全球竞争】中山淳史：“疫苗护照”是在入境时通过手机查看接种情况的机制，欧盟、中国等正为实用化而行动。为相关国际组织制定国际标准提供技术的是一家日企，但日本的相关部门等却对参与标准制定兴趣不大……https://t.c…"
"2021-05-05","1389842725437018114","华尔街日报中文网","RT @ChineseWSJ: 数字健康初创公司在疫情期间蓬勃发展，为一系列服务筹集了创纪录的资金。这些初创公司的主要客户企业福利主管们表示，他们对能够降低成本和改善员工健康的技术感到兴奋。但他们说，相关活动的爆炸式增长催生了大量提供冗余或定价过高服务的初创公司。https:…"
"2021-05-05","1389992041052966914","联合早报 Lianhe Zaobao","RT @zaobaosg: 新加坡动物园、夜间动物园以及河川公园为园内动物提供可持续的生活空间，还开发应用记录每天制造以及可进行再循环的园艺废品。这三个公园因在景观设计、生物多样性和保育工作等方面有杰出的表现，获得国家公园局卓越景观评定框架认证。https://t.co/lZ…"
"2021-05-03","1389128594484461570","联合早报 Lianhe Zaobao","RT @zaobaosg: 随着越来越多人接种疫苗，卫生部更新网站资讯，答复有关接种疫苗的一些疑问。卫生部指出，公众接种的两剂疫苗都应属同一个品牌；若后续有更多研究数据公布，卫生部将提供有关注射追加剂（booster）的建议。https://t.co/2lALIV2IeX"
"2021-05-02","1388741124550840322","DW 中文- 德国之声","RT @dw_chinese: 印度对该联合国迄今为止对印度提供的支持表示感谢。 但本周早些时候，针对联合国有关帮助该国构建新冠抗疫物资供应链的提议，印度曾婉言谢绝。https://t.co/OLsDr8VZQW"
"2021-05-02","1388753390763577346","华尔街日报中文网","RT @ChineseWSJ: 标普500指数上涨0.7%，刷新周一创下的纪录。道琼斯指数上涨0.7%；纳斯达克指数上涨0.2%。周四为投资者提供了经济复苏的新迹象。美国经济第一季度增长6.4%，接近新冠疫情前的水平，每周首次申请失业救济人数降至自去年疫情开始以来的最低水平。h…"
"2021-05-02","1388758074656137216","BBC News 中文","RT @bbcchinese: 疫苗研发领域最引人关注的动态之一是不同疫苗混搭接种是否可行。其他我们需要了解的基本问题包括，疫苗能提供多大的保护？可能有哪些副作用？免疫效力持续多久？不同的疫苗怎么比较等等。https://t.co/52p5SEPDKQ"
"2021-04-28","1387495791560855553","FTChinese","RT @FTChinese: 【投资股票的回报一定更好吗？】伍治坚：从长期看，股票可以给投资者更好的投资回报，但前提是股市所在的国家需要成为国际竞争中的赢家，才能向投资者提供更好的回报。https://t.co/LrbXiKoQgn https://t.co/E5A8jSd7Md"
"2021-04-28","1387494302536769536","联合早报 Lianhe Zaobao","RT @zaobaosg: 杨丹旭：印度冠病疫情形势严峻，各国要向新德里提供支援。对于中国和美国的支援，新德里的回应截然不同。印度希望从国外进口医用氧气，但中国并不在选择中，反而是主动寻求美国援助。援助印度尽快控制疫情是当务之急，若一再被地缘政治骑劫，全球抗疫的战线恐怕还会拉得…"
"2021-04-25","1386214356128452610","日经中文网","RT @rijingzhongwen: 【世界各地促生育出了这些招】意大利为每个孩子每月提供约合人民币1950元的补贴，从怀孕7个月直到孩子21岁。韩国也将实施生育时一次性补贴200万韩元（约人民币11620元）以，及在孩子满1岁前每月补贴30万韩元的制度。日本的措施一直被指“…"
"2021-04-25","1386214036878946311","日经中文网","RT @rijingzhongwen: 【东京等4都府县进入紧急宣言状态】针对东京、大阪、京都、兵库发布的紧急宣言为期17天，请求停业的对象为提供酒类的餐饮店以及超过1000平方米的大型商业设施。针对不提供酒类的店铺，要求将营业时间缩短至晚上8点……https://t.co/1…"
"2021-04-25","1386212192366710789","日经中文网","RT @rijingzhongwen: 【告别有线充电的时代即将到来？】如果电力能从空中“飞来”，那么纯电动车将能持续行驶，手机等设备也无需特意充电，发电站的概念也将不复存在。无线输电技术为这种前景提供了可能。日本正在研究用微波输电，目前的传输效率为数个百分点……https:/…"
"2021-04-24","1385818199539650563","DW 中文- 德国之声","RT @dw_chinese: 《印度时报》本周五以“中国愿意帮助，但印度却到别处寻找氧气”为题写道，中国表示，中方愿为印方控制疫情提供必要的支持和帮助，但印度官方消息来源称，中国目前并不在印度寻求氧气进口的来源国之列https://t.co/WxkV7cwRjc"
"2021-04-23","1385506735079661576","日经中文网","RT @rijingzhongwen: 【日本第3次紧急事态宣言】此次紧急事态宣言期限为4月25日至5月11日。为了限制黄金周人员流动，将请求提供酒类的餐饮店停业，也请求大型商业设施除生活必需品卖场之外的区域停业……https://t.co/AJV8SSRlfb https:/…"
"2021-04-22","1385078923667460099","日经中文网","RT @rijingzhongwen: 【日本将实现燃氢发电站商业运行】日本电力企业Erex的燃氢发电站不排放二氧化碳，实现商业运行在日本国内尚属首次。首先将在山梨县设置小型发电站，为近100户普通家庭提供1年的用电量……https://t.co/wNNOK3srKE http…"
"2021-04-21","1384764899553808384","日经中文网","RT @rijingzhongwen: 【数字货币元年(中)民间数字货币速度快】“希望向法人客户提供的是24小时365天都能瞬间移动资金的体验”，美国大型金融企业摩根大通启动了在区块链上发行的数字货币“JPM Coin”项目。与央行数字货币相比，机动灵活的民间金融机构的行动更为…"
"2021-04-17","1383290482843799556","日经中文网","RT @rijingzhongwen: 【本田与中国企业AutoX展开自动驾驶合作】本田为AutoX在中国公路上进行无人驾驶实验提供车辆，开展共同研究…… https://t.co/PeDYnzTwyf https://t.co/XjxBYB6pta"
"2021-04-14","1382233628688609284","华尔街日报中文网","RT @ChineseWSJ: Zappos前CEO谢家华去年意外去世，年仅46岁。在他去世前几个月，家人和朋友发现他深陷不能自拔的困境。紧跟他的一个核心团队为他沉迷于毒品提供便利，帮助他免受外界打扰，与此同时，那些人从他那里领着丰厚的酬劳。https://t.co/xkyW…"
"2021-04-14","1382203157128744960","华尔街日报中文网","RT @ChineseWSJ: 彭博报道称，苹果公司正在考虑推出一款Apple TV流媒体设备，内置扬声器和可进行视频会议的摄像头。该公司正努力提升其家居产品的吸引力，因其在这一类别相对亚马逊公司和Alphabet进展较为有限，后两家公司都提供更便宜的家居扬声器和流媒体设备。…"
"2021-04-14","1382425281630142465","华尔街日报中文网","RT @ChineseWSJ: 在欧洲，中国调整了“一带一路”的战略，有时与当地政府和公司低调合作。中国对火车和轨道运输进行补贴，而阿里巴巴等大公司则提供指导和需求。这可能有助于北京将富裕国家与中国更紧密地联系在一起：中欧之间的贸易联系已使欧洲不愿加入美国试图让欧洲与中国对抗的…"
"2021-04-13","1381836609520246784","DW 中文- 德国之声","RT @dw_chinese: 盼加入欧盟的黑山2014年从中国获得10亿欧元贷款，今年开始还款。黑山副总理阿巴佐维奇表示这是前任政府所为，希望欧盟协助。欧盟委员会4月12日表示，无法帮助偿还债务，但愿意通过90亿欧元的西巴尔干地区经济和投资方案，为计划道路的其余部分提供资金，…"
"2021-04-11","1381157799002918916","DW 中文- 德国之声","RT @dw_chinese: 疫情防控与如何应对危机是世界各国不得不面临的课题。台湾如何做好疫情下的危机管控，或许能为正处于危机中的国家提供借鉴 https://t.co/Vls4flweDA"
"2021-04-08","1380053324112613378","日经中文网","RT @rijingzhongwen: 【日本完成全球首例新冠患者活体肺移植手术】接受手术的患者是关西的一位女性，病后呼吸状态急剧恶化，两肺变硬变小，几乎失去了功能。其丈夫和儿子提供了部分肺组织，接受了长达约11个小时的移植手术。提供肺组织是其丈夫等人申请的……https://…"
"2021-04-08","1380053721296429057","日经中文网","RT @rijingzhongwen: 【摘】在京瓷生产的零部件中，为半导体等小型零部件提供电力和保护的陶瓷封装的需求尤其大。此外，京瓷社长谷本秀夫表示，电子设备中不可或缺的晶体元件“也接到大量订单，如果不进行投资就会跟不上需求”……https://t.co/5kYvEJA0Z4"
"2021-04-08","1380053573900271617","日经中文网","RT @rijingzhongwen: 【京瓷3年内将进行4500亿日元的5G设备投资】随着5G的全面普及，为半导体等提供电力和保护的陶瓷封装、晶体元件等电子零部件的需求大幅增长，京瓷将以日本和东南亚等地的工厂为中心增强生产设备…… https://t.co/c2LE5xWyL…"
"2021-04-07","1379676983806676995","华尔街日报中文网","RT @ChineseWSJ: 人们选择住房而不是股票的最常见原因似乎在于安稳，而不是寻求更好的回报。最常选择的回答是，住房是他们“想要的生活环境”，“能提供稳定性”，以及房价“波动较小”。https://t.co/jksV7giGIW"
"2021-04-07","1379684873854611458","日经中文网","RT @rijingzhongwen: 【疫苗的另一场全球竞争】中山淳史：“疫苗护照”是在入境时通过手机查看接种情况的机制，欧盟、中国等正为实用化而行动。为相关国际组织制定国际标准提供技术的是一家日企，但日本的相关部门等却对参与标准制定兴趣不大…… https://t.co/W…"
"2021-04-07","1379682529234460677","日经中文网","RT @rijingzhongwen: 【日本永旺旗下超市引进中国技术开无人店】永旺旗下经营超市等的“大荣（DAIEI）”将与中国初创企业云拿科技合作，在东京都江东区开设规模接近便利店的小型无人店。费用有望降至传统无人店的一半。云拿科技已向中国等11个国家的约130家无人店提供…"
"2021-04-06","1379311281560113153","DW 中文- 德国之声","RT @dw_chinese: 目前美国全面运营的海上风电场只有一个，即2016年底在罗德岛附近建成的岩岛风电场。白宫表示至2030年，海上风电场将为美国1000多万户家庭提供环保电力。拜登政府表示，为实现这一目标，需在大西洋及太平洋沿海投资120多亿美元，创造数万个新的就…"
"2021-04-06","1379302570858926080","DW 中文- 德国之声","RT @dw_chinese: 希腊：在我们的要求得到满足之前，这个问题依然存在德国：根据之前的两项条约，战争赔偿问题已经得到解决至于希腊现在是否有权要求德国提供更多赔偿，法学家和历史学家对此看法不一。https://t.co/mVyHwOvSNa"
"2021-04-05","1378963882631262215","联合早报 Lianhe Zaobao","RT @zaobaosg: 巴基斯坦私营机构周末首次提供冠病疫苗接种服务，数以千计的年轻人争相接种，卡拉奇一些地区的疫苗已被抢购一空。https://t.co/BCFWPdtLEC"
"2021-04-03","1378242007571685384","华尔街日报中文网","RT @ChineseWSJ: 美国上月招聘速度加快，达到去年8月以来最快增速，这表明正出现更强劲的复苏，从而可能为新冠疫情期间受打击最严重的行业、地区和工人提供就业机会。https://t.co/DrjjCM5O3d"
"2021-04-03","1378241425045737483","联合早报 Lianhe Zaobao","RT @zaobaosg: 李白当年在当涂去世后，他的好友谷兰馨主动提供自家良田作为李白安葬地。从那时起，谷家人便成了李白墓的守护人，一直延续至今。1985年，18岁的谷常新成为李白墓第49代守墓人。30多年来，谷常新除了每天负责李白墓园的清扫工作，同时还承担着李白墓园的讲解任…"
"2021-04-03","1378240562877239296","华尔街日报中文网","RT @ChineseWSJ: #视频 SpaceX公司的“星链”(Starlink)计划是通过近地卫星群提供互联网接入的服务，公司老板马斯克宣称这将解决农村地区上网难的问题。《华尔街日报》追踪了多位住在偏远地区的星链测试版用户。结果显示，星链目前提供的网速低于美国家庭平均水平…"
"2021-04-02","1377872631232270336","BBC News 中文","RT @bbcchinese: 对很多人来说，飞机餐跟美食很难扯上关系，但这顿开价540美元的飞机餐，却有价有市！日本最大航空公司全日空（ANA），本周起在停飞的客机上提供头等舱用餐服务，并迅速售罄。他们决定4月内加推，满足市场需求。 https://t.co/i8WGjm…"
"2021-03-31","1377136453092732928","DW 中文- 德国之声","RT @dw_chinese: 阿联酋与中国合作，将从4月份开始生产国药集团的灭活疫苗，从而成为海湾地区首个拥有疫苗产能的国家。与此同时，中国已经开始为在华的外籍人士提供新冠疫苗接种。#疫苗https://t.co/sUz3sW5EtI"
"2021-03-31","1377293665274458117","DW 中文- 德国之声","RT @dw_chinese: 该景气刺激方案总额为两兆美元，为期8年，部分资金经通过提高企业税提供，税率由21%提至28%。一名白宫高官称，该计划将能创造出 「数百万个高薪工作岗位」，并加强美国在与中国竞争中的地位。https://t.co/eV9yBsWwg9"
"2021-03-31","1377142442617528320","日经中文网","RT @rijingzhongwen: 【腾讯在日本启动直播支援服务】腾讯将对希望通过云平台开展直播的企业提供支援。腾讯认为，疫情让日本的直播需求高涨……https://t.co/JPIJXaGSJR https://t.co/yGHycjZQGh"
"2021-03-28","1376044925502951427","华尔街日报中文网","RT @ChineseWSJ: #本周热读 辉瑞公司表示，已开始对一种口服抗新冠药物进行人体试验。如果这种药物被证明安全有效，将为医生提供另一种治疗患者的工具。https://t.co/7bYdd6rF5u"
"2021-03-27","1375686756427685890","华尔街日报中文网","RT @ChineseWSJ: 苏伊士运河周四仍处于封闭状态。本文提供的几张图将带你一窥“长赐号”是如何堵死了该航道。https://t.co/OMqYgOKHaL"
"2021-03-25","1374949695991074823","联合早报 Lianhe Zaobao","RT @zaobaosg: 我国冠病疫苗接种计划进展顺利，政府将开始为较年轻的群体提供接种。随着本地疫情稳定向好，政府也决定进一步放宽工作场所的人数限制。https://t.co/mZyaJ8hcko"
"2021-03-25","1374943621762310146","日经中文网","RT @rijingzhongwen: 【亚瑟士首次推出女性时尚品牌】该品牌推出服装及运动鞋等，为外出时及居家时等广泛的生活场景提供选择。6成产品采用有机棉等可持续材料，还满足消费者越来越高的环保需求…… https://t.co/i6IzoP2dSV https://t.co…"
"2021-03-24","1374560132835680262","联合早报 Lianhe Zaobao","RT @zaobaosg: 被美国卫生部官员批评提供“过时数据”的48小时后，阿斯利康公司宣布，将发布其在美国进行的临床试验的最新数据。https://t.co/gmCabdlaZ9"
"2021-03-23","1374251219351265282","华尔街日报中文网","RT @ChineseWSJ: 拼多多通过广告赚钱，并花费了近130亿美元补贴产品，实际上等于向商户付费，让他们降低价格，提供吸引眼球的便宜货。CEO陈磊说，拼多多的计划是继续将收入用于补贴，直到取代阿里巴巴，成为可能是10亿中国消费者的首选购物平台。https://t.c…"
"2021-03-23","1374302273040347137","华尔街日报中文网","RT @ChineseWSJ: 数据和安全监测委员会(简称DSMB)是与美国国立卫生研究院有关的一群专家，他们表示担心阿斯利康可能使用了该试验中的过时信息，这些信息提供的有关有效性数据的观点可能不完整。https://t.co/GGO38p8Yk4"
"2021-03-20","1373177374427082756","华尔街日报中文网","RT @ChineseWSJ: 美联储主席鲍威尔在《华尔街日报》刊登的一篇观点文章中写道：“复苏远未完成，因此在有需要的情况下，美联储将继续为经济提供支持。我确实相信我们在走出这场危机后将更强大、表现更好，如同之前经常发生的那样。”https://t.co/yjn4ogtlGQ"
"2021-03-20","1373182210128322564","DW 中文- 德国之声","RT @dw_chinese: 台湾国防部表示，中国正在增强攻击和封锁台湾的能力，部署远程导弹以防止外国军队在两岸发生战争时提供帮助，并使用心理战来破坏台湾人对自身军事力量的信心。https://t.co/PqRoLCyVIH"
"2021-03-19","1372857050686840833","华尔街日报中文网","RT @ChineseWSJ: 强生CEO表示，他希望强生新授权的疫苗和其他目前的新冠疫苗能够提供一些针对新变异病毒的保护，但可能需要接种加强疫苗或对原始疫苗进行修改。https://t.co/XSKSZqWca0"
"2021-03-18","1372452885078757381","联合早报 Lianhe Zaobao","RT @zaobaosg: 新加坡去年12月30日开始接种冠病疫苗计划。随着计划广泛开展，许多疑虑逐渐厘清。卫生部宣布，增设七个疫苗接种中心，其中四个提供莫德纳疫苗，这意味目前两种疫苗的接种双线并行，也就是说公众可从中作出选择？有选择后，如何确保工作有序进行是另一个问题。htt…"
"2021-03-17","1372102164064002051","华尔街日报中文网","RT @ChineseWSJ: 彭博援引未具名消息人士的话报道称，阿里巴巴计划在长期竞争对手腾讯的平台上提供服务，这是对中国有关部门的重大让步。中国有关部门希望管控一些快速增长的中国互联网公司。https://t.co/IyZrCNxIsm"
"2021-03-16","1371722579963117571","联合早报 Lianhe Zaobao","RT @zaobaosg: 世界各国陆续展开冠病疫苗接种工作，除了政府官员，企业高管也想方设法鼓励人们去打针，包括向员工发放现金、提供带薪假等，甚至有雇主规定员工必须接种疫苗，否则可能饭碗不保。https://t.co/KTWpkL1J78"
"2021-03-13","1370635351841120259","华尔街日报中文网","RT @ChineseWSJ: 中国奥委会提议向国际奥委会提供新冠疫苗，供推迟举行的东京奥运会和2022年北京冬奥会的参赛者使用。目前，奥林匹克运动已面临2022年北京冬奥会可能遭抵制的压力，而中国的最新动作是争取国际好感的又一项积极尝试。https://t.co/LQK2s…"
"2021-03-13","1370629227226091521","华尔街日报中文网","RT @ChineseWSJ: 根据目前的疫情形势，许多企业预计，“远程办公”仍将成为此后一年内的关键词，而薪酬和福利等一系列新问题也令企业管理者倍感头疼。企业试图解决的问题还包括：员工搬到其他地区后，由此产生的税务成本该由谁来承担？如何才能为职场父母提供最有效的支持？htt…"
"2021-03-13","1370641475378106371","日经中文网","RT @rijingzhongwen: 【摘】 与追求自主设计的苹果和三星相比，“中国企业直接采用供应商提供的通信模块的情况很多”（供应商相关人士）等，有助于降低成本的简洁设计也是特征……https://t.co/BB8rvzo72o"
"2021-03-11","1370105070000304130","华尔街日报中文网","RT @ChineseWSJ: #视频 NASA的毅力号探测车两周多以前成功降落在火星表面，并源源不断地传回大量数据。《华尔街日报》科学记者Robert Lee Hotz说，人类长久以来都想知道我们在宇宙中是否是孤单的存在，而毅力号为回答这一问题提供了第一个实实在在、有决定性意…"
"2021-03-11","1369984249814683652","FTChinese","RT @FTChinese: #付费精选 【国药疫苗如何打开国际市场？】新冠疫情为这家中国集团提供了一个原本难以企及的未来图景：成为全球疫苗供应商。但其成败取决于政治、信任和供应等多重因素。https://t.co/ac5I7VokNG https://t.co/jBJ88sQ…"
"2021-03-11","1369981033848864776","FTChinese","RT @FTChinese: 【视频：新型抗生素会转为付费订阅模式吗？】为新型抗生素的研究提供推动激励和资金，是抗击疫情的重要方法之一。除非更多的国家支持新的激励措施，否则抗生素耐药性的火焰只会继续蔓延。https://t.co/F9qv5dWlvU https://t.co/…"
"2021-03-10","1369449294424596486","日经中文网","RT @rijingzhongwen: 【活动现场也能买扭蛋，万代将推出移动卖场】万代将提供被称为“GASHAPON CARAVAN”的移动扭蛋卖场服务。扭蛋机将装在卡车上运送到活动会场等，无需繁琐的作业。卡车还同时设有大屏幕和舞台，可以播放视频和音乐…… https://t.…"
"2021-03-09","1369372171311661058","FTChinese","RT @FTChinese: #付费精选 【债券抛售预示着什么？】随着市场关注点从政策支持转向经济基本面，政府债券无法再像以前那样提供安全保障，投资者应考虑将投资组合中的安全来源多元化。https://t.co/juROQZdnES https://t.co/e42aRrMOT2"
"2021-03-08","1368785326538256388","华尔街日报中文网","RT @ChineseWSJ: 一些科学家和议员呼吁所有疫苗都改用一剂接种的方式，理由是初步研究显示，接种一剂疫苗也可以有效。他们认为，改用一剂接种方式将使美国加快疫苗接种的步伐。但美国政府的科学家们表示反对，称没有足够的证据表明单剂接种方式可以提供长期保护。https://t…"
"2021-03-05","1367711784610590720","日经中文网","RT @rijingzhongwen: 【绿色的世界，黑色的日本？】从产生1000千瓦时电力时最为廉价的电源来看，日本为煤炭火力发电（74美元），中国为光伏发电（33美元），美国为风力发电（36美元），英国为风力发电（42美元）。日本通过光伏发电提供1000千瓦时电力需要124…"
"2021-03-04","1367394062181933072","日经中文网","RT @rijingzhongwen: 【ASML与中芯国际延长合同 继续提供光刻设备】ASML在2018年与中芯国际达成“深紫外线（DUV）”光刻设备出口协议，合同截至2020年底，最近就延长至2021年底达成协议。DUV光刻设备的属于老式设备，并未成为美国的限制对象……ht…"
"2021-03-01","1366479708746113025","DW 中文- 德国之声","RT @dw_chinese: 很长时间里，多数德国人都支持强硬新冠抗疫措施。而最近却民情大变。这或许是联邦政府副总理肖尔茨要求提供逐步走出“停摆”具体措施的一大原因。#防疫疲乏#春暖花开大家待不住了https://t.co/M2b3dziMfY"
"2021-03-01","1366321612320960514","华尔街日报中文网","RT @ChineseWSJ: 虽然多数行业领袖对政府启动电动汽车等新技术市场之举表示欢迎，但汽车制造商担心，没有广泛的结构性变革，补贴只会产生短期影响，不会创造一个自我持续的市场。它们敦促政府将更多精力放在以下方面：发展充电站等基础设施、为建造电池厂提供支持，以及对排放二氧化…"
"2021-03-01","1366235582741893120","华尔街日报中文网","RT @ChineseWSJ: 美国FDA上周六给予强生单剂新冠疫苗使用授权。强生预计将立即交付约400万剂疫苗，并在3月底前再交付1,600万剂。到6月底，强生预计将总计提供1亿剂疫苗供美国使用。https://t.co/k2YZb7GLIb"
"2021-02-27","1365564918196396035","华尔街日报中文网","RT @ChineseWSJ: #本周热读 接受《华尔街日报》采访的六名WHO研究人员提供的评估描绘了新冠病毒在武汉逐步传播大体图景：2019年11月病毒以较低水平传播而未被察觉，为12月更大规模的疫情暴发做了铺垫。在其他地方也出现了类似模式，也就是疫情大规模暴发前，病毒会在数…"
"2021-02-25","1364806833324519426","华尔街日报中文网","RT @ChineseWSJ: 研究还发现，辉瑞疫苗在预防严重症状的有效性为92%。研究的作者说，该研究的结果与该疫苗制造商自己的临床试验一致，但该研究覆盖了近120万人，提供了对该制药公司的试验很少覆盖的老年群体更精确的了解。https://t.co/Fw5VCRxqrm"
"2021-02-24","1364674111750828034","DW 中文- 德国之声","RT @dw_chinese: 德国之声记者发现，德国士兵在葡萄牙提供援助的是里斯本一家豪华私人医院，其运作公司属于一个中国企业集团，疫情期间为政府提供新冠救治服务。 https://t.co/44fiNlVSPT"
"2021-02-22","1363933963274711040","BBC News 中文","RT @bbcchinese: 在疫情下，自动售货机在新加坡流行起来。售卖的不仅仅是和牛、鲑鱼。还提供面包、咖喱泡饼、现煮披萨、煮熟的红辣椒蟹和鲜榨橙汁。🤤🤤https://t.co/xwRARK9iCG"
"2021-02-06","1357953061931556864","华尔街日报中文网","RT @ChineseWSJ: #本周热读 这项研究可能是莫斯科在全球疫苗接种竞赛中的一个重要里程碑，有可能为普京政府提供在发展中国家的地缘政治影响力，并有机会进入利润丰厚的全球疫苗市场。https://t.co/YpZxGpZySc"
"2021-02-02","1356600919270453255","DW 中文- 德国之声","RT @dw_chinese: 德国“疫苗峰会”结论总结：人们需要做好长期接种的准备，政府对于到夏末为全民提供疫苗的承诺不变，无法促成（疫苗的交付）速度加快，哪怕用钱也无法做到。由此推理 ➡️#汽车芯片 换不来 #疫苗 。 https://t.co/SmnV9BB7m3"
"2021-01-27","1354353035821027331","日经中文网","RT @rijingzhongwen: 【链接——日美德请求台湾增产半导体】台湾相关人士透露，“汽车用半导体在世界范围出现短缺，自去年底开始，从各国的外交渠道，接到（让台湾增加半导体供给）请求”，各国因制造业零部件短缺而请求特定国家和地区提供增产等协助实属罕见……https:/…"
"2021-01-12","1349097026844168192","华尔街日报中文网","RT @ChineseWSJ: 亚马逊将不再向Parler提供云计算服务，苹果公司也将Parler的应用从App Store中下架。而在之前一天，谷歌也将Parler从其Play Store应用市场中下架。但谷歌表示，此举并没有影响Parler在互联网或其他Android应用商…"
"2020-12-04","1334780279924244480","华尔街日报中文网","RT @ChineseWSJ: Moderna称，该公司生产的新冠疫苗有可能提供较长期的免疫力，并预计今年可向美国供应2,000万剂该实验性疫苗。https://t.co/kQBz7wnNMf"
"2020-11-26","1331905849774665728","BBC News 中文","RT @bbcchinese: 苏格兰成为世界上首个向全民免费提供生理用品的国家。提出法案的苏格兰工党议员莫妮卡·列侬（Monica Lennon）说，“疫情不会让月经停止。让人们更易获得基本的卫生棉条、卫生巾和可重复用品工作，从未像现在这样重要”。https://t.co/D…"
"2020-11-23","1330684272403906561","DW 中文- 德国之声","RT @dw_chinese: 20国集团峰会11月22日落幕。这次会议主要处理在全球造成至少138万人死亡的新冠肺炎疫情。20国集团在声明中说，这是「我们的共同挑战」。德国总理默克尔表示，德国已为COVAX全球疫苗倡议提供资金，而美国在特朗普领导下目前拒绝加入。#G20…"
