"2021-11-23","1463238509175590913","联合早报 Lianhe Zaobao","RT @zaobaosg: 美国10月份的通胀率达到了30年来最高水平，美国总统拜登把扭转通货膨胀列为当务之急。美国物价受压的一大问题是港口拥堵带来的供应链瓶颈，拜登会如何以对？阅读全文：https://t.co/rg7LauryID#zaobaosg #拜登 #通货膨胀…"
"2021-11-23","1463236353789886465","华尔街日报中文网","RT @ChineseWSJ: 美国通胀率达到了31年来的最高水平，由于供应和劳动力持续短缺，并且需求强劲，消费者看到各种商品和服务的价格都在急剧上涨。造成通胀的原因是多方面的，而通常用来遏制通胀压力的工具在某些情况下可能会将美国经济推向衰退。一起来看看关于通胀我们需要了解的这…"
"2021-11-23","1463037653088018432","日经中文网","RT @rijingzhongwen: 【日本中高年的工资太高?】对比日美数据可以发现，美国工资水平处于顶峰的45~54岁群体的工资的中位数比25~34岁的人高出约2~3成，日本则高出约3~4成。不过，日本论资排辈的薪酬模式正在变化……https://t.co/FDobDjv…"
"2021-11-22","1462701036410269701","华尔街日报中文网","RT @ChineseWSJ: 在投资者眼中，普涨显示出股市涨势的持久性颇为乐观。涨势建立在多个类股的表现之上，意味着股指不太可能因少数大型股停滞不前而步履蹒跚。 “市场有点像松紧带：可能拉长，但也可能继续拉长，” 业内人士表示。“在某些时候，我们预计会看到估值水平回落。” h…"
"2021-11-22","1462653499036954625","日经中文网","RT @rijingzhongwen: 【日本实际利率为正，日元为何还在贬值？】在日本经济活动迈向正常化的2021年4～6月，理论值维持了日元升值方向的水平。主要原因是实际利率仍为正值这一日本独特的因素。但日本的物价基本没有上涨，目前的实际汇率未受理论值影响，正在转向日元贬值方…"
"2021-11-22","1462914169326342152","联合早报 Lianhe Zaobao","RT @zaobaosg: 柬埔寨2022年将继续维持现有宽松货币政策，同时确保银行间市场利率保持在适当水平。https://t.co/s69H35gt63"
"2021-11-22","1462912974364938241","华尔街日报中文网","RT @ChineseWSJ: 几十年来日本的通胀率都保持在极低水平，消费者抗拒支付更高的价格，企业也很少试图提价。但这并不是许多国家想要遵循的秘诀。一名前日本央行政策委员会成员说，面对短期冲击，这有其有利的一面。但从长远来看，则可能会阻碍经济复苏和产业结构出现有利的变化。ht…"
"2021-11-19","1461605461422075904","华尔街日报中文网","RT @ChineseWSJ: 根据联合国贸易和发展会议的数据，如果海运运费保持在目前水平，预计将把2023年的全球消费者价格拉高1.5%。该组织称，海运运费的上涨将把全球进口价格水平平均拉高11%。https://t.co/fXTi9EdSyN"
"2021-11-19","1461643464131579910","华尔街日报中文网","RT @ChineseWSJ: 普拉达正计划在美国其他地区开设更多商店，旨在推动普拉达的总体销售额比疫情前水平提高50%。虽然普拉达和其他奢侈品公司近年来非常关注中国市场，但普拉达董事长说，在纽约、洛杉矶和芝加哥等奢侈品行业历来集中的城市之外，出现了一些新的财富区，已在全美各地…"
"2021-11-12","1459004222846865409","日经中文网","RT @rijingzhongwen: 【长城欧拉好猫在泰国上市，售价约19万元起】与中国当地价格相比接近2倍，但在泰国销售的纯电动汽车之中处于最低水平……https://t.co/TJje8HhOBO"
"2021-11-07","1457286513868230656","南洋商报eNanyang","RT @nanyangpress: 在需求恢复接近疫情前水平的情况下，OPEC+产油国拒绝了美国加快增产的呼吁，引发了新一轮的供应担忧，令油价在上周五按日上涨。https://t.co/U23Xeve5qW https://t.co/6PgEtGmWmi"
"2021-11-05","1456515215252545545","日经中文网","RT @rijingzhongwen: 【日本人疫情下平均花多少钱办婚礼？】包括仪式、宴会、派对等在内，日本人2020年度的婚礼总花费额平均为292.3万日元，约合人民币16.5万元，创出2005年开始调查以来的最低水平。很多新人因疫情而减少邀请人数、缩小规模……https:/…"
"2021-11-05","1456514717669683207","日经中文网","RT @rijingzhongwen: 【丰田在重重制约下为何还能利润新高？】面对半导体不足、汽车减产、劳动力短缺，丰田7～9月净利润仍创出新高。与利润下降的大众、通用形成鲜明对照。还提出2021财年要取得过去最高水平的利润。丰田有何秘诀？https://t.co/Lv1nZn…"
"2021-11-03","1455757189633642498","日经中文网","RT @rijingzhongwen: 【链接：“电池金属”锂价蹿至新高，或阻碍电动车普及】用于纯电动汽车电池的代表性金属锂的价格已涨至8月上旬的逾2倍，创出新高。根本原因是伴随脱碳趋势的纯电动汽车需求的增加。供应的不足和成本上升也产生影响。也有意见指出“处于非常疯狂的水平，难…"
"2021-11-03","1455923803255500808","日经中文网","RT @rijingzhongwen: 【日本网购普及率超过50%】内阁府统计了至少使用过一次电商的比例，并推算称最早2024年达到与欧美相当的8成水平……https://t.co/cSNpxhC8m8"
"2021-10-31","1454680003988242434","南洋商报eNanyang","RT @nanyangpress: 【苏丹政变:民主与发展/ #许钦铎】在一个面包供应都成问题的国家，最重要的不是政治上搞民主或者其它政权形式，而是应该聚焦经济发展，综合考虑国内外环境，努力提高人民的生活水平。https://t.co/b90qI73Q4H https://t…"
"2021-10-29","1453962521933533189","华尔街日报中文网","RT @ChineseWSJ: 苹果公司周四公布了创纪录的年终业绩，该公司财年利润接近1,000亿美元。一些投资者认为，苹果公司2022财年会比较艰难，理由前几年iPhone热销使业绩超出正常水平之后也是如此。但另一些人则认为，5G带来的动力将源源不断。https://t.co…"
"2021-10-27","1453419760230670338","日经中文网","RT @rijingzhongwen: 【数字竞争力:日本降至第28,中国大陆第15】日本的名次创出2017年开始调查以来的最低水平，在商业敏捷性、人才等多个方面较为落后。另一方面，中国大陆的排名上升幅度高居首位，人工智能、纯电动车等领域的研发投资具备优势……https://t…"
"2021-10-26","1452855664628277253","日经中文网","RT @rijingzhongwen: 【日本涉大麻案件的未成年人迅速增加】“帮我买点大麻吧”，4月大阪府警方以现行犯逮捕了2名涉嫌交易大麻的高中生。在日本，未成年人因持有大麻等而被揭发的件数2020年达到历史最高水平，2021年也可能再度创下新高。在学校内传播大麻的情况十分突…"
"2021-10-24","1452205103562297344","DW 中文- 德国之声","RT @dw_chinese: 今年9月欧元区的通货膨涨更加严重，达到近13年来最高水平。一项研究指出，消费者与公司对通膨的担忧，可能会加剧德国的通膨情形。https://t.co/DaPRdrwlSe"
"2021-10-23","1451977215814483969","FTChinese","RT @FTChinese: #付费精选【美欧数字税争端和解 美国放弃关税威胁】美国与五国达成协议，若一家公司2022年缴纳的税额高于新规定实施后的水平，那么超额部分可以获得抵免。https://t.co/QshXoHFzw5 https://t.co/I2dFVWqnVR"
"2021-10-21","1451058727776227331","日经中文网","RT @rijingzhongwen: 【调查：66％的中国人对日本印象不好】在日本民间非营利团体“言论NPO”等实施的调查中，对日本印象不好的中国人比例达到2017年以来的最高水平，印象好的比例则减少13.2个百分点。另一方面，日本人对中国的好感度变化不大……https://…"
"2021-10-21","1451057300072923141","日经中文网","RT @rijingzhongwen: 【日本汽油价格连续7周上涨，位于7年来最高水平】截至10月18日，日本标准汽油的店面价格为每升164.6日元（约合人民币9.20元），柴油和煤油也均徘徊在7年来的最高水平。这在对日本的家庭收支构成打击的同时、拖累摆脱疫情的经济活动复苏的风…"
"2021-10-21","1451271914186436616","日经中文网","RT @rijingzhongwen: 【NTT旗下企业将推出日本国产5G无人机】日本现在的农业国产无人机价格比中国的大疆高出2～3成，但可以保修7年。5G无人机价格将降到与现行机型相同的水平……https://t.co/3PRAYdjnYn https://t.co/Nh3R…"
"2021-10-20","1450688012107403268","日经中文网","RT @rijingzhongwen: 【日本领跑人工光合作用，精英前往中国】人工光合作用利用水、二氧化碳和阳光制造化学原料，三菱化学等成功完成了制取氢气的大规模验证，丰田旗下企业则实现了世界最高水平的转换率。发现人工光合作用重要原理的藤岛昭却加盟中国的大学……https://…"
"2021-10-19","1450318718676787207","日经中文网","RT @rijingzhongwen: 【印度经济恢复至疫情前水平】证券公司计算出来的印度的商业重启指数已超过2020年春季新冠疫情蔓延前的水平。据称 “最大原因是人员和商品流动得到改善”。不过，印度经济全面复苏仍面临绊脚石，一大担忧是全球半导体紧缺的问题……https://t…"
"2021-10-19","1450318352459595779","日经中文网","RT @rijingzhongwen: 【日本人的年收停滞30年】日本的平均年收入约合3.9万美元，仅比30年前增长4%，而美国增长48％，经合组织平均值增长33％。日本前1％富裕家庭拥有的资产占总体的比例也在下滑，显示出整体国民生活水平的下降……https://t.co/Se…"
"2021-10-15","1448917745240666116","华尔街日报中文网","RT @ChineseWSJ: 国际能源署表示，天然气和煤炭价格的飙升正迫使发电公司和制造商转而使用石油，此举可能使全球日均需求增加50万桶。这一增长意味着，IEA预计明年全球原油需求将超过疫情前的水平。 https://t.co/oVxwVt1Wgt"
"2021-10-14","1448743767880593417","华尔街日报中文网","RT @ChineseWSJ: #股闻天下 现在的关键问题是，PC销量总体上是回落到疫情前的水平，还是稳定在一个新的、更高的水平。后者的理由是有说服力的。长期混合工作安排的采用允许员工在办公室和家庭之间频繁切换，这意味着更多的员工将需要不止一台电脑。https://t.co/…"
"2021-10-13","1448308951460679684","华尔街日报中文网","RT @ChineseWSJ: IEA表示，无论立法机构是继续执行已经出台的政策措施，还是落实他们的最新承诺，气温上升幅度都将超过各国领导人在《巴黎气候协定》中承诺的限度，即把全球总体气温控制在高于前工业时代水平2摄氏度以内。https://t.co/xTwHiZMJK1"
"2021-10-12","1447837508742483968","日经中文网","RT @rijingzhongwen: 【日本机床单月订单额创3年来高水平】日本9月的机床订单额（快报值）比上年同月增长71.9％，连续11个月高于上年。其中，面向日本的内需增长90.2％，明显复苏。外需增长61.7％，增长正在放缓。原因被认为是中国需求放缓产生影响……http…"
"2021-10-12","1447842487142285315","FTChinese","RT @FTChinese: #付费精选 【对冲基金抢购铀 押注于向绿色能源转型】原铀价格升至2012年以来的最高水平，全球能源危机突显出核能在摆脱化石燃料的转型过程中扮演的重要角色。https://t.co/mJf6CDJez7 https://t.co/hEKn0Jrhdp"
"2021-10-08","1446390390878130183","联合早报 Lianhe Zaobao","RT @zaobaosg: 韩国单日新增冠病确诊病例在短暂回落至2000以下水平两天后，又连续两天处在2000以上水平。https://t.co/mU83SGe0Ws"
"2021-10-07","1445986820613804037","华尔街日报中文网","RT @ChineseWSJ: #股闻天下 在天然气价格达到历史最高水平的背景下，人们对欧佩克+可能释放更多的石油以帮助全球解决天然气短缺问题抱有一些希望。但由于冬天还没有到来，欧佩克采取观望态度是有道理的：该组织上周的内部预测显示，到12月石油市场可能会出现供应过剩。htt…"
"2021-10-05","1445265495326822403","日经中文网","RT @rijingzhongwen: 【日本半导体工程师招聘人数激增】在日本，半导体工程师的相关招聘在2015年以后维持增加态势，但进入2021年进一步扩大。1～8月的招聘人数比上年同期增加7成，处于过去10年的最高水平。日本企业寻求留住人才的人事制度的引进也将扩大……htt…"
"2021-09-27","1442324955941597186","日经中文网","RT @rijingzhongwen: 【中国房地产风险超过日本泡沫期】深圳住宅价格平均为年收入的57倍，北京也达到55倍，即使是泡沫期1990年的东京也仅为18倍，中国一线城市房价并非老百姓买得起的水平。从整体贷款余额中房地产贷款所占比例来看，目前中国接近3成，高于日本泡沫期…"
"2021-09-27","1442321101430788097","日经中文网","RT @rijingzhongwen: 【佳能最高端无反相机：每秒连拍30张】佳能全画幅无反相机的最高端机型“EOS R3”将于11月下旬开始销售。该机型实现了佳能最高水平的连拍性能。在自动对焦功能方面，除了人物和动物之外，还可以检测到汽车和摩托车等交通工具。售价约合人民币4.…"
"2021-09-24","1441288894520049668","日经中文网","RT @rijingzhongwen: 【疫情导致1/4的日本人生活水平下降】关于疫情对生活水平的影响，回答“下降”的占24.5％，回答“提高”的占4.4％。越是家庭年收入低的人群，回答下降的比例越高。37%的人担心“今后1年内失业”……https://t.co/EnFblpP…"
"2021-09-23","1440930658306588677","联合早报 Lianhe Zaobao","RT @zaobaosg: 中国文化和旅游部的数据显示，刚刚过去的中秋小长假期间，中国国内旅游出游人次为2019年同期的87％，旅游收入为2019年水平的79％，表明在新一轮的冠病疫情之下，消费者的出行意愿有所降低。https://t.co/GwRGUu7m78"
"2021-09-21","1440223757394608133","华尔街日报中文网","RT @ChineseWSJ: 中国负债累累的房地产行业引发的抛售浪潮冲击了加密市场，比特币周一后市早段比美东时间上周五下午5点的水平下跌了6.5%。https://t.co/OpmfZy2f3E"
"2021-09-21","1440220871877038095","华尔街日报中文网","RT @ChineseWSJ: 辉瑞和BioNTech表示，一项后期研究发现，两剂疫苗在儿童中是安全的，且耐受性良好。根据这两家公司的说法，疫苗产生的抗体水平与年轻人的抗体水平相似，符合这项研究的成功标准。  https://t.co/CaleqABVwk"
"2021-09-19","1439691414355386368","DW 中文- 德国之声","RT @dw_chinese: 中山大学一份研究表明，施打 #国药疫苗 第三剂 #加强针 后，能引起抗体水平的反弹，同时也能提高对新冠病毒的细胞反应。https://t.co/UDyKM0moHF"
"2021-09-18","1439334051085651968","日经中文网","RT @rijingzhongwen: 【到2022年，你吃的金枪鱼肉可能是细胞培养的】细胞培养鱼肉是在培养容器内进行鱼类细胞增殖。美国初创企业BlueNalu将于2022年上市蓝鳍金枪鱼肉。设想售价为市售蓝鳍金枪鱼同等以上的水平。 细胞培养鱼肉的优点是没有废弃部分，不需要从捕…"
"2021-09-15","1438013621229940740","华尔街日报中文网","RT @ChineseWSJ: 经历了几周的媒体风暴之后，库克走上虚拟舞台，试图让人们重新关注苹果公司成功的关键驱动因素：iPhone。然而，一些投资者担心，该公司的股价被高估了，与去年备受期待的新款iPhone相比，这次iPhone 13变化不那么显著，可能不会带来同样水平的…"
"2021-09-15","1437972247738667009","华尔街日报中文网","RT @ChineseWSJ: “一旦成熟经济体的疫苗接种率超过一定门槛，封锁措施得以解除，人们将更愿意出门进行公路旅行和航空旅行，尽管德尔塔变体感染病例数仍较高，”一名石油市场分析师说。“这将在明年带动新兴市场需求，因此很可能会看到石油需求恢复到新冠疫情前的水平。”https…"
"2021-09-08","1435494487527084042","日经中文网","RT @rijingzhongwen: 【新冠疫苗产量年内或超全球接种所需量】据调查公司Airfinity的推算，新冠疫苗的全球累计产量到2021年底预计达到超过全球人口中12岁以上的8成完成接种所需的113亿剂的水平。不过发达国家有可能剩余超过10亿剂，而剩余疫苗也有可能处于…"
"2021-09-08","1435498913885089800","华尔街日报中文网","RT @ChineseWSJ: 比特币周二让萨尔瓦多见识到了其著名的波动性，这个中美洲国家刚刚成为世界上首个采用这种资产作为法定货币的国家。比特币从美东时间周一下午5点的水平一度下跌17%。 https://t.co/kI2JTZmaVS"
"2021-08-31","1432613761899106305","日经中文网","RT @rijingzhongwen: 【新兴国央行再次积极买入黄金】全球央行4～6月净买入200吨黄金，按季度计算达到2年来最高水平。买入量最多的是泰国，排行2位以下也都是新兴市场国家。有专家指出，央行买入黄金是“投给美元的不信任票”……https://t.co/3GlL6q…"
"2021-08-31","1432794062826786825","华尔街日报中文网","RT @ChineseWSJ: 研究表明，造成疫苗之间抗体水平差异的原因有数个，比如Moderna疫苗的两剂注射间隔时间较长，为四周，而辉瑞疫苗的注射间隔为三周。此外，研究人员表示，Moderna两剂疫苗中的关键活性成分的浓度更高。https://t.co/XeeEPZR7Oh"
"2021-08-31","1432746972390166541","日经中文网","RT @rijingzhongwen: 【菅义伟内阁支持率34％，延续上台来最低水平】关于不支持菅义伟内阁的原因（多选），回答“缺乏领导力”的受访者最多，达到60％。针对日本政府的新冠疫情应对措施，“不予肯定”的比例较上次调查上升6个百分点，达到64％……https://t.c…"
"2021-08-30","1432216681611362312","联合早报 Lianhe Zaobao","RT @zaobaosg: 【联合早报评论】“虽然中国人口规模惯性减弱，生育水平压力加大，人口与资源环境承载能力及对粮食供给关系谨慎乐观，但未来15年统筹解决人口问题仍有较大回旋空间。”https://t.co/FvaQoitKdO"
"2021-08-18","1427915274435457024","日经中文网","RT @rijingzhongwen: 【台积电总市值超过腾讯和阿里跃居东亚最高】腾讯和阿里股价下跌，而台积电市值保持在较年初上涨9%的水平。宁德时代的市值大幅上涨……https://t.co/pVvMSKpxBq https://t.co/poEoVdMAuq"
"2021-08-16","1427145448653950976","联合早报 Lianhe Zaobao","RT @zaobaosg: 根据美国疾控中心的数据，18至49岁群体平均每日新增住院病例数已上升至创纪录水平。https://t.co/6j3rzMsJYG"
"2021-08-14","1426409795280461825","华尔街日报中文网","RT @ChineseWSJ: Delta毒株的扩散严重打击了美国小企业的信心，后者降至3月以来最低水平。https://t.co/Qywtz2qo0x"
"2021-08-12","1425894488749211650","华尔街日报中文网","RT @ChineseWSJ: #股闻天下 7月美国通胀降温或许只能预示着通胀步伐有所放缓，但不会回到疫情暴发前长期呈现的非常低的水平。这不算是经济环境恶化，但比起投资者所习惯的情况，还是会有很大的不同。 https://t.co/eHeJcWliQT"
"2021-08-12","1425689870375161871","日经中文网","RT @rijingzhongwen: 【链接——日本超3成年轻人是有房一族】日本的年轻人常常被认为物欲低、不怎么买东西，但从住房自有率来看，户主29岁以下的家庭达到33％，是最近约20年来的最高水平。年轻人看中房子的资产价值，即使在疫情下买房意愿也没有减弱……https://…"
"2021-08-12","1425689325480513536","联合早报 Lianhe Zaobao","RT @zaobaosg: 一项针对免疫系统较弱者使用追加剂和安慰剂的对比试验显示，接种第三剂莫德纳冠病疫苗显著提高了器官移植患者体内的抗体水平。https://t.co/amMPzqh2Pv"
"2021-08-10","1425181099148251137","华尔街日报中文网","RT @ChineseWSJ: NBCUniversal称，东京夏季奥运会平均吸引了1,550万黄金时段的电视观众，创NBC于1988年开始转播夏季奥运会以来最低水平，较2016年里约奥运会时下降42%。https://t.co/e2VW2h3Npr"
"2021-08-10","1425179358583427075","华尔街日报中文网","RT @ChineseWSJ: 随着美国经济复苏，全国选择跳槽的员工的比例创下至少20年来的最高水平。这表明许多职场人士对未来前景感到乐观，但是对于那些想要勉力跟上经济复苏步伐的企业来说，员工在此时离职就是雪上加霜。https://t.co/n5FNhvGqqG"
"2021-08-04","1423009904462163969","南洋商报eNanyang","RT @nanyangpress: 根据一项新的排行榜，中美贸易战期间，中国出口的技术水平却在上升。https://t.co/sfDUvYtWvn https://t.co/tTAx5ssXxX"
"2021-08-04","1423009491885256704","华尔街日报中文网","RT @ChineseWSJ: #股闻天下 高通的业务正在蓬勃发展。业内还预计该公司在9月结束其财年时，芯片组的利润将达到逾10年来的最高水平。失去谷歌不会改变这一切，丢掉苹果公司这个客户似乎还为时过早。https://t.co/iPmMeUHe6j"
"2021-08-04","1422795505252196354","日经中文网","RT @rijingzhongwen: 【三菱化学在美投资1000亿日元新建树脂原料工厂】日本企业1～3月对美投资同比增长4成，创出2017年下半年以来的最高水平，另一方面，中国减少45％。由于购买美国货政策的强化，日本企业对美出口可能变得不利……https://t.co/Wn…"
"2021-08-04","1422793882123661316","华尔街日报中文网","RT @ChineseWSJ: 科学家们说，新冠病毒德尔塔变种毒株的感染者携带的病毒水平要高得多，旧的经验法则已经不再适用，现在是时候重新思考我们的防疫方法了。德尔塔会对我们的风险预估产生怎样的改变？科学家认为我们需要了解这六点。https://t.co/09xCtQFP36"
"2021-08-03","1422438706598744067","日经中文网","RT @rijingzhongwen: 【日本2021年上半年农产品出口创新高】农产品方面，牛肉以美国等出口地为中心出现增长。水产品方面，在中国等颇受欢迎的扇贝起到了拉动作用。如果下半年也保持同等水平，将有可能首次实现出口达到1万亿日元以上的目标……https://t.co/t…"
"2021-08-02","1422114721474379777","联合早报 Lianhe Zaobao","RT @zaobaosg: 德尔塔变种冠病毒株持续传播，使美国平均日增冠病确诊病例较一个月前激增逾四倍，达到2月中以来的最高水平。其中，约有五分之一的新病例来自佛罗里达州，该州已成为美国疫情的新震中。https://t.co/wovTaGpNWW"
"2021-07-28","1420183587752529921","华尔街日报中文网","RT @ChineseWSJ: #股闻天下 最近几个月，许多美国消费者的支出水平与疫情开始前一年的同期水平相当，甚至更好。美国信用卡公司不再有消费问题了，但他们仍然有借款问题。https://t.co/ibk7qsj6wF"
"2021-07-27","1419942304643653632","日经中文网","RT @rijingzhongwen: 【美股“独大”态势在全球加强】美国的股票总市值首次突破50万亿美元。占世界整体的份额达到44％，创出2004年以来、时隔16年的最高水平。中美股市的总市值也拉开差距。与2021年3月底相比，美国增加1.1个百分点，但中国仅增加0.5个百分…"
"2021-07-25","1419152124668092424","DW 中文- 德国之声","RT @dw_chinese: 这是2016年来中企在澳投资连续第4年下降，投资金额回到2008年全球金融危机前的水平 https://t.co/bUODyOloBB"
"2021-07-20","1417619150600474626","华尔街日报中文网","RT @ChineseWSJ: 交易炒股应用Robinhood预计，即将进行的IPO将使其市值达到约330亿美元。这低于之前预期的水平。这些股票将在下周下半段上市交易。https://t.co/GOm0wNd6cl"
"2021-07-14","1415319075199365120","华尔街日报中文网","RT @ChineseWSJ: #股闻天下 美国的通胀率有可能仅仅略高于之前已经习惯的水平，投资者应该对这种可能性持开放态度。对于美联储来说，这或许也是令人满意的局面，美联储将乐见通胀率在一段时间内略高于其目标水平。https://t.co/xOaV2XEsTS"
"2021-07-13","1414814373453967361","日经中文网","RT @rijingzhongwen: 【日本有房贷家庭的负债比存款多43万元】日本的房贷利率处于历史性低水平，不少金融机构的浮动利率低于年0.5%。在2002~2020年期间，日本新房平均价格上涨41％，而同一期间有房贷家庭的月收入仅增加5%……https://t.co/vX…"
"2021-07-13","1414817165740498951","华尔街日报中文网","RT @ChineseWSJ: 预计摩根大通和花旗等大银行本周将公布第二季度利润取得增长，从而与上年同期形成鲜明对比。但交易热潮并没有在第二季度再现。高盛分析师写道：“我们认为，今年夏天对于正常化交易规模是否会高于疫情前水平将是严峻考验。”https://t.co/OxUliB…"
"2021-07-06","1412287255989821443","华尔街日报中文网","RT @ChineseWSJ: MSCI中国指数今年上半年仅上涨1.1%，不仅落后于MSCI全球指数11个百分点，也是该指数八年来上半年表现最差的一次。由于中国股市目前估值水平不高，许多利空消息已被市场消化，经济增长也有望保持强劲，投资者称今年下半年股市情况可能会有所好转，但要…"
"2021-07-05","1411924138487205892","日经中文网","RT @rijingzhongwen: 【全球2成排放量有了“定价”】碳定价机制包括碳税和排放量交易等，引进机制的国家和地区在10年里增至3倍，上海交易所也将于近期启动。不过，目前只有欧洲的碳价达到理想水平……https://t.co/D7oLWKOr2F https://t.…"
"2021-06-19","1406125274429747209","FTChinese","RT @FTChinese: 【抗体筛查可改变新冠疫苗分配】达尔齐：成功推进疫苗接种的富裕国家可以检测民众抗体水平，如果其抗体水平足够，可以将他们的加强针捐赠给最贫穷的国家。https://t.co/CyrEIP906H https://t.co/ue0Z6Aze0S"
"2021-06-19","1406124635763081217","BBC News 中文","RT @bbcchinese: 美国国立卫生研究院（NIH）的一项新研究显示，早在2019年12月，美国数州已出现新冠病毒，并进行低水平传播。这比目前官方报告的第一例新冠确诊病例（2020年1月）要早数周。https://t.co/5vReuw2iVr"
"2021-06-18","1405996500102963202","联合早报 Lianhe Zaobao","RT @zaobaosg: 以色列的研究显示，缺乏维生素D的人如果感染冠病，与维生素D水平正常的人相比更有可能发展成重症甚至死亡。https://t.co/fUD2phn4Nn"
"2021-06-18","1405995049427488771","华尔街日报中文网","RT @ChineseWSJ: #股闻天下 新冠疫情给连锁超市Kroger带来了意外收获——2020年自由现金流达到40亿美元的健康水平。在线销售也因为广告收入等而更有利可图。在今年剩余时间里，意外或许依然存在，但这个超市巨头应能应付自如。https://t.co/go3h4c…"
"2021-06-17","1405408663750078465","BBC News 中文","RT @bbcchinese: 美国国立卫生研究院（NIH）的一项新研究显示，早在2019年12月，美国数州已出现新冠病毒，并进行低水平传播。这比目前官方报告的第一例新冠确诊病例（2020年1月）要早数周。https://t.co/QjRlgVgUpI"
"2021-06-17","1405424527744536579","FTChinese","RT @FTChinese: 【上半年旅游消费持续向疫前靠拢】蔡浩、李海静：上半年中国旅游业持续向疫情前水平靠拢，这是国内消费市场稳步复苏的生动体现。下半年假期消费将继续给今年消费增长带来动力。https://t.co/12PMk8y4S8 https://t.co/jLPoc…"
"2021-06-16","1405064775336267778","日经中文网","RT @rijingzhongwen: 【三菱重工力争2030年实现氢气发电轮机商用化】发电轮机将以1650度的高温燃烧氢气，使发电效率提高至约64％，达到世界最高水平……https://t.co/yrPvwcjGfn https://t.co/ZNFdMPJpRO"
"2021-06-15","1404891248830259201","南洋商报eNanyang","RT @nanyangpress: 冠病疫情与线上订餐趋势给众多新加坡小贩带来冲击，新加坡政府正与线上送餐、订餐、团购平台，以及小贩等伙伴合作，准备成立一个联盟，商讨如何鼓励小贩加入线上平台的同时，把佣金维持在合理水平，确保各方互利互赢。 https://t.co/VXIpoi…"
"2021-06-03","1400554710348664840","华尔街日报中文网","RT @ChineseWSJ: 今年4月份，全球富裕经济体的CPI升幅达到3.3%的逾12年来最高水平，央行官员们试图弄清楚，随着全球经济重启而出现的短缺现象将被证明是暂时的，还是会带来持久影响？但经济学者认为重新遭遇20世纪70年代通胀率升至两位数的可能性很小。https:…"
"2021-06-02","1399960648243507203","华尔街日报中文网","RT @ChineseWSJ: 美国航空公司的股票周二全面大涨，因数据显示阵亡将士纪念日长周末的旅客数量恢复到疫情前的水平。数据显示上周五创2020年3月7日以来最高单日吞吐量。https://t.co/1L7CEpqKsB"
"2021-06-02","1399960286614876165","日经中文网","RT @rijingzhongwen: 【日本电子零部件厂商的订单量陡增】订单猛增的原因不仅是需求扩大。另一个原因是库存增加。村田制作所社长中岛规巨指出，“（汽车零部件方面）由于疫情扩大和半导体供求问题，所有零部件的合理库存水平都提高了”……https://t.co/c2TrJ…"
"2021-05-29","1398520896810192901","华尔街日报中文网","RT @ChineseWSJ: #股闻天下 由于疫情对商务旅行造成的潜在持久损害，大型喷气机仍然面临不确定的未来。尽管如此，空客新的时间表意味着产量较经纪商在价格中反映出来的水平已有明显提高。更重要的是，它给供应商一个明确的信号，鉴于现在的疫苗接种率意味着新冠危机结束在望，未来…"
"2021-05-27","1397834707040047106","日经中文网","RT @rijingzhongwen: 【疫情长期化，日本政府又考虑发钱了】接近最低生活保障水平的家庭符合存款少于100万日元等条件，3个月可最高发放30万日元（约合人民币1.77万元）补贴。单人家庭每月6万日元，2人家庭每月8万日元，3人以上家庭每月10万日元……https:…"
"2021-05-26","1397480630393266176","华尔街日报中文网","RT @ChineseWSJ: #股闻天下 虽然目前还不清楚全球最低税率是否会实现，但总体而言，公司税水平的形势似乎已经发生了变化。缴纳极低公司税的公司及其投资者应做好应对影响的准备。https://t.co/XvEYsMwVGm"
"2021-05-25","1397080545595592704","华尔街日报中文网","RT @ChineseWSJ: 鉴于新冠疫情带来的风险，美国国务院周一警告美国人不要前往日本旅行，在东京奥运会开幕前两个月把对日本的旅行建议提高到最高水平。https://t.co/9NMGjyOVkx"
"2021-05-21","1395600717201637377","联合早报 Lianhe Zaobao","RT @zaobaosg: 马来西亚冠病疫情急剧恶化，昨天的新增确诊和死亡病例都创新高，重症病例也增至前所未有的水平。首相慕尤丁今天将主持国家安全委员会会议，以决定是否再度实施全面防疫封锁。https://t.co/z3KInGiV7Y"
"2021-05-20","1395216496649900033","联合早报 Lianhe Zaobao","RT @zaobaosg: 欧盟成员国周三同意对已完成冠病疫苗接种的外国人重新开放边界，并降低各国达到疫情安全水平的衡量标准，这将允许更多国家的旅客入境欧洲国家。https://t.co/3lWGE4lBd5"
"2021-05-11","1392012881042939905","日经中文网","RT @rijingzhongwen: 【新兴市场国家进一步离开美元】美元在全球外汇储备中的存在感正在下降，美元计价资产的占比降至25年来最低水平。中国、土耳其、巴西等国减持美国国债。俄罗斯迅速增加外汇储备中人民币的比率……https://t.co/0N0ev3Fnnc htt…"
"2021-05-11","1392011508331073544","FTChinese","RT @FTChinese: 【外需出口与消费内需如何“双轮驱动”】邓宇：强出口也意味着消费内需复苏仍有所偏弱，恢复疫情前水平还有距离；外需出口和消费内需的共振，将左右未来中国经济的增长。https://t.co/BRxTXSrZXb https://t.co/9ucTETJI…"
"2021-05-08","1390916625289814023","日经中文网","RT @rijingzhongwen: 【女性最活跃的日本企业是？】日本的女性活跃度在国际上明显落后。世界经济论坛3月发布的体现男女平等程度的性别差距指数显示，日本在156个国家中排在第120位，在发达国家处于最低水平……https://t.co/oPoFjlMZSg http…"
"2021-05-08","1390920506119843843","华尔街日报中文网","RT @ChineseWSJ: 虽然美国经济走出新冠疫情和相关封锁举措的阴影并取得强劲表现，但失业率却依然远远高于疫情前水平。调查发现了一些人不能或不愿重返工作岗位的原因：害怕感染或传播新冠病毒；无法照顾子女；许多人领取的失业救济金比上班能挣到的钱更多。https://t.c…"
"2021-05-08","1390922223863549953","日经中文网","RT @rijingzhongwen: 【任天堂创12年来利润新高，Switch颠覆业界法则】任天堂2020财年合并净利润同比增长86％。一般被认为在上市4年后将迎来销量顶峰的主力游戏机“Switch”在第5年也有望维持高水平销售，甚至将超过Wii和索尼PS4。持续收费模式的引…"
"2021-05-07","1390554539086868482","日经中文网","RT @rijingzhongwen: 【日美欧遇上“人口不增长”的同一难题】美国2020年的出生人数创出约40年来的最低水平，此前在发达国家中属于例外的美国人口的增长正在迎来拐点。一方面，日本的人口减少正在持续，欧洲也面临劳动年龄人口减少的问题。如果人口增长放缓，较快的经济增…"
"2021-05-07","1390554006884286466","华尔街日报中文网","RT @ChineseWSJ: 美联储在其半年度的《金融稳定报告》中表示：“如果风险偏好从较高水平下降，一系列资产价格可能容易出现骤然大跌，这可能给金融体系带来更广泛的压力。”美联储表示，如果遏制疫情的进展不及预期，或经济复苏停滞，令部分家庭和企业的财务状况紧张，那么这种情况…"
"2021-05-05","1389840331391205378","华尔街日报中文网","RT @ChineseWSJ: #股闻天下 目前，雅诗兰黛基于未来12月预期利润的市盈率为45倍，这比新冠疫情来袭前的30倍左右要高，也高于28倍的十年平均水平。全球范围的重启肯定会提振雅诗兰黛的前景，但这很可能无法创造奇迹，就像化妆品一样。https://t.co/4Zij…"
"2021-05-02","1388753390763577346","华尔街日报中文网","RT @ChineseWSJ: 标普500指数上涨0.7%，刷新周一创下的纪录。道琼斯指数上涨0.7%；纳斯达克指数上涨0.2%。周四为投资者提供了经济复苏的新迹象。美国经济第一季度增长6.4%，接近新冠疫情前的水平，每周首次申请失业救济人数降至自去年疫情开始以来的最低水平。h…"
"2021-05-02","1388757320268611586","日经中文网","RT @rijingzhongwen: 【全球出生人数因疫情锐减】欧洲国家的出生人数下降1~2成，美国2021年人口增长率预计将放缓至0.2％，是1918年以来的最低水平。过去在战争、经济危机后曾出现婴儿潮，而如今年轻人的就业受到影响，出生数或难反弹……https://t.co…"
"2021-04-27","1386945724638629890","日经中文网","RT @rijingzhongwen: 【日本发往欧美的航空运费上涨1~2成】国际航班减少，运输空间不足，而需求保持在高于上年的水平。飞往中国的需求也十分坚挺……https://t.co/6ZhZyLlgaC https://t.co/NPUzySmQeY"
"2021-04-25","1386215938375110656","日经中文网","RT @rijingzhongwen: 【爱发科推出半导体设备耐腐蚀处理服务】尖端半导体的电路线宽不断微细化，需要能把杂质等控制在极限低水平的制造设备。爱发科的技术可在真空设备内部形成厚度约15微米的氧化铝覆膜。即便反复暴露在高温下，也不易产生裂纹……https://t.co/…"
"2021-04-25","1386210632286949379","日经中文网","RT @rijingzhongwen: 【全球出生人数因疫情锐减】欧洲国家的出生人数下降1~2成，美国2021年人口增长率预计将放缓至0.2％，是1918年以来的最低水平。过去在战争、经济危机后曾出现婴儿潮，而如今年轻人的就业受到影响，出生数或难反弹……https://t.co…"
"2021-04-23","1385507139364425728","FTChinese","RT @FTChinese: #付费精选 【余额宝规模缩水至4年来最低水平】蚂蚁集团鼓励用户将资金转到平台上其他公司利率更高的基金，而在近日出炉的整改方案中，该集团被要求“主动压降”余额宝规模。https://t.co/CMHAsqJbnt https://t.co/tG061…"
"2021-04-22","1385078170139828224","日经中文网","RT @rijingzhongwen: 【链接——人民币支撑着亚洲货币】在外汇市场，美元的强势显得突出，但亚洲货币却仍保持着坚挺。日元和欧元大幅贬值，但人民币维持升值水平，新加坡元等仅小幅贬值。从中可以看出亚洲各国与中国经济的联系在加强……https://t.co/Lzaxw1…"
"2021-04-21","1384764498783862784","日经中文网","RT @rijingzhongwen: 【从印度禁新冠药出口看国际分工】印度的企业代工生产新冠治疗药“瑞德西韦”，但日前印度政府宣布禁止该药出口。不仅限于医药品，全球供应链集中特定国家和地区的情况作为新风险浮出水面。包括半导体在内，“水平分工模式”似乎走到极限……https:/…"
"2021-04-17","1383286348421890049","华尔街日报中文网","RT @ChineseWSJ: 美国首次申请失业救济人数降至57.6万，为去年春季疫情发生以来的最低水平，这是美国经济复苏正在提速的最新迹象。招聘网站Indeed的经济学家AnnElizabeth Konkel说，劳动力市场正走在复苏的道路上。她补充道，复苏100%与公共卫生…"
"2021-04-16","1382913552252510210","日经中文网","RT @rijingzhongwen: 【台积电上调年度设备投资额至历史最高水平】2021年的设备投资计划上调7％至300亿美元。台积电还预测全球半导体短缺状况将在年内持续……https://t.co/UbhNCYLO9S https://t.co/zQCbElBobE"
"2021-04-13","1381844772499775490","华尔街日报中文网","RT @ChineseWSJ: 日本政府官员表示，这些核废水的辐射水平与人们日常生活中接触到的辐射相比很小，日本此举遵循了全球其他核运营商的标准做法。科学家普遍认为，中等剂量的氚暴露对人体健康几乎没有风险。然而，福岛核电站污水排入大海的前景已在日本国内和其他国家引发关切。h…"
"2021-04-10","1380779246679826433","华尔街日报中文网","RT @ChineseWSJ: #市场分析 数据显示，2、3月份新兴市场债券的资金净流出规模达到自去年春季疫情出现以来的最高水平，投资者每月撤资约30亿美元。投资者称，新兴市场受到冲击是由于美国增长前景改善，后者推动美元走强并推高国债收益率，因为基金经理们押注美联储将在未来几年…"
"2021-04-09","1380423425928306688","华尔街日报中文网","RT @ChineseWSJ: 三星电子预测，第一季度营业利润同比增长44%，行业分析师表示，如果不是因为美国的生产因得州恶劣天气中断了数周，该公司第一季度的半导体业务营业利润即便没有超过去年第一季度水平，也会与之相当。不过，三星电子利润预期背后的意外驱动力是其智能手机和家用电…"
"2021-04-08","1380051804013035520","日经中文网","RT @rijingzhongwen: 【摘】 3月19日，茨城县那珂工厂生产车载半导体的N3厂房发生火灾。部分生产线烧毁，预计要到事故发生约1个月之后才能恢复生产，需要100天左右才能恢复到火灾前的出货水平……https://t.co/EmQtillnBS"
"2021-04-06","1379303033574551555","华尔街日报中文网","RT @ChineseWSJ: #股闻天下 华尔街预计到2023年亚马逊的营业利润率为约9%。但从科技行业的标准来看，这一水平仍颇为稀薄。此外，亚马逊的劳动密集型零售业务也让其相对于同业而言呈现一种截然不同的面貌。亚马逊需要一支庞大的员工队伍来开展业务。这也难怪任何兵变迹象都会…"
"2021-04-03","1378240562877239296","华尔街日报中文网","RT @ChineseWSJ: #视频 SpaceX公司的“星链”(Starlink)计划是通过近地卫星群提供互联网接入的服务，公司老板马斯克宣称这将解决农村地区上网难的问题。《华尔街日报》追踪了多位住在偏远地区的星链测试版用户。结果显示，星链目前提供的网速低于美国家庭平均水平…"
"2021-04-02","1377849971483926533","日经中文网","RT @rijingzhongwen: 【摘】日本厚生劳动省的2020年工资结构基本统计调查显示了日本的工资水平。包括日本人和外国人在内的普通劳动者的工资为30.77万日元（约合人民币18247元），达到1976年有可比数据以来的最高水平……https://t.co/b6j7R…"
"2021-04-02","1377856472248279040","日经中文网","RT @rijingzhongwen: 【日本也在加强对财政的依赖】日本政府的债务原本就处于高水平，疫情又迫使日本为避免危机而不得不扩大财政支出，但依赖财政存在极限。今后的关键是在环保技术和数字化领域实现民间主导的技术创新……https://t.co/griuGz1T9v ht…"
"2021-04-02","1377856110615359490","华尔街日报中文网","RT @ChineseWSJ: 未来三年将投资1,000亿美元提高芯片产能，这将是台积电之前三年支出水平的两倍多。在全球芯片供不应求之际，分析师称，该投资计划无论是对台积电，还是对整个行业来说，都是一项纪录。https://t.co/shoZURjrtb"
"2021-03-31","1377137492583849989","日经中文网","RT @rijingzhongwen: 【瑞萨称恢复火灾前供货水平需3～4个月】针对此前表明的1个月以内重启生产的目标，瑞萨社长柴田英利称“实现可能性正在提高”……https://t.co/I3oJ3VTMKM https://t.co/YtQTJvP5mf"
"2021-03-29","1376430167376060419","日经中文网","RT @rijingzhongwen: 【日本制铁盈利能力有望追上中韩】2019年度亚洲主要钢铁厂商出货1吨钢材能盈利4000～7000日元，而日本制铁为亏损3000多日元。通过减产和改革，日本制铁计划2025年度每吨钢材盈利5500日元，超过宝钢2019年度的水平……http…"
"2021-03-26","1375331961477103621","华尔街日报中文网","RT @ChineseWSJ: 美国申请失业救济人数目前处于去年3月中旬以来的最低水平，并且低于新冠疫情暴发前的纪录高点69.5万人，进一步印证美国经济正在加快复苏。https://t.co/z6zEVfgEpn"
"2021-03-24","1374662211721785346","日经中文网","RT @rijingzhongwen: 【日本机床对中国订单额增至4.1倍】日本2月机床订单额同比增长37%，其中对华订单增至4.1倍，达到中美贸易摩擦激化以前的水平，电子产品和汽车等广泛行业的订单增加。面向欧美和日本国内的订单复苏迟缓…… https://t.co/VSqak…"
"2021-03-15","1371339562287464455","日经中文网","RT @rijingzhongwen: 【摘】在整体趋于繁荣的背景下，股价走势形成差异的背景在于微细化技术竞争。台积电2020年春季在世界上首次量产左右半导体性能的电路线宽为5纳米的半导体，迅速扩大了总市值。制造微细化相关设备的荷兰ASML控股也走向与美国英特尔并驾齐驱的水平……"
"2021-03-15","1371341895943614464","日经中文网","RT @rijingzhongwen: 【摘】海上集装箱的运输需求即使进入3月也没有回落，运费也持续暴涨。据上海航运交易所介绍，3月上旬上海发往美国西海岸的运费为1个40英尺集装箱4008美元，一直保持在上年同期约3倍的水平上……https://t.co/EAX4v0zoyd"
"2021-03-12","1370240825917992962","日经中文网","RT @rijingzhongwen: 【台湾19家IT企业2月业绩增幅再创新高】特别是工厂一直处于繁忙状态，除了车载半导体之外，远程办公使用的个人电脑用液晶面板也严重不足。台湾19家主要上市公司的2月总销售额同比增幅达到46.4％，这是2013年开始统计以来的最高水平…… h…"
"2021-03-10","1369509762291789824","联合早报 Lianhe Zaobao","RT @zaobaosg: 华尔街一些分析师近日纷纷发表乐观预测，认为美国冠病病毒疫情以及由此引发的经济衰退将会很快结束。美国首席传染病专家福奇警告称，即使美国迅速接种了三种疫苗，美国的冠病病例仍可能会再次回升到令人无法接受的高水平。https://t.co/JKw3kBCkBf"
"2021-03-10","1369448868291706880","日经中文网","RT @rijingzhongwen: 【福岛在成为日本可再生能源利用领头羊】核事故后，日本福岛县的可再生能源的发电能力快速提升。截至2020年10月底，该县大规模光伏电站的发电能力已跃居日本第一。到2024年前后，风力发电能力也有望达到目前3倍的水平。另外，机器人等创新产业也…"
"2021-03-09","1369119570787672066","华尔街日报中文网","RT @ChineseWSJ: 美债收益率涨势延续至第六周，10年期美债收益率上涨至1.594%，为2020年2月以来的最高水平。受此影响，科技股延续跌势，拖累纳指进入回调区域。其中，苹果股价下跌5.06美元，至116.36美元，跌幅4.2%，今年以来累计下跌12%；特斯拉股价…"
"2021-03-08","1368771619720601601","联合早报 Lianhe Zaobao","RT @zaobaosg: 随着比特币价格进入平流层，中国美颜图像编辑应用供应商美图公司效仿特斯拉的做法，成为了最新一家投资这种数字货币的公司。美图股价周一一度飙升14%，创出了大约两周来的最大盘中升幅。以太坊周一一度上涨5.3%，触及了将近两周来的最高水平。https://t…"
"2021-03-05","1367693293207781377","FTChinese","RT @FTChinese: #付费精选 【联合国：新冠疫情或致拉美倒退十余年】联合国拉加经委会执行秘书巴尔塞纳呼吁该地区建立一种新的福利制度，以降低因疫情而加剧的、“不可持续的”不平等水平。https://t.co/zu2742YAJU https://t.co/v2C4MZ…"
"2021-03-04","1367568483223957506","华尔街日报中文网","RT @ChineseWSJ: #股闻天下 在南亚，孟加拉国十分突出，因其最接近于韩国、中国和越南在不同阶段的成功发展模式。在现代历史上，在让国家从极低收入水平提升为中等收入水平方面，以出口为导向的发展模式表现最佳。对于采取截然不同的发展方式的其他南亚邻国，这也是一种提示。h…"
"2021-03-03","1367056383347068930","联合早报 Lianhe Zaobao","RT @zaobaosg: 市场对经济展望的乐观情绪增加，美国10年国债的收益率上周一度激增至超过1.6％水平。由于黄金是无收益型投资产品，利率和收益率上升会削弱黄金的吸引力。https://t.co/jRJuUXywkm"
"2021-02-28","1365856439328149507","联合早报 Lianhe Zaobao","RT @zaobaosg: 韩国单日新增冠病确诊病例回落至400以下水平。https://t.co/phe8So9HL7"
"2021-02-27","1365564918196396035","华尔街日报中文网","RT @ChineseWSJ: #本周热读 接受《华尔街日报》采访的六名WHO研究人员提供的评估描绘了新冠病毒在武汉逐步传播大体图景：2019年11月病毒以较低水平传播而未被察觉，为12月更大规模的疫情暴发做了铺垫。在其他地方也出现了类似模式，也就是疫情大规模暴发前，病毒会在数…"
"2021-02-25","1364806097438007300","华尔街日报中文网","RT @ChineseWSJ: GameStop的股票周三因波动剧烈而两度停牌，收盘价达到2月3日的水平。数据显示，与GameStop相关的期权活动也创下两周来的最高水平，看涨合约明显超过看跌合约。https://t.co/aaMGpOr4nV"
"2021-02-25","1365058315487768581","华尔街日报中文网","RT @ChineseWSJ: #股闻天下 Square首席执行官多尔西称，比特币将成为互联网的“原生货币”。而Square也表示，该公司在第四季度又购买了价值1.7亿美元的比特币。不过，Square的估值最终可能较少地取决于比特币兑美元的水平，而更多地取决于比特币买家转化为…"
"2021-02-24","1364417273964863491","日经中文网","RT @rijingzhongwen: 【摘】推动消费复苏的是新冠疫情下大幅增加的家庭储蓄。由于行动限制和财政支援，日美欧等的储蓄率（储蓄占可支配收入的比例）上升至历史最高水平。在美国，2020年4～6月达到约30％，达到历史平均的2倍以上……https://t.co/KHoB…"
"2021-02-24","1364411690754842628","华尔街日报中文网","RT @ChineseWSJ: 随着投资者押注经济重启，加密货币等新冠疫情期间涨幅最大的资产最近几天已走低。美国国债收益率已升至一年来的最高水平。加密货币还受到其他一些诱因影响。刚过去的周末，币圈最富有的鼓吹者、特斯拉CEO马斯克发推称，比特币和以太币的价格“似乎已较高了”。h…"
"2021-02-22","1363934911233617920","华尔街日报中文网","RT @ChineseWSJ: #市场分析 如果2020年是黄金之年，那么目前来看2021年将是铂金之年。今年以来，铂期货价格上涨了近19%，达到每盎司1,281.50美元，为六年来最高水平。由于预计长期内铂需求将上升，投资者正涌向这种金属，但一些分析师警告称，铂的涨幅可能已…"
"2021-01-14","1349510612922073093","BBC News 中文","RT @bbcchinese: 虽然非洲疫情仍在上升阶段，但截止目前，经济和医疗水平较弱的非洲国家总体疫情状况相比国际原来预期仍算较好，死亡率也较低，这是什么原因？https://t.co/jCnBzWHH23"
