"2021-11-20","1461961387647778817","华尔街日报中文网","RT @ChineseWSJ: 据德国疾病预防中心罗伯特·科赫研究所称，德国的疫苗完全接种率接近70%，新冠住院患者中完成疫苗全程接种者占比超过45%。病毒学家表示，欧洲中部和北部新冠病例数出现爆炸性增长的部分原因，在于依赖那些允许接种过疫苗者不受限制地参与公共生活的规则。h…"
"2021-11-20","1461946025971568644","联合早报 Lianhe Zaobao","RT @zaobaosg: 菲律宾旅游部周五（19日）说，该国冠病特别工作组原则上批准来自冠病确诊病例低的国家并完成疫苗接种的游客入境。不过，最终指引仍待当局敲定。https://t.co/pK9QXBFos0"
"2021-11-18","1461227547912409088","联合早报 Lianhe Zaobao","RT @zaobaosg: 韩国中央防疫对策本部周四（18日）通报，截至当天零时，韩国较前一天零时新增冠病确诊病例3292起，累计40万6065起。 https://t.co/8vT6iRlfJR"
"2021-11-18","1461232282182709248","联合早报 Lianhe Zaobao","RT @zaobaosg: 马来西亚单日冠病确诊病例激增及全国基本传染数显示上升趋势，公共卫生专家预测，马国年底将迎来另一波疫情高峰，并提醒政府和人民为此做好准备。https://t.co/zEu6NFfzZ2"
"2021-11-13","1459587025342898176","南洋商报eNanyang","RT @nanyangpress: 马六甲卫生局证实，一名政党助选员感染冠病确诊病例，同时，23名与患者近距离接触的人士正在隔离。https://t.co/ZlumuyaPy8 https://t.co/Vcy6teJRkL"
"2021-11-12","1459060988607545348","华尔街日报中文网","RT @ChineseWSJ: 在全球能源供应紧张的情况下，燃料成本的飙升显示出压制需求的迹象。欧佩克表示，中国和印度的石油需求现在可能低于预期。在中国，新出现的新冠病例和封锁措施，加上工厂活动放缓和停电问题，也导致对燃料的需求下降。https://t.co/wtA1oGaT9Z"
"2021-11-07","1457215539646849024","联合早报 Lianhe Zaobao","RT @zaobaosg: 当570万人口的新加坡单日新增病例突破5000起之际，14亿人口的中国单日新增峰值，仅为93起本土病例。这是中国清零抗疫模式的成效，其代价是严苛的入境门槛、频繁的全民检测，乃至长达数月的封城。越来越多国家选择与病毒共存之际，中国为何坚持清零？htt…"
"2021-11-04","1456353983593803804","BBC News 中文","RT @bbcchinese: 首份真实世界数据显示，HPV疫苗使宫颈癌病例减少了近 90%。这项研究发表在医学期刊《柳叶刀》，关注的是2008年英格兰向女性未成年人推广这款疫苗后发生的变化。这些女性现在已经成年，年龄在20多岁左右。研究显示，这些女性的癌前病变有所减少，宫…"
"2021-11-03","1455920454326108161","联合早报 Lianhe Zaobao","RT @zaobaosg: 马来西亚冠病确诊病例经过四天连续下降后，昨天与今天都回升了。当地今天（11月3日）新增5291起病例，累计病例248万6630起。马国昨天通报70起死亡病例，累计死亡病例2万9045起。https://t.co/a3uHXCkh5W"
"2021-11-02","1455377651821158403","华尔街日报中文网","RT @ChineseWSJ: 根据约翰·霍普金斯大学汇编的数据，全球已报告的新冠死亡病例周一突破了500万例。美国是确认新冠死亡病例数量最多的国家，自疫情以来的死亡病例达近74.6万例。巴西、印度和墨西哥的新冠死亡病例居次。https://t.co/rh1KWMzkqS"
"2021-11-01","1455260082988453888","DW 中文- 德国之声","RT @dw_chinese: 全球死亡病例增至250万用了一年多时间，而从250万增至500万则只用了8个月😥超过一半的死亡病例发生在美国、俄罗斯、巴西、墨西哥和印度。https://t.co/ueSyNe1e1k"
"2021-10-31","1454679761976901632","联合早报 Lianhe Zaobao","RT @zaobaosg: 中国大陆前天新增确诊病例创六周新高，官方称当前疫情呈快速发展态势，更在北京推出新的防疫措施；已经“封城”三个月而引致部分民众在网上求救的云南省瑞丽市将发钱纾困。https://t.co/JIqCYbWqR9"
"2021-10-28","1453614821673365506","联合早报 Lianhe Zaobao","RT @zaobaosg: 本地新增5324起冠病确诊病例，为疫情在本地暴发以来的单日新高。卫生部说，这是由于检测实验室前天下午在数小时内验出多起病例。https://t.co/Ga4XXOR5Jj"
"2021-10-28","1453755497715154949","联合早报 Lianhe Zaobao","RT @zaobaosg: 新加坡发现一起冠病输入病例感染德尔塔系变种毒株AY.4.2，卫生部表示，目前没有证据显示这起病例把病毒传播到社区。https://t.co/EGggyiUykQ"
"2021-10-26","1452839796657717250","联合早报 Lianhe Zaobao","RT @zaobaosg: 随着冬季临近，德国卫生官员和专家均对冠病新病例激增表示担忧。https://t.co/UZR8gLRiMo"
"2021-10-26","1453078726896357377","DW 中文- 德国之声","RT @dw_chinese: 有关新冠病毒德尔塔毒株亚种AY.4.2造成的病例感染报告逐渐增多。对于这个新变种，你知道多少？https://t.co/MjltocSOLr"
"2021-10-25","1452779381839912963","联合早报 Lianhe Zaobao","RT @zaobaosg: 根据日本政府公布的最新数据，日本全境已有近70%的人口完成接种两剂冠病疫苗；另一方面，东京都周一新增17起确诊病例，连续两天创今年新低纪录。https://t.co/5bi5dNKTkF"
"2021-10-25","1452560059255296009","联合早报 Lianhe Zaobao","RT @zaobaosg: 英国卫生安全局周五（22日）正式将德尔塔病毒再发生变异的AY.4.2毒株列为“待研究的变种”。庆幸的是，现阶段它不会导致冠病患者出现更严重症状。当局说：“我们是基于毒株近几个月在英国日益普遍，初期迹象显示，它造成的病例增幅可能高于德尔塔，因此作出这样…"
"2021-10-24","1452157394230804483","南洋商报eNanyang","RT @nanyangpress: 欧洲多国的冠病疫情反弹，英国周六（10月23日）的数据显示，该国过去7天有33.3万人确诊感染冠病，较前一周急增15%，是7月21日以来病例最多的一周。https://t.co/GsPQ7qVfrY https://t.co/c9pa3OyT…"
"2021-10-23","1451794488351870988","联合早报 Lianhe Zaobao","RT @zaobaosg: 中国宁夏一名旅行团包车司机坚持带团做核酸检测，结果查出四名确诊病例，他的行为受到不少中国网民赞扬。https://t.co/HgqnKvbhUB"
"2021-10-21","1451060625895874568","联合早报 Lianhe Zaobao","RT @zaobaosg: 新加坡实行一个月的稳定疫情阶段将在来临星期天（24日）结束，鉴于新增冠病确诊病例不断攀升，受访传染病专家认为，只有当重症病患的现有人数减半，而每日新增病例介于1000至2000个，才能考虑松绑防疫条例。https://t.co/yPQ37D1kFa"
"2021-10-21","1451272758134927372","南洋商报eNanyang","RT @nanyangpress: 就国人对冠病大流行越来越明显的自满情绪，医生警告，尽管国内冠病单日确诊病例在下降，然而自满情绪可能会使我国面临新一波的感染浪潮。https://t.co/NtI82NzdS8 https://t.co/UGMv72ZDi3"
"2021-10-20","1450689067759198208","联合早报 Lianhe Zaobao","RT @zaobaosg: 以色列周二（19日）发现第一起德尔塔新变种毒株AY42病例，这个德尔塔新变种毒株先前已在几个欧洲国家发现。https://t.co/qfzKPTfF2N"
"2021-10-18","1450021357027094532","联合早报 Lianhe Zaobao","RT @zaobaosg: 马来西亚今天新增5434起冠病病例，这是112天以来的新低。马国之前低于这个数字的单日病例，是6月28日的5218起。https://t.co/ZUKRjTvE1G"
"2021-10-17","1449621773415297025","联合早报 Lianhe Zaobao","RT @zaobaosg: 以色列与冠病共存策略奏效，今年6月暴发第四波疫情后并没有再封城，而且新增确诊病例和重症病患人数都大减。以色列采取的措施，是让12岁以上国民接种冠病疫苗加强剂、强制戴口罩，要求人们进入公共场所如餐馆之前出示疫苗接种证明等措施，在四个月内成功大幅减少确诊…"
"2021-10-13","1448182055292989442","南洋商报eNanyang","RT @nanyangpress: 新加坡昨日（10月12日）新增2976起冠病确诊病例，当中2721起是社区病例，251起来自客工宿舍，四起由境外输入。 https://t.co/wWSyhfDPn0 https://t.co/vtXLN6qx2L"
"2021-10-09","1446721775576903682","FTChinese","RT @FTChinese: #付费精选【结束封锁：亚太能否与新冠病毒共存？】Delta变种病例激增迫使新西兰、新加坡等国领导人放弃清零政策。人们面临一个严峻现实：在自己的社区里与新冠病毒共存。https://t.co/IH2jB0x5LL https://t.co/dMEln…"
"2021-10-08","1446390390878130183","联合早报 Lianhe Zaobao","RT @zaobaosg: 韩国单日新增冠病确诊病例在短暂回落至2000以下水平两天后，又连续两天处在2000以上水平。https://t.co/mU83SGe0Ws"
"2021-10-07","1445980614197268484","联合早报 Lianhe Zaobao","RT @zaobaosg: 新加坡冠病病例大增，围绕居家康复计划和社区护理服务的问题引起人民混乱与不满。新加坡抗疫重点放在重症者，过度恐惧或淡定以对都各有利弊。政府须从病患与家属角度全面考虑，优化检测、隔离与治疗程序，并让病患与家属了解如何遵循程序，这是过渡到“与冠病共处”的关…"
"2021-10-06","1445631814249238530","南洋商报eNanyang","RT @nanyangpress: 菲律宾卫生部说，近期的单日冠病确诊病例数下降可能是一个假象，因为全国各地的冠病检测量减少，而医院床位依然紧张。https://t.co/1XC7j1pCg9 https://t.co/AoVPhFMvWd"
"2021-10-06","1445639346413998084","南洋商报eNanyang","RT @nanyangpress: 中国浙江丽水市疾病防控5日下午通报，自9月上旬开始，丽水市中心医院和丽水市人民医院先后收治7例病情严重的确诊鹦鹉热病例，其中1例救治无效死亡。这也是当地首次报告鹦鹉热病例。https://t.co/mqJWpWNXZv https://t.c…"
"2021-10-03","1444526045055447041","南洋商报eNanyang","RT @nanyangpress: 首相拿督斯里依斯迈沙比里指出，冠病病例下降使许多经济领域可重开，预计所有经济领域可在今年12月全面开放。https://t.co/DSMBu4K9I2 https://t.co/BgGSI7Rgd5"
"2021-09-25","1441632335934341121","联合早报 Lianhe Zaobao","RT @zaobaosg: 马来西亚已到达至少80%成年人口完成全剂冠病疫苗接种的群体免疫目标，预计近期会进一步放宽限制，让国人与病毒共存。不过，专家提醒，政府不能把成人接种率作为允许民众跨州的主要指标，还须考量住院及在加护病房的重症病例是否有减少，以及儿童和青少年确诊病例增加…"
"2021-09-22","1440590122051801088","联合早报 Lianhe Zaobao","RT @zaobaosg: 新加坡新增病例一路攀升，其中更连续两天破千起。据其他国家经验，疫情达到峰值时，一些国家的医院由于床位不足需要两人共用一张，有些因缺乏氧气供应将病人拒于门外。医疗体系崩溃，导致民众对政府的抗疫能力失去信心。前车之鉴，新加坡有必要尽早部署，以舒缓医疗体系…"
"2021-09-20","1439828702091636742","南洋商报eNanyang","RT @nanyangpress: 根据中国卫健委通报，19日增加本土确诊28例，其中16例都在厦门。专家分析，在厦门首次报告病例以前，病毒就已经传播了2至3代，导致疫情严峻复杂。https://t.co/Vmoh486NcB https://t.co/ThWICe37iv"
"2021-09-19","1439691014764052480","联合早报 Lianhe Zaobao","RT @zaobaosg: 马来西亚柔佛州的冠病疫情不断升温，过去14天新增确诊病例超过3万起，死亡率也持续上升，其中新山县最为严重。该县国会议员疾呼中央政府即刻采取补救方案，像此前应对吉隆坡和雪兰莪的严峻疫情一样，以免新山疫情进一步恶化。https://t.co/vqXI7…"
"2021-09-15","1438011036682969088","FTChinese","RT @FTChinese: 【新加坡本土病例激增，为何还缩短隔离，开放旅游？】徐海娜：福建爆发疑似新加坡入境者引发的疫情，有民众呼吁延长入境者隔离期。新加坡却反其道而行，将密接者的隔离期从14天减至10天。这是为什么呢？https://t.co/lAXSBun89O http…"
"2021-09-15","1437972247738667009","华尔街日报中文网","RT @ChineseWSJ: “一旦成熟经济体的疫苗接种率超过一定门槛，封锁措施得以解除，人们将更愿意出门进行公路旅行和航空旅行，尽管德尔塔变体感染病例数仍较高，”一名石油市场分析师说。“这将在明年带动新兴市场需求，因此很可能会看到石油需求恢复到新冠疫情前的水平。”https…"
"2021-09-14","1437656258123747335","南洋商报eNanyang","RT @nanyangpress: 中国福建省11日新增20例冠病本土确诊病例，以及18例本土无症状病例。#全球大抗疫 #COVID19 #德尔塔 #Deltahttps://t.co/AjvOP2uofQ https://t.co/N0Wafya8eq"
"2021-09-11","1436775824204595206","南洋商报eNanyang","RT @nanyangpress: 【冠病与人类自由/Project Syndicate】美国冠病病例、住院和死亡人数的激增沉重地提醒着人们，疫情还没有结束。疫情在各地得到控制之前，全球经济不会恢复正常。https://t.co/RxPHSS1brX https://t.co/…"
"2021-09-06","1435011802761351171","南洋商报eNanyang","RT @nanyangpress: 冠病“德尔塔”变种病毒在巴西两个最大城市圣保罗和里约热内卢流行，但没有导致病例或住院人数大增。专家指出，当地变种病毒和使用不同疫苗，或可提供更大保护力。https://t.co/i9pgKr89Kn https://t.co/kB6YK3bO…"
"2021-09-06","1435012547275419648","联合早报 Lianhe Zaobao","RT @zaobaosg: 菲律宾将在周三（8日）取消首都马尼拉的封锁令，并试行“局部封锁”，以遏制冠病疫情并重振经济。该国周一（6日）新增2万2415起冠病确诊病例，再破单日纪录。https://t.co/ZH0OCUsbAK"
"2021-09-05","1434435449536147460","联合早报 Lianhe Zaobao","RT @zaobaosg: 澳大利亚新南威尔士州星期天（9月5日）新增1485起冠病确诊病例，以及3起死亡病例。https://t.co/Qa1h233BLc"
"2021-09-05","1434626515069665280","联合早报 Lianhe Zaobao","RT @zaobaosg: 德国周日新增1万零453起冠病病例，连续第五日新增单日病例过万。https://t.co/RvlTTUlRNu"
"2021-09-03","1433642820867219457","华尔街日报中文网","RT @ChineseWSJ: 美国7月份的贸易逆差比上个月缩小了4.3%，至701亿美元，因为消费者和企业在德尔塔变异毒株引起的新冠病例上升的情况下减少了购买进口商品。https://t.co/HqUT8eeMuU"
"2021-09-03","1433786507802804231","南洋商报eNanyang","RT @nanyangpress: 本土冠病病例显著增加，但考虑到全民疫苗接种率高，抗疫跨部门工作小组经评估后认为没有必要收紧措施，但同时不打算进一步放宽，因为病患从染病到变成重症有时间间隔，需要时间监督情况。  https://t.co/E1PvBq1bw1 https://…"
"2021-09-03","1433712161176522757","南洋商报eNanyang","RT @nanyangpress: 槟州首席部长曹观友指出，槟州冠病确诊病例飙升为州内医疗设施和人力带来重担，因此他力促中央政府和卫生部尽速调动前线人员及医疗物资，尽速减缓槟州的疫情与降低冠病死亡率。 https://t.co/KTfcGX2RhD https://t.co/I…"
"2021-09-02","1433343410576838661","南洋商报eNanyang","RT @nanyangpress: 日本卫生劳动部1日表示，6月和7月在日本机场进行冠病检疫时，查到2个感染新变种病毒株Mu病例，两位感染者分别来自阿联酋及英国。https://t.co/BvgNtFwq8L https://t.co/0XkmMs2fCB"
"2021-09-01","1432978207184080898","华尔街日报中文网","RT @ChineseWSJ: 谷歌将公司员工返回办公室的计划推迟到1月10日，成为最新一家因为新冠病例和住院人数不断上升而延长居家办公政策的大公司。https://t.co/acDbTFM3L3"
"2021-08-31","1432547708594573313","南洋商报eNanyang","RT @nanyangpress: 新加坡今天（8月30日）新增147起本土冠病病例，是过去一个多月来的单日最高，其中52起与其他病例暂无关联。https://t.co/TIM7uHxdqS https://t.co/2K1Q1eR78d"
"2021-08-31","1432616007110066178","南洋商报eNanyang","RT @nanyangpress: 欧盟官员们29日表示，由于最近几周美国冠病确诊病例数和住院人数激增，欧盟建议成员国重新对来自美国的游客实施旅行限制。 https://t.co/a7hvGc2uMM https://t.co/MKhEB5Fyej"
"2021-08-31","1432749756007084033","南洋商报eNanyang","RT @nanyangpress: 在冠病德尔塔变种病例激增之后，越南胡志明市的出口中心一直受到严格的限制，且该城市仍处于封锁状态，这加剧了全球咖啡供应链紧张的情形。https://t.co/cdN3HfgA2w https://t.co/4TZ6G4P7N9"
"2021-08-30","1432216498622238721","联合早报 Lianhe Zaobao","RT @zaobaosg: 从8月开始，泰国每天新增病例飙破2万起，近一周病例微降到1万7000至1万8000起左右，昨日更降至1万6536起及264起死亡病例。图为一批示威者昨日傍晚在曼谷市中心抗议首相巴育抗疫不力，要求他下台，结果遭到镇暴警察发射催泪弹及水炮驱散。http…"
"2021-08-16","1427145448653950976","联合早报 Lianhe Zaobao","RT @zaobaosg: 根据美国疾控中心的数据，18至49岁群体平均每日新增住院病例数已上升至创纪录水平。https://t.co/6j3rzMsJYG"
"2021-08-15","1426796303149789185","联合早报 Lianhe Zaobao","RT @zaobaosg: 澳大利亚人口最多的新南威尔士州星期天（8月15日）新增415起冠病本土病例。https://t.co/4fmJ2oXAJT"
"2021-08-13","1426099689154224128","日经中文网","RT @rijingzhongwen: 【专家指日本疫情“不可控”，建议东京人流减半】日本单日新增的新冠确诊病例12日超过1万8800人，创出新高。专家称目前疫情的蔓延已处于“无法控制的状况”。另外，日本的医疗体制也被专家认为处于“接近灾害时的情况”。专家提出了要求截至8月26…"
"2021-08-12","1425734225269952514","南洋商报eNanyang","RT @nanyangpress: 槟州首席部长曹观友透露，州卫生局从这星期开始，将把快速抗原检测试剂盒（RTK Antigen）筛检呈阳性的结果列为确诊病例，不再以聚合酶连锁反应（RT-PCR）检验结果为准，因此槟州未来的确诊病例将会增加。 https://t.co/qK8F…"
"2021-08-10","1425181528724676609","南洋商报eNanyang","RT @nanyangpress: 由于新冠病毒delta变种感染病例增加，导致各地实施新的出行限制，中国航空公司提供的客座运力创下疫情初期以来最大降幅。https://t.co/afiuj60vZ4 https://t.co/JeyMoFRhxZ"
"2021-08-08","1424209915304759302","南洋商报eNanyang","RT @nanyangpress: 美国冠病疫情持续升温，自8月3日起，每日新增确诊病例皆超过10万例，原因在于德尔塔变种病毒持续蔓延，以及南方各州疫苗接种率仍无法提高。#全球大抗疫 #COVID19 #变种病毒 #德尔塔 #Deltahttps://t.co/5XEGiF…"
"2021-08-08","1424191238434029569","联合早报 Lianhe Zaobao","RT @zaobaosg: 马来西亚的单日新增冠病病例自7月13日首次过万之后，26天来一直维持在1万起以上。8月6日更出现2万零889起的最高纪录，8月5日有2万零596起新病例。https://t.co/DmB4vHq6S4"
"2021-08-08","1424190048526684167","联合早报 Lianhe Zaobao","RT @zaobaosg: 澳大利亚人口最多的新南威尔士州星期天（8月8日）新增262起冠病确诊病例。维多利亚州则新增11起本土病例。https://t.co/r674lMwF3B"
"2021-08-08","1424440843046293504","南洋商报eNanyang","RT @nanyangpress: 受到Delta变种病毒侵袭，越南8日新增9690起确诊病例，创疫情爆发以来单日最大增幅纪录，死亡人数更达到147例。https://t.co/znKUwkW6v9 https://t.co/4OXFxuiWMJ"
"2021-08-07","1423912109264424960","南洋商报eNanyang","RT @nanyangpress: 在德尔塔变种冠病病毒肆虐下，中国6日通报新增124宗确诊病例，其中80宗属于本土感染。河南省许昌市星期四晚上宣布封城后，当地出现抢粮潮。https://t.co/VaNoHDSziD https://t.co/wPUyqQIUTe"
"2021-08-07","1424103810713022465","南洋商报eNanyang","RT @nanyangpress: 据日本媒体报道，截至当地时间7日晚6时30分，日本一天内已新增1万5753例冠病确诊病例，连续4天创下新高。https://t.co/1FlLiZB8KY https://t.co/2Obo1Vnh5M"
"2021-08-06","1423542020434391042","DW 中文- 德国之声","RT @dw_chinese: 作为新冠病毒德尔塔变异毒株快速传播的后果，东京周四（8月5日）录得 5042 新感染病例，为新冠大流行瘟疫爆发以来最高水准。专家们担心，未来两星期内，日染疫数量可能升至 1万 https://t.co/S1a2In5Wml"
"2021-08-06","1423575191242764290","FTChinese","RT @FTChinese: 【新冠确诊逾2亿：中国坚持动态清零，全球疫海无边】叶胜舟：西方发达国家提前开放存在感染高风险，亚洲尤其东盟新增病例太多太快，全球疫情仍未见拐点、结束更遥远。https://t.co/aTeu1w09aY https://t.co/1A7yXvzKws"
"2021-08-05","1423183040889511940","华尔街日报中文网","RT @ChineseWSJ: 佛罗里达州是目前新冠病例激增的震中，过去五周，该州新冠患者的住院率急剧上升，并且这种攀升速度要比去年冬季更为迅猛。上周五在AdventHealth Central Florida接受治疗的新冠患者达到1,060人，超过了今年1月份触及的单日治疗9…"
"2021-08-04","1423013804036694017","DW 中文- 德国之声","RT @dw_chinese: Delta变异病毒在中国大范围扩散，新冠疫情爆发地武汉也传出疫情。武汉市3日新增7例省外关联本地新冠肺炎病例，这是武汉在去年6月清零后，首次出现本土疫情，8月3日武汉市政府宣布启动全市核酸检测。相关报导：https://t.co/QaRIG4…"
"2021-08-02","1422114721474379777","联合早报 Lianhe Zaobao","RT @zaobaosg: 德尔塔变种冠病毒株持续传播，使美国平均日增冠病确诊病例较一个月前激增逾四倍，达到2月中以来的最高水平。其中，约有五分之一的新病例来自佛罗里达州，该州已成为美国疫情的新震中。https://t.co/wovTaGpNWW"
"2021-07-31","1421338313999360002","联合早报 Lianhe Zaobao","RT @zaobaosg: 泰国冠病疫情持续攀升，尽管已经实施严格封锁措施，但周六（31日）通报新增1万8912起冠病确诊病例，为单日新高，另新增178起冠病死亡病例。https://t.co/kl5FOrPCUU"
"2021-07-27","1419902914860965888","华尔街日报中文网","RT @ChineseWSJ: 一位白宫官员表示，美国目前不会取消对国际旅行的限制，因为国内外的德尔塔新冠变种病例不断增加。https://t.co/B5wtXwlwSt"
"2021-07-22","1418115905406390275","南洋商报eNanyang","RT @nanyangpress: 美国当前新增的冠病确诊病例，83%都是感染德尔塔变种病毒，占比较月初的50%暴增。https://t.co/fTJ2pxnorY https://t.co/9fLgx0wxN2"
"2021-07-21","1417724004614373381","联合早报 Lianhe Zaobao","RT @zaobaosg: 印度尼西亚新增冠病确诊和死亡病例节节上升，总统佐科昨晚宣布延长行动限制令至本月25日。https://t.co/LgJn9cxQED"
"2021-07-16","1416086276890038275","南洋商报eNanyang","RT @nanyangpress: 菲律宾首次发现在本土感染的德尔塔（Delta）变种冠病病毒确诊病例，一人病亡。https://t.co/zC9oFBLVLu https://t.co/b1bgKDIBig"
"2021-07-15","1415816850059968515","南洋商报eNanyang","RT @nanyangpress: 印尼冠病疫情持续恶化，单日新增病例持续攀新高，确诊人数达5万6757起。https://t.co/rXpYrlL8PC https://t.co/dBRhjgH7FV"
"2021-07-14","1415168310308753408","华尔街日报中文网","RT @ChineseWSJ: 美国多个州新冠病毒病例上升，令卫生官员和流行病学家感到担忧，因为许多美国人仍未接种疫苗，而传染性很强的德尔塔变异病毒正在传播。分析显示，美国目前平均每天新增病例超过2.3万例，约为三周前数据的两倍。https://t.co/LRKtr2GT5G"
"2021-07-14","1415319480230625282","BBC News 中文","RT @bbcchinese: 目前非洲每周新增病例已经超过了2021年1月第二波高峰时的记录。但是非洲大陆只有不到2%的人完成了疫苗接种。世界卫生组织警告说，随着新的、更易传播的变异毒株导致感染，非洲第三波疫情可能会恶化。https://t.co/VTyTTjiPEa"
"2021-07-13","1414815026360291328","华尔街日报中文网","RT @ChineseWSJ: 一位知情人士透露，美国FDA在接种强生新冠疫苗的数百万人中发现几例吉兰-巴雷综合征病例后，计划在强生疫苗的标签上增加警告语。这种罕见的神经系统疾病会使免疫系统攻击神经，导致暂时但可能严重的瘫痪。https://t.co/9Y1VbUKyC6"
"2021-07-12","1414431367883071488","联合早报 Lianhe Zaobao","RT @zaobaosg: 台湾冠病疫情趋缓，但病例死亡率升至4.85%，高居全球第八。台湾中央流行疫情指挥中心昨天（7月11日）宣布新增31起冠病确诊病例，从上月25日以来已连续17天少于百人；另有四人染疫死亡，累计1万5249人确诊、740人染疫死亡。https://t.…"
"2021-07-12","1414427830486769665","联合早报 Lianhe Zaobao","RT @zaobaosg: 泰国冠病确诊和死亡病例日趋递增，政府今天（7月12日）起实施更严格的防疫限制，希望能在两周内将疫情控制下来。https://t.co/jFZvpF2A8T"
"2021-07-09","1413385527072415746","华尔街日报中文网","RT @ChineseWSJ: 疫苗并非100%有效，所以一些人即便接种了两剂疫苗，仍然会被感染。尽管存在突破性感染病例，完成接种的人群出现重症和死亡的比例显著降低。对抗感染能力更强的德尔塔变异毒株，疫苗也有效。https://t.co/HbBqJyc3kT"
"2021-07-09","1413383045231509513","南洋商报eNanyang","RT @nanyangpress: 【我关心的还是疫情/#陈圆凤】 我还是比较关心疫情的数字，全世界国家在采取封锁政策后，都能成功降低病例，只有马来西亚，越封越高，真是呜呼哀哉！领导者用的雷霆手段是收服政敌，而不是收服病毒！我们能不呜呼哀哉吗？https://t.co/5rbC…"
"2021-07-07","1412658025517568002","联合早报 Lianhe Zaobao","RT @zaobaosg: 印度尼西亚疫情急剧恶化，当局为每日新病例可能激增至四五万起加紧做准备，包括从邻国包括新加坡进口医用氧气。https://t.co/FABpwjoJ4o"
"2021-07-05","1411926191498436609","联合早报 Lianhe Zaobao","RT @zaobaosg: 马来西亚冠病新病例继续增加。据卫生总监诺希山通报，当地今天（7月4日）新增6045起确诊病例，这是马国连续第六天的单日新增病例超过6000起。https://t.co/8szsmMuKzb"
"2021-07-02","1410829384550805508","日经中文网","RT @rijingzhongwen: 【海外奥运代表团陆续入境日本】仅1天就有100人以上抵达日本，预计4日之前将有约400人入境。奥组委正在考虑统计奥运会期间运动员及相关人员的感染病例并予以公布……https://t.co/pR2YDTg4Is https://t.co/3…"
"2021-07-02","1410877924228558848","联合早报 Lianhe Zaobao","RT @zaobaosg: 过去四天，本地社区冠病病例维持在单位数，也没有任何无关联病例，活跃感染群数量更逐渐减少。新加坡国立大学苏瑞福公共卫生学院院长张毅颖教授说，这表明社区疫情已有效受到控制。https://t.co/mHJeKeChqE"
"2021-07-02","1410877659454734338","南洋商报eNanyang","RT @nanyangpress: 新加坡今天（7月2日）新增10起冠病确诊病例，其中三起来自社区，七起属境外输入。https://t.co/W4JpsEu3UV https://t.co/KhsGAWFNxM"
"2021-07-01","1410505236356026372","南洋商报eNanyang","RT @nanyangpress: 日本东京周三报告的冠病确诊病例数量达到一个多月以来最高，进一步加剧了人们对另一波疫情的担忧，尽管东京正在为三周后的奥运会开幕式做准备。https://t.co/h10kQQf2OT https://t.co/bB6dVZKi3j"
"2021-06-30","1410162399970160642","南洋商报eNanyang","RT @nanyangpress: 俄罗斯周二通报新增652人感染冠病死亡，创下疫情爆发以来单日不治人数新高。确诊人数在过去几周激增，重创圣彼得堡和首都莫斯科，德尔塔变种病毒占首都确诊病例九成。https://t.co/8ptU7eyw2S https://t.co/imGGe…"
"2021-06-28","1409595447203700736","华尔街日报中文网","RT @ChineseWSJ: 印尼医学协会称，本月死于新冠的26名印尼医生中，至少有10人接种过中国科兴疫苗，且已接种两剂。流行病学家称，需要对这些死亡病例进行适当的调查，以确定医院护理不当或慢性基础疾病等因素是否为主要原因。https://t.co/3Qf1IYrcfS"
"2021-06-27","1409074759300620292","联合早报 Lianhe Zaobao","RT @zaobaosg: 台湾昨天（6月26日）通报了首起德尔塔（Delta，原称B16172）冠病变种毒株本土病例，并对出现德尔塔感染群的屏东收紧防疫管制。https://t.co/KUy1lgYffn"
"2021-06-27","1409072712627081217","南洋商报eNanyang","RT @nanyangpress: 新加坡今天新增14起冠病确诊病例，其中12起来自社区，两起属境外输入。https://t.co/mwRxUIJauq https://t.co/cMV56A5VfR"
"2021-06-27","1409233457968869378","南洋商报eNanyang","RT @nanyangpress: 意大利过去1个月的冠病“德尔塔”和“卡尔帕”变种病毒病例飙升，占病例总数的近17%。https://t.co/Kg0BWmOhnE https://t.co/tBKJGnM1GG"
"2021-06-25","1408299607277199366","DW 中文- 德国之声","RT @dw_chinese: 美国科研人员判断一些接种了新冠疫苗之后出现的心肌炎病例同mRNA疫苗之间可能存在关联BioNTech/辉瑞Pfizer、莫德纳Moderna都是信使核糖核酸 #mRNA 💉 https://t.co/BkIzpbZevC"
"2021-06-24","1407967768066990081","南洋商报eNanyang","RT @nanyangpress: 预计到8月底，欧盟的Delta变种病毒感染病例恐占总病例数的90%。https://t.co/9CPwBUogVl https://t.co/CamdTlsnaN"
"2021-06-24","1407964326032338947","南洋商报eNanyang","RT @nanyangpress: 一群为美国疾病控制与预防中心（CDC）提供建议的医生在周三发布的报告中指出，辉瑞与莫德纳疫苗可能与出现在青少年及年轻成人身上的罕见心脏发炎病例有关。https://t.co/hHnuDtpQJE https://t.co/d2CdqaIqal"
"2021-06-22","1407242113817874454","南洋商报eNanyang","RT @nanyangpress: 韩国冠病疫苗预防接种推进团6月21日称，预防接种受害调查​组16日和18日开会，认定确诊为血栓并血小板低下症候群的1个不良反应病例的死因，与接种冠病疫苗确有因果关系。https://t.co/cipByX1Xhw https://t.co/x…"
"2021-06-22","1407248966224289795","联合早报 Lianhe Zaobao","RT @zaobaosg: 本地新增18起冠病确诊病例，其中15起属于社区病例。https://t.co/8PLLU0cRor"
"2021-06-22","1407247841416781824","南洋商报eNanyang","RT @nanyangpress: 杨美盈：越快发现社区中的阳性病例，越快隔离及追踪密切接触者，就能越快切断传染链，与疫苗接种计划起到很好的互补作用。https://t.co/SaLusvsjTD https://t.co/kKW96OGEUK"
"2021-06-19","1406335679814979584","南洋商报eNanyang","RT @nanyangpress: 中国18日通报新增23宗冠病确诊病例，其中22宗属于境外输入，余下一宗是来自广东省佛山市的本土病例；同省的深圳市宝安机场有传取消逾400架次航班，原因是机场内一间餐厅有员工核酸检测呈阳性。https://t.co/4Y7liF34Vb htt…"
"2021-06-19","1406124635763081217","BBC News 中文","RT @bbcchinese: 美国国立卫生研究院（NIH）的一项新研究显示，早在2019年12月，美国数州已出现新冠病毒，并进行低水平传播。这比目前官方报告的第一例新冠确诊病例（2020年1月）要早数周。https://t.co/5vReuw2iVr"
"2021-06-17","1405408663750078465","BBC News 中文","RT @bbcchinese: 美国国立卫生研究院（NIH）的一项新研究显示，早在2019年12月，美国数州已出现新冠病毒，并进行低水平传播。这比目前官方报告的第一例新冠确诊病例（2020年1月）要早数周。https://t.co/QjRlgVgUpI"
"2021-06-16","1405065176563425281","联合早报 Lianhe Zaobao","RT @zaobaosg: 印度尼西亚过去一周每日新增冠病病例都超过7000起，令人担心的是德尔塔变异病毒引发的病例越来越多。流行病专家警惕印尼政府，必须竭尽所能阻止德尔塔变异病毒传播，否则情况可能失控。https://t.co/nje7mStnnV"
"2021-06-13","1403929553437749251","联合早报 Lianhe Zaobao","RT @zaobaosg: 马来西亚去年3月暴发冠病疫情至今，冠病死亡率从0.4%一度上升至1.34%。卫生部数据显示，单在本月首11天，就录得972起死亡病例，平均每小时有3人至4人死于冠病，情况堪忧。https://t.co/mdO7OYSbwP"
"2021-06-11","1403204774854492161","华尔街日报中文网","RT @ChineseWSJ: 今年的全球新冠死亡病例在不到六个月的时间里就超过了188万例。周四，约翰·霍普金斯大学对2021年全球新冠死亡病例的统计刚刚超过了2020年全年的死亡病例。这些数字凸显出发达国家和发展中国家之间不断扩大的差距。https://t.co/NxyZT…"
"2021-06-11","1403203572385284101","联合早报 Lianhe Zaobao","RT @zaobaosg: 台湾冠病死亡率逼近3%，至今累计死亡病例为361，累计确诊病例1万2222起，超过一成染疫者在送院前死亡也引起关注。https://t.co/wO8lokFZW7"
"2021-06-10","1402880434455805959","联合早报 Lianhe Zaobao","RT @zaobaosg: 印度东部比哈尔邦修改了冠病死亡病例计算模式，将其在家中或私人医院中死于该疾病的人也算计在内。由此，印度周四报告了世界上最高的单日死亡人数，为6148人。https://t.co/135Mep2VmG"
"2021-06-10","1402906188979781640","南洋商报eNanyang","RT @nanyangpress: 新加坡今天（6月10日）新增13起冠病确诊病例，其中四起来自社区，九起属境外输入。 https://t.co/OylY8oFeP3 https://t.co/RZssJEjfJ3"
"2021-06-10","1403065826966523904","联合早报 Lianhe Zaobao","RT @zaobaosg: 新加坡交通部在星期四（10日）下午发文告指出，新加坡社区以及无关联病例减少，香港的疫情情况也保持稳定，过去几周的社区病例保持低数。因此双方已同意在下个月初检讨局势，再敲定航空泡泡的重启日期。交通部会在之后公布更多详情。https://t.co/IH…"
"2021-06-09","1402649106225328134","南洋商报eNanyang","RT @nanyangpress: 随着国内冠病确诊病例自4月开始激增，冠病评估中心工作负担加重以致发生电话无人接听的情况，卫生部正设立呼叫中心改善该中心的监督程序。https://t.co/yDcDc643b0 https://t.co/ch3YKKLBmL"
"2021-06-08","1402125848627486724","联合早报 Lianhe Zaobao","RT @zaobaosg: 随着世界各国不断加大冠病疫苗接种力度，全球冠病疫情持续好转，过去一周的确诊病例数是近三个月来最少的一周。https://t.co/zMAJrbb2Ib"
"2021-06-08","1402125629860900865","联合早报 Lianhe Zaobao","RT @zaobaosg: 台湾宣布三级防疫警戒管制延长两周至6月28日，各级学校上网课至暑假为止。疫情延烧冲击市民生计、半导体业客工群聚造成确诊病例增加，也令各方关注纾困救济是否用在刀口上，台湾的半导体业能否撑得住？https://t.co/Pj3ZsJugFA"
"2021-06-08","1402351442808082433","联合早报 Lianhe Zaobao","RT @zaobaosg: 本地新增冠病社区病例包括一名面包店员与船务公司经理，两起都未找到与其他病例的关联。https://t.co/85Iz8fvLtw"
"2021-06-06","1401431586264862730","BBC News 中文","RT @bbcchinese: 印度正在努力应对新冠病例的快速增长，但一场严重而罕见的真菌感染正在影响一些新冠病毒患者，给该国带来了双重打击。https://t.co/LGbdX6W3um"
"2021-06-06","1401431406727761927","联合早报 Lianhe Zaobao","RT @zaobaosg: 自5月15日以来，台湾冠病疫情每天以三位数新增确诊病例扩散，曾创下253天零本土病例纪录的防疫神话破灭，严格的防疫措施更冲击了无数市民的生活与生计。台湾商家和民众怎么渡过眼前的难关？学者又有什么良策，让全社会一同走向隧道尽头的亮光？https://t…"
"2021-06-04","1400673604438618114","联合早报 Lianhe Zaobao","RT @zaobaosg: 台湾本土病例持续上升，年轻人确诊率也明显增加，官方昨天（3日）呼吁民众端午节连假期间不要返乡。在疫情最严重的台北市和新北市，逾40%病例都是在家中受感染，台北市长柯文哲感叹，再拖下去，更难收拾残局。https://t.co/bLPQZlxpMe"
"2021-06-03","1400329301401034756","DW 中文- 德国之声","RT @dw_chinese: 台湾人，你会打“国产疫苗”吗？#台湾疫情 持续升温，5月11日至今新增本土病例已逾8000人，累计死亡人数超越SARS时期。目前当地 #疫苗接种率 仅约2%，当局急购国外及两款 #国产疫苗 ，本月底将开展大规模接种计划，期望每周施打百万剂。德…"
"2021-06-02","1399961149936861185","联合早报 Lianhe Zaobao","RT @zaobaosg: 广东省卫生健康委员会发布数据显示，广东前天新增11起本土确诊病例，全部来自广州，全省也出现两起本土无症状感染者。https://t.co/mfmPWKjABM"
"2021-05-31","1399219041479237632","联合早报 Lianhe Zaobao","RT @zaobaosg: 广州连日来出现确诊冠病病例和无症状感染，官方继前天下令荔湾区五个街区居民停止户外活动以阻断疫情扩散，也宣布海珠区及越秀区昨天至周二（6月1日）展开全员核酸检测工作。https://t.co/ELPBlmQU9v"
"2021-05-30","1399083807068672003","联合早报 Lianhe Zaobao","RT @zaobaosg: 马来西亚冠病单日新增病例连续五天不断推高后，今天（5月30日）下降至6999起，这是近一周来的单日新低。https://t.co/oKrkWdMHCz"
"2021-05-29","1398538422667542531","联合早报 Lianhe Zaobao","RT @zaobaosg: 台湾今天通报新增486起本土病例，包括166起“校正回归”病例，另有21起死亡病例，再创新高。目前死亡病例达99起，超过2003年沙斯期间的73人。https://t.co/alHIjAaMq7"
"2021-05-29","1398521999392088068","联合早报 Lianhe Zaobao","RT @zaobaosg: 印度单日冠病确诊病例降至4月14日以来的新低。路透社报道，印度卫生部周五（28日）通报，过去24小时新增确诊病例18万6364起，死亡病例增加3660起。https://t.co/u6ayuw9NXZ"
"2021-05-29","1398518160198823937","联合早报 Lianhe Zaobao","RT @zaobaosg: 马来西亚目前处于第三波冠病疫情，单日新增确诊病例不断攀高，多名专家曾警告，若开斋节前两周人们依然不遵守标准作业程序，单日新增病例可能会达至1万起。目前疫情的发展趋势就正如专家所预测。https://t.co/XmcD9IIU8L"
"2021-05-27","1397830951888064513","BBC News 中文","RT @bbcchinese: 东京奥运会已推迟一年，预计将于7月举行。但随着日本感染病例和疫苗问题不断涌现，大量民众要求取消比赛。 https://t.co/6XisXSVHKY"
"2021-05-27","1398000481453035521","联合早报 Lianhe Zaobao","RT @zaobaosg: 台湾疫情吃紧，连续13天病例破百，累计死亡个案攀升至59起。令人担忧的是，当地患者重症率偏高达11%，病患年龄层也偏高。接种疫苗被视为有效控制疫情的解方之一，台湾却陷入了疫苗困境。台湾自诩在抗疫工作上“超前部署”，这一波疫情却暴露出在疫苗的取得和布局…"
"2021-05-26","1397480117463486476","联合早报 Lianhe Zaobao","RT @zaobaosg: 澳大利亚第二大城市墨尔本新出现的冠病感染群确认人数增至五人，当局周二（25日）再次收紧限制措施，并加紧追踪源头不明病例。https://t.co/NyII6SPCeQ"
"2021-05-23","1396515097661505536","联合早报 Lianhe Zaobao","RT @zaobaosg: 新增本土病例中，三起与早前确诊者有关联但未列入感染群，包括一名52岁送货司机，他是早前确诊的亚历山大医院24岁基本护理助理的男家属。https://t.co/52qnB6omg0"
"2021-05-23","1396514282062311424","联合早报 Lianhe Zaobao","RT @zaobaosg: 本地新增的无关联社区病例是两名分别为60岁和74岁的家庭主妇。https://t.co/ZDbx73zly4"
"2021-05-23","1396367001153507331","联合早报 Lianhe Zaobao","RT @zaobaosg: 新加坡自本月16日收紧防疫措施以来，本地每日新增冠病社区病例约20至30起，没出现激增情况。卫生部长王乙康说，本地病例数量到目前为止有趋稳迹象，但还得多观察几天才能确定疫情走向。https://t.co/9WPY3lxi7S"
"2021-05-23","1396366661674885125","联合早报 Lianhe Zaobao","RT @zaobaosg: 台湾本土病例暴增，昨天宣布新增721起本土病例，两人死亡。官方称，新增病例中的400起是“校正回归”，即追加上周每天的病例数。https://t.co/0s4HC9W9Fz"
"2021-05-23","1396360814198624256","联合早报 Lianhe Zaobao","RT @zaobaosg: 台湾本土病例暴增，昨天宣布新增721起本土病例，两人死亡。官方称，新增病例中的400起是“校正回归”，即追加上周每天的病例数。https://t.co/9KmKNH1pRF"
"2021-05-23","1396564066546556929","联合早报 Lianhe Zaobao","RT @zaobaosg: 本地新增的客工宿舍冠病确诊病例是46岁的马来西亚籍男子。https://t.co/3QKLDnUUXu"
"2021-05-22","1395996682878296075","联合早报 Lianhe Zaobao","RT @zaobaosg: 截至21日下午3时，马国的新增确诊病例达6493起，连续三天单日新增病例超过6000起。此前，马国疫情原本已经受控，为何在几个月内又急转直下，以致全国大部分地区第三度实施行动管制令？ https://t.co/A0IRKktYFy"
"2021-05-22","1396206023124209665","联合早报 Lianhe Zaobao","RT @zaobaosg: 台湾本土疫情大爆发，今天宣布新增721起本土病例，两人死亡。新增本土病例中的400起是“校正回归”，即追加到上周每天的病例数。https://t.co/lrj6nVeT4m"
"2021-05-21","1395599488752885760","联合早报 Lianhe Zaobao","RT @zaobaosg: 有数起冠病确诊病例住在后港8道第506座组屋，卫生部今午开始分两天，为该座组屋的约120户居民进行强制性的冠病检测。大多受访居民获知消息后深感震惊与担心。https://t.co/77Vz6DX5YN"
"2021-05-21","1395601557740085249","联合早报 Lianhe Zaobao","RT @zaobaosg: 【订户专享】台湾冠病疫情连日来多点暴发，昨天又新增286个本土病例，自5月11日以来累计逾1500例，此间专家预测疫情将于下周三、四达到洪峰，6月底便可确认围堵政策是否成功。https://t.co/sOUecUJgKY"
"2021-05-21","1395600717201637377","联合早报 Lianhe Zaobao","RT @zaobaosg: 马来西亚冠病疫情急剧恶化，昨天的新增确诊和死亡病例都创新高，重症病例也增至前所未有的水平。首相慕尤丁今天将主持国家安全委员会会议，以决定是否再度实施全面防疫封锁。https://t.co/z3KInGiV7Y"
"2021-05-20","1395220524003860482","联合早报 Lianhe Zaobao","RT @zaobaosg: 马来西亚昨天的单日新增病例超过6000起，加护病房的重症患者也达559人，当中有303人需要呼吸器，都是去年暴发疫情以来的新高。雪霹两州大臣都不反对也不阻止全面封锁。https://t.co/LTwmMHFBmZ"
"2021-05-20","1395448373872762880","BBC News 中文","RT @bbcchinese: “我不想当白老鼠……”台湾疫情反弹，过去一星期录得过千宗新病例，民众接种疫苗的意愿转趋踊跃。不过有市民仍然忧虑疫苗潜在的副作用。 https://t.co/ykF8Ymw2B7"
"2021-05-20","1395221933575213057","联合早报 Lianhe Zaobao","RT @zaobaosg: 台湾冠病疫情持续居高不下，昨天（5月19日）再增267个本土病例，全台逾半县市沦陷。中央流行疫情指挥中心指挥官、卫生福利部长陈时中昨天宣布全台进入第三级警戒，但强调目前没有必要升至第四级。https://t.co/EVhmF9k1Ri"
"2021-05-19","1394940354202243075","联合早报 Lianhe Zaobao","RT @zaobaosg: 马来西亚冠病疫情形势严峻，卫生总监诺希山说，由于马国出现的“须关切变种毒株”具有更快的传播速度和更高的死亡率，卫生部预计马国的每日确诊病例会持续增加。https://t.co/3t6QtXTvai"
"2021-05-18","1394551542871515136","联合早报 Lianhe Zaobao","RT @zaobaosg: 台湾昨天（5月17日）新增333起本土冠病确诊病例，连续四天创新高，政府下令封境，市民自主封城关店防疫，台北和新北两市宣布高中以下停课两周。https://t.co/OFsHxMo9ez"
"2021-05-18","1394558814142164995","BBC News 中文","RT @bbcchinese: 牛津/阿斯利康疫苗（AZD1222）自问世以来一路坎坷，安全性不止一次受到质疑，因疑似副作用严重病例增多，亚洲和欧洲10多个国家曾先后暂停大规模接种，世界卫生组织（WHO）和欧洲药品管理局（WEA）等国际机构调查后又予以放行。对于这款腺病毒载…"
"2021-05-18","1394552411021217792","联合早报 Lianhe Zaobao","RT @zaobaosg: 泰国曼谷两座监狱暴发的冠病疫情继续扩大，监狱感染群周一（5月17日）新增近7000起确诊病例，将全国单日新增病例推至新高，达9635起。这是自去年疫情暴发以来的最高单日增幅。https://t.co/Zi4waYmVHJ"
"2021-05-18","1394560166423457793","联合早报 Lianhe Zaobao","RT @zaobaosg: 马来西亚的冠病新增病例保持在高位，昨天（5月15日）还新增44起死亡病例，是单日新高。病毒学家认为，马国境内可能已出现本土冠病变种病毒。https://t.co/tb4tjdhTwm"
"2021-05-16","1393759562084147204","联合早报 Lianhe Zaobao","RT @zaobaosg: 台湾突增180起本土冠病确诊病例，台北市、新北市“双北”防疫警戒升至第三级。从昨天（5月15日）起的两周，市民外出都须戴口罩，室内五人以上、室外10人以上的聚会停止，除了必要服务，所有营业和公共场所关闭。https://t.co/p6G5tJ51QL"
"2021-05-15","1393628002429267970","BBC News 中文","RT @bbcchinese: 【最新消息】据中央社报道，台湾中央流行疫情指挥中心指挥官陈时中称，在过去一天内台湾新增180例本地新冠病例，创下单日新高。据报道，其中43例集中在台北市的万华区。 https://t.co/U7Qwenn9gu"
"2021-05-15","1393627851551776768","联合早报 Lianhe Zaobao","RT @zaobaosg: 台湾单日新增本土冠病病例大增至180起，即日起台北市、新北市“双北”防疫警戒升至第三级，今后两周，市民外出都须戴口罩，停止室内五人以上、室外10人以上聚会，除了必要服务，所有营业和公共场所关闭。https://t.co/qXTv5F4AhB"
"2021-05-15","1393438515581505536","BBC News 中文","RT @bbcchinese: 台湾新冠疫情持续升温，周五确诊34人，其中29例为本土病例，主要集中在大台北地区，再次打破纪录。许多民众开始前往医院施打自费疫苗，医院开始大排长龙，许多医院两周内的疫苗接种预约已经额满。目前台湾疫苗接种率不到1%；防疫总指挥陈时中呼吁大家…"
"2021-05-13","1392734007519956994","联合早报 Lianhe Zaobao","RT @zaobaosg: 泰国周四（5月13日）通报，过去24小时新增4887起冠病病例，为单日新高，累计9万3794起。https://t.co/PmzSsp3gcq"
"2021-05-13","1392733580581695488","联合早报 Lianhe Zaobao","RT @zaobaosg: 台湾疫情转趋严峻，昨天（5月12日）新增16起社区病例创新高，近期可能将疫情警戒提升到第三级，到时将停止室内五人以上、室外10人以上的聚会。https://t.co/4WXHe2TDSF"
"2021-05-12","1392352678290747394","DW 中文- 德国之声","RT @dw_chinese: 一名医师在阿拉斯加育空堡发起了疫苗施打活动，在团队的努力下，当地原住民接种了新冠疫苗，近期已没有新增病例。 https://t.co/F6I5gNVlx0"
"2021-05-11","1392015465103298561","联合早报 Lianhe Zaobao","RT @zaobaosg: 全球冠病疫苗接种比例最高的国家塞舌尔（Seychelles）表示，在截至5月7日当周，该国的累计冠病确诊病例数增加了一倍以上。https://t.co/bSiuhbMIHs"
"2021-05-11","1392013247012696065","联合早报 Lianhe Zaobao","RT @zaobaosg: 新加坡无关联病例有增加的趋势，加重了追踪病毒源头的困难，而携带病毒者或许不知道本身已感染，很可能将病毒传染给其他人。除了加强边境的管控，政府必须不时检讨内部措施，同时也应提供更多关于疫苗、变种病毒等的最新信息，让国人真正认识这场疫病，以此强化防疫意识…"
"2021-05-10","1391647648604594176","联合早报 Lianhe Zaobao","RT @zaobaosg: 印度的冠病死亡病例昨天（9日）连续第二天破4000起，单日新增病例持续超过40万起。世界卫生组织首席科学家斯瓦米内森认为，肆虐印度的变种病毒传染性更强且能突破疫苗产生的抗体，是造成印度疫情一发不可收拾的主因。https://t.co/u4VhAsQ…"
"2021-05-10","1391648765908377611","联合早报 Lianhe Zaobao","RT @zaobaosg: 新加坡机场和海港过去10天出现12起冠病确诊病例，一些病例也感染传染力更强的变种病毒。为此，新加坡民航局和樟宜机场集团宣布，即日起关闭樟宜机场第三搭客大厦（T3）地下二层；海事及港务管理局和新加坡港务集团也将增加前线宿舍客工的检测频率，以加强防疫。…"
"2021-05-09","1391448036216172548","DW 中文- 德国之声","RT @dw_chinese: 按照原定的“便捷通道”试点工作方案动态管理要求，岛内如连续14天内发生10例以上本土确诊病例，则暂停“便捷通道”。上周福建宣布，在“便捷通道”试点开通期间，通过福建对台海空客运直航口岸来闽的台湾民众进入福建之后只需要“2天集中医学观察+19天闭环…"
"2021-05-09","1391445824438038534","联合早报 Lianhe Zaobao","RT @zaobaosg: 本地今天（5月9日）有三起无关联的冠病社区病例，当中有两名确诊者感染的是目前印度最常见的双重变种毒株。https://t.co/2U3bF8z00R"
"2021-05-08","1390914094794870788","联合早报 Lianhe Zaobao","RT @zaobaosg: 印度的单日冠病死亡病例首次突破4000起。https://t.co/lxdBlAR9oR"
"2021-05-08","1390918445735153664","联合早报 Lianhe Zaobao","RT @zaobaosg: 马来西亚部分地区昨天（5月7日）开始第三次实施行动管制令（行管令），但冠病疫情仍持续恶化，昨天的新增确诊病例飙升，多达4498起，是自2月初以来，首次单日新增病例超过4000起。https://t.co/ZT2wNi530L"
"2021-05-08","1390917854837366784","联合早报 Lianhe Zaobao","RT @zaobaosg: 印度冠病疫情毫无受控迹象，昨天的新增确诊病例再破单日纪录，达到了41万4188起。死亡病例也再添3915起。这使印度的累计确诊病例和死例分别达到了2149万多起和23万多起。https://t.co/NsjNgJ32DL"
"2021-05-07","1390552599091318789","联合早报 Lianhe Zaobao","RT @zaobaosg: 印度卫生部周五（7日）通报，过去24小时冠病确诊病例增加41万4188起，死亡病例上升3915起。https://t.co/mHSxbPw6be"
"2021-05-07","1390551508542922756","华尔街日报中文网","RT @ChineseWSJ: 澳大利亚总理莫里森周五称，将不会延长一项有争议的旅行禁令。这项禁令甚至禁止澳大利亚公民从印度回国。他表示，为了保护该国的检疫系统不被来自印度的新冠阳性病例所淹没，这一禁令是必要的。https://t.co/4xWAUdUKYM"
"2021-05-06","1390159618387582984","联合早报 Lianhe Zaobao","RT @zaobaosg: 传染病专家认为，新加坡的社区传播病例虽然逐渐增加，但重启病毒阻断措施的机会不高。受访专家也说，疫苗还是能够有效对抗变种病毒，并把严重症状减至轻微，而接种者感染同个病毒的概率相对没那么高。https://t.co/nGnbxGXtSR"
"2021-05-05","1389838379898994688","华尔街日报中文网","RT @ChineseWSJ: BioNTech首席执行官萨欣表示，由于印度等发展中国家在疫苗供应相对稀缺的情况下感染病例激增，这意味着新冠大流行将继续蔓延至2022年年中。https://t.co/DR6tTFYAJO"
"2021-05-05","1389843643377221632","联合早报 Lianhe Zaobao","RT @zaobaosg: 本地目前的疫情，并不如去年进入病毒阻断期前那么严重，公众若能遵守收紧后的措施，相信能遏制感染群的扩大。但是，如果下来出现更多无关联病例或感染群，政府不排除再次启动病毒阻断期。https://t.co/lu38PyEeDs"
"2021-05-04","1389474413393760256","华尔街日报中文网","RT @ChineseWSJ: 接近三分之一的美国人已经完成新冠疫苗的两针接种，美国新增感染病例在两周多的时间里呈下降趋势。https://t.co/vK2Igiw7r3"
"2021-05-02","1388740088251576320","联合早报 Lianhe Zaobao","RT @zaobaosg: 印度星期六（1日）新增超过40万起冠病确诊病例，成为全球首个在24小时内新增逾40万起病例的国家。最新数据显示，印度新增40万1993起冠病确诊病例，使累计总数达1910万起。https://t.co/25FXSudmSW"
"2021-05-02","1388737387216310272","联合早报 Lianhe Zaobao","RT @zaobaosg: 因冠病确诊病例不断飙升，印度首都新德里的封锁措施将再延长一个星期。新德里的禁足令原定实施到下周一。https://t.co/ph0mrnOi65"
"2021-05-02","1388735893054181376","联合早报 Lianhe Zaobao","RT @zaobaosg: 马来西亚卫生部向政府及国家安全理事会建议，在冠病确诊病例居高不下的州属及联邦直辖区，包括柔佛、吉隆坡、雪兰莪、槟城、吉打和砂拉越实施行动管制令（行管令），以遏制疫情扩散。https://t.co/R48FNHppOe"
"2021-05-02","1388744991288164354","华尔街日报中文网","RT @ChineseWSJ: 根据印度卫生部的数据，印度累计确诊新冠病例1,880万例，周五新增病例386,452例。印度军队已经向正在努力寻求床位、氧气和治疗的病人开放军用医院。印度总理莫迪因处理新冠危机不力而受到越来越多的批评。https://t.co/XkGjnXivpw"
"2021-05-02","1388747660119605251","联合早报 Lianhe Zaobao","RT @zaobaosg: 马来西亚冠病确诊病例持续飙升，今天（4月30日）新增3788起，是4月份新增病例最多的一天。https://t.co/0MT5ZrORIo"
"2021-05-02","1388751588198473733","华尔街日报中文网","RT @ChineseWSJ: 经济学家们预测，如果瓶颈问题得到缓解，新冠病例数持续下降，并且大多数抗疫限制措施解除，那么未来几个月的增长速度会更快。接受调查的经济学家此前预测GDP增幅为6.5%。https://t.co/wfUi61a8Av"
"2021-04-28","1387492478215880704","BBC News 中文","RT @bbcchinese: 2021年4月以来，印度新冠疫情迅猛反弹。4月26日连续第五天录得全球单日确诊病例的新高。为什么印度没能防住致命的第二波？https://t.co/3ktUvTml8L"
"2021-04-28","1387496141034450944","DW 中文- 德国之声","RT @dw_chinese: 印度新冠肺炎病例激增，在一些受影响最严重的城市，尸体只能被送到临时设施火化。印度卫生部数据显示，13亿人口的印度，感染人数为1731万，死亡人数为195,123人，一夜之间有2,812人死亡。评论：印度——一场灾难正在发生https://t…"
"2021-04-28","1387495336441122822","联合早报 Lianhe Zaobao","RT @zaobaosg: 印度的冠病死亡人数已破20万，过去24小时的死亡病例首次超过3000起。https://t.co/DjmbdIGtQe"
"2021-04-28","1387494439426293761","联合早报 Lianhe Zaobao","RT @zaobaosg: 韩国政府宣布，从5月5日起，完成冠病疫苗接种的人员即使与确诊病例接触或从其他国家入境，只要检测结果呈阴性且无症状，可免除为期两周的居家隔离。https://t.co/3XuDrV9BkQ"
"2021-04-27","1386950729454084097","BBC News 中文","RT @bbcchinese: 印度疫情严峻，连续几天报告超过30万个病例，每日刷新2021年新冠单日确诊记录。首都德里的情况尤其糟糕，火葬工人几乎没有停止过工作，民众要到处寻找氧气以保患病家人性命。 https://t.co/Hb7bAWf44T"
"2021-04-25","1386247538580234240","联合早报 Lianhe Zaobao","RT @zaobaosg: 泰国新增2438起冠病病例，单日新增病例连续两天创该国最高纪录。https://t.co/9izxU4eOpV"
"2021-04-24","1386076708885856258","联合早报 Lianhe Zaobao","RT @zaobaosg: 印度冠病疫情日益严重，周五单日确诊病例33万2000多起，连续第二天处在新高。除了首都，其他地方的火化场与坟场都有许多尸体待处理，令人担心实际死亡人数或比官方公布的数据来得多。https://t.co/b576Txxftt"
"2021-04-24","1385822309626253313","联合早报 Lianhe Zaobao","RT @zaobaosg: 台湾昨天又出现本土确诊病例。华航一名40多岁印尼籍货机机师在澳洲确诊后，与他接触的19岁儿子和另一名50多岁的印尼籍同事昨天也确定感染冠病。由于机师之子未曾出国境，因此被列为本土病例。https://t.co/YGdTYiE64O"
"2021-04-23","1385508531445518341","BBC News 中文","RT @bbcchinese: 4月22日，印度新增确诊、死亡病例都创下疫情爆发以来的最高纪录。为什么印度没能防住致命的第二波？背后可能有哪些原因？https://t.co/h3v6o5DvvG"
"2021-04-23","1385507974555193344","联合早报 Lianhe Zaobao","RT @zaobaosg: 印度第二波冠病疫情愈演愈烈，昨天新增了31万4835起确诊病例，创下全球最高单日纪录。当地如今面临严重的供氧和病床短缺问题，医疗体系正在崩溃。https://t.co/7qT4fPgEgh"
"2021-04-21","1384767498621358081","联合早报 Lianhe Zaobao","RT @zaobaosg: 本地新增14起冠病确诊病例，其中一起是属于本土传播的客工宿舍病例。https://t.co/29lD7dDssw"
"2021-04-21","1384767132534153222","联合早报 Lianhe Zaobao","RT @zaobaosg: 马来西亚今日（4月20日）新增2341起冠病确诊病例，相较昨日有所增加，连续6天维持在2字头。https://t.co/6blPu63UiK"
"2021-04-18","1383653808870346755","联合早报 Lianhe Zaobao","RT @zaobaosg: 本地新增39起冠病确诊病例，其中四起是社区病例。https://t.co/GhYD5Rbu0s"
"2021-04-16","1383064637768224768","DW 中文- 德国之声","RT @dw_chinese: 重症监护室的情况正在恶化，床位严重不足，其中大多数病例属于15至49岁。老年人多数已经打过疫苗了，但也只有17%的德国人至少打了第一剂疫苗。https://t.co/R5fnKiVD3F"
"2021-04-15","1382569438008922114","FTChinese","RT @FTChinese: 【强生推迟在欧洲推出新冠疫苗】美国报告6例接种强生疫苗后出现的罕见血栓病例，相关机构正在进行调查。美卫生机构已建议暂停接种这款疫苗。https://t.co/dacZYrfmXi https://t.co/wZUFa1CW2q"
"2021-04-14","1382233808355827716","日经中文网","RT @rijingzhongwen: 【日本出现接种两次疫苗后感染新冠的病例】据介绍，美国辉瑞疫苗的海外临床试验数据显示，2万多人中有9例在第2次接种7天后发病……https://t.co/A3k7MaGMrW https://t.co/8ErMk9kAj4"
"2021-04-11","1381350181451403264","联合早报 Lianhe Zaobao","RT @zaobaosg: 泰国新增967起冠病确诊病例，创该国单日最高纪录。https://t.co/1iz2kSk3sE"
"2021-04-10","1380773841555779584","联合早报 Lianhe Zaobao","RT @zaobaosg: 德国星期五（4月9日）新增2万5464起冠病确诊病例，这是该国今年1月初以来的新高。德国副总理兼财长朔尔茨表示，德国联邦政府正寻求通过修改法律的方式，在全国范围内实施统一的“封城”措施。https://t.co/qQF2wQkeeS"
"2021-04-09","1380442437982638085","联合早报 Lianhe Zaobao","RT @zaobaosg: 路透社报道，曼谷是泰国新一波疫情的“震中”，新增病例从每天数十起迅速攀升至数百起，巴育政府下令扩大病毒检测和追踪接触者。到曼谷医院要求接受检测的人越来越多，检测用品几乎供不应求，许多医院因应接不暇而宣布暂停检测。https://t.co/WyRQg…"
"2021-04-08","1380052491102908419","华尔街日报中文网","RT @ChineseWSJ: 欧洲药品管理局官员表示，接种阿斯利康疫苗后出现血栓的病例多是60岁以下人群和女性，但该机构警告说，数据之所以没有确定明显的联系，是因为阿斯利康新冠疫苗接种者在整体人口中的代表性尚不明确。https://t.co/6AelqKjjJb"
"2021-04-08","1380053809393623050","BBC News 中文","RT @bbcchinese: 欧盟药品监管机构表示，罕见血栓应被列为牛津/阿斯利康疫苗的一种非常罕见副作用。欧洲药品管理局（European Medicines Agency）周三（4月7）称，该机构无法列出具体，例如年龄或性别相关的风险因素，但已发现血栓病例大多为60岁…"
"2021-04-06","1379312347429306368","联合早报 Lianhe Zaobao","RT @zaobaosg: 泰国冠病疫情管理中心助理发言人阿皮萨迈周一（5日）表示，该国当天新增194起冠病病例，其中大多数来自曼谷娱乐场所，以及近日暴发冠病疫情的那拉提瓦监狱。 https://t.co/ujqkWXOytO"
"2021-04-06","1379311652395380742","FTChinese","RT @FTChinese: #付费精选 【血栓和阿斯利康新冠疫苗有关联吗？】虽然仍然没有证据证明最近这些罕见血栓病例与阿斯利康疫苗有关，但越来越多的国家正限制使用该疫苗。https://t.co/kpVS574nKQ https://t.co/WYB3wp3sdb"
"2021-04-04","1378611196354424834","联合早报 Lianhe Zaobao","RT @zaobaosg: 加拿大境内的累计冠病确诊病例周六（4月3日）突破100万大关。https://t.co/8IeBGpGuSY"
"2021-04-04","1378592999781756931","联合早报 Lianhe Zaobao","RT @zaobaosg: 马来西亚冠病每日新增病例连续两周持续减少，周六又回弹至1638起。当地累计病例达34万9610起，直逼35万大关。周六的死亡病例则增加三起，累计死亡病例1286起。 https://t.co/86MJj2W9lK"
"2021-03-31","1377142946114400263","DW 中文- 德国之声","RT @dw_chinese: 两星期前刚刚在德国恢复接种的阿斯利康疫苗，如今又出新状况：德国常务疫苗委员会建议，这款腺病毒载体新冠疫苗仅限于接种60岁以上老年人。近期，德国多家医院都不断上报接种该款疫苗后出现的脑血栓病例，发病率超过十万分之一，其中以中青年女性居多。ht…"
"2021-03-28","1376047192490659845","联合早报 Lianhe Zaobao","RT @zaobaosg: 法国冠病疫情持续恶化，最近三天的累计确诊病例达13万起，法国政府考虑实施更严格的管制措施。https://t.co/D3GAbN1Ni3"
"2021-03-28","1376048969495666691","联合早报 Lianhe Zaobao","RT @zaobaosg: 目前，美国加紧冠病疫苗接种计划，单日接种量再创纪录。不过，当地时间26日，美国疾病控制与预防中心(CDC)警告称，除非继续维持防疫措施，否则美国的冠病病例可能会再度激增。https://t.co/JVMOzwy77S"
"2021-03-23","1374302490984812545","联合早报 Lianhe Zaobao","RT @zaobaosg: 本地今天（3月23日）新增13起冠病确诊病例，全由境外输入，连续第11天没有新增社区病例。https://t.co/mAVcexsoMu"
"2021-03-21","1373710522223267849","联合早报 Lianhe Zaobao","RT @zaobaosg: 我国今天（3月21日）新增12起冠病确诊病例，全属境外输入病例。https://t.co/7KkoAVOGrl"
"2021-03-18","1372613881877598208","联合早报 Lianhe Zaobao","RT @zaobaosg: 我国今天（18日）新增15起冠病确诊病例，全由境外输入，其中三人分别为从印度和马来西亚返回我国的新加坡永久居民。https://t.co/ZN0bGHrS9v"
"2021-03-17","1372109219441250304","华尔街日报中文网","RT @ChineseWSJ: 欧洲药品管理局(EMA)执行董事在周二的简报里称，该机构目前未看到任何迹象表明该款疫苗导致欧洲各地出现的几起血栓病例。EMA目前正在审查这些病例，以判断他们是否代表了更广泛的风险。https://t.co/oR8kWJz4Fx"
"2021-03-16","1371727885506019331","华尔街日报中文网","RT @ChineseWSJ: 暂停阿斯利康疫苗表明，欧洲疫苗接种计划又一次遇挫，此前供应短缺和其他问题已经阻碍了这项工作的推进。而且近来欧洲大陆新冠病例数还在不断上升。欧洲的疫苗接种率远低于美国和英国，后两个国家的新冠病例数量已经稳定或在下降。https://t.co/1pz…"
"2021-03-16","1371726989548130305","DW 中文- 德国之声","RT @dw_chinese: 世界尽头的仙境——与新冠疫情这里是法罗群岛。居民50000人。2月底开始没有出现新病例，3月份解除戴口罩的规定了。管理部门说，经验在于：推荐人们采取注意的措施，而不是强令禁止。当然，这个位处苏格兰与冰岛之间的群岛，也天然地与外界在地理位置上…"
"2021-03-16","1371723739964997634","华尔街日报中文网","RT @ChineseWSJ: 根据约翰·霍普金斯大学汇编的数据，美国周日报告了3.8222万例新病例。这是自去年10月5日新增病例为3.9471万例以来首日新增病例少于4万例。https://t.co/V4BeiwMxQM"
"2021-03-15","1371388242176602115","华尔街日报中文网","RT @ChineseWSJ: 在疫苗供应严重不足和新冠感染病例反弹之际，BioNTech组建新冠疫苗生产联盟或给欧洲和全球其他地区带来一线希望。然而，短缺问题引发的欧盟与英美之间的紧张关系可能给这一生产联盟造成麻烦。https://t.co/2MjF5yCCwa"
"2021-03-15","1371343745950523394","联合早报 Lianhe Zaobao","RT @zaobaosg: 马来西亚冠病疫情日益改善，当地具传染性的活跃病例已经接连17天下降。卫生总监诺希山今天（3月14日）发布声明通报疫情时说，今天共有1万6279起活跃病例。https://t.co/KgXwKnegfX"
"2021-03-13","1370642068205277188","华尔街日报中文网","RT @ChineseWSJ: 这一里程碑事件发生之际，美国的疫苗接种活动正在加快步伐，最近几周新冠病例也有所下降。https://t.co/hatWmltPb2"
"2021-03-10","1369509762291789824","联合早报 Lianhe Zaobao","RT @zaobaosg: 华尔街一些分析师近日纷纷发表乐观预测，认为美国冠病病毒疫情以及由此引发的经济衰退将会很快结束。美国首席传染病专家福奇警告称，即使美国迅速接种了三种疫苗，美国的冠病病例仍可能会再次回升到令人无法接受的高水平。https://t.co/JKw3kBCkBf"
"2021-03-09","1369338644226445312","DW 中文- 德国之声","RT @dw_chinese: “迄今为止，很多中国人并没有接种新冠疫苗的迫切需求，因为中国国内已经鲜有新冠感染病例。此外，疫苗的有效性以及是否有副作用等问题，也让一些人顾虑重重。有鉴于此，中国接种疫苗的进度已经落后于世界很多国家。”https://t.co/ZKDDyAlG…"
"2021-03-06","1368052069685293062","华尔街日报中文网","RT @ChineseWSJ: #本周热读 WHO调查人员正在寻求有关武汉第二个农贸市场的信息，此前，“零号病人”告诉他们，他的父母曾在此购物。该病例和更多的最新证据令WHO专家组得出结论：新冠病毒可能在更早的时候在其他地方首先从动物传染给了人类，待华南海鲜市场暴发疫情之时已经…"
"2021-03-04","1367390192735154176","联合早报 Lianhe Zaobao","RT @zaobaosg: 德国总理默克尔周三（3日）宣布，德国将放宽防疫措施迈入疫情“新阶段”，但她表示，若确诊病例失控，当局将重新实施限制。https://t.co/c0EaECQ4ZU"
"2021-03-03","1366952810902786052","KBS World Chinese","RT @KBSChinese: 韩新冠新增病例连续3天300多例 政府将举行保持社会距离措施改革案公开听证会 [社会] : 韩国国际广播电台报道： 以2日0时为准，韩国新增344例新冠  https://t.co/kE3F8u9ThE"
"2021-02-28","1365856439328149507","联合早报 Lianhe Zaobao","RT @zaobaosg: 韩国单日新增冠病确诊病例回落至400以下水平。https://t.co/phe8So9HL7"
"2021-02-22","1363940312616378368","华尔街日报中文网","RT @ChineseWSJ: 美国死于新冠病毒的人数接近50万人，不过新增病例和新冠病毒住院的人数有所下降。https://t.co/G1idnDTDRP"
"2021-02-16","1361601002583986178","华尔街日报中文网","RT @ChineseWSJ: 非洲面临双重考验：新冠病例增加之际埃博拉疫情重现。https://t.co/SXi4pycg2G"
"2020-11-08","1325581468274315264","华尔街日报中文网","RT @ChineseWSJ: #本周热读 美国新冠病例激增，N95口罩供应再度告急。3M的CEO说：“N95需求量仍然很大，超过了我们的供应量。”https://t.co/sBtZdAQGPR"
