"2021-10-21","1451008718309453828","FTChinese","RT @FTChinese: #付费精选【特斯拉公布创纪录季度利润】特斯拉第三季度实现净利润16亿美元，创下历史纪录，距离其自2003年成立以来首次公布超过10亿美元的季度利润仅三个月。https://t.co/RQ2L96I2Dj https://t.co/dpqpWypOXD"
"2021-10-20","1450687736856207361","ChineseWSJ","RT @ChineseWSJ: 生产汰渍洗涤液和吉列剃须刀等产品的宝洁表示，因为运费和原材料的成本上升速度超过了这家消费品巨头的预期，将开始上调一些美容、口腔护理和梳洗产品（比如剃须刀）的价格。在此之前，宝洁已经开始提高纸尿片和卫生纸等日用品的售价。https://t.co/q…"
"2021-10-20","1450687438226034694","rijingzhongwen","RT @rijingzhongwen: 【日本14名艺人呼吁年轻人去投票】针对日本年轻人投票率低迷的问题，菅田将晖坦言：投票的年轻人“如此之少令人吃惊，而我也是其中之一”。桥本环奈称，投票“首先要表达自己的想法”。该视频在YouTube上的观看次数超过30万次，引发热门话题………"
"2021-10-19","1450318718676787207","rijingzhongwen","RT @rijingzhongwen: 【印度经济恢复至疫情前水平】证券公司计算出来的印度的商业重启指数已超过2020年春季新冠疫情蔓延前的水平。据称 “最大原因是人员和商品流动得到改善”。不过，印度经济全面复苏仍面临绊脚石，一大担忧是全球半导体紧缺的问题……https://t…"
"2021-10-15","1448917745240666116","ChineseWSJ","RT @ChineseWSJ: 国际能源署表示，天然气和煤炭价格的飙升正迫使发电公司和制造商转而使用石油，此举可能使全球日均需求增加50万桶。这一增长意味着，IEA预计明年全球原油需求将超过疫情前的水平。 https://t.co/oVxwVt1Wgt"
"2021-10-15","1448916819696185344","zaobaosg","RT @zaobaosg: 这项名为“打工人也需要生活”（Worker Lives Matter）的活动在软件协作网站GitHub发起，活动要求科技和金融等各行业的员工分享他们工作日的开、收工时间，以及每周工作的天数。截至昨天，这份在线表格已有超过4000个条目，都是由来自科技…"
"2021-10-14","1448569420511473664","dw_chinese","RT @dw_chinese: 台湾高雄一栋13层大楼14日凌晨失火，台湾媒体报道，消防人员表示火灾已造成22人死亡、共62人送医，超过40人到院前心肺功能停止，死伤人数不排除将继续上升。
近来，王岐山的政治影响力有所减退。他的一名长期助手被控受贿超过7,100万美元。据知情人士称，王岐山与目前面临审视的一些…"
"2021-10-13","1448308951460679684","ChineseWSJ","RT @ChineseWSJ: IEA表示，无论立法机构是继续执行已经出台的政策措施，还是落实他们的最新承诺，气温上升幅度都将超过各国领导人在《巴黎气候协定》中承诺的限度，即把全球总体气温控制在高于前工业时代水平2摄氏度以内。
"2021-10-12","1447837844282613761","FTChinese","RT @FTChinese: #付费精选 【阿斯利康称其新冠药物可将重症或死亡风险降低50%】试验显示，600毫克剂量的阿斯利康抗体鸡尾酒能大幅降低风险，并提供超过6个月的保护。https://t.co/QuVjZSZ5BF https://t.co/oeRqLB5t5R"
根据科学家和俄罗斯政府的研究，永冻层的解冻是气候变化的结果，而这可能影响俄罗斯超过五分之一的…"
"2021-10-07","1445985588193075210","zaobaosg","RT @zaobaosg: 美国企业9月新增就业人数超过预期，并创出6月份以来最大增幅，表明随着越来越多的美国人重返工作岗位，持续的招聘困难开始有所缓解。
"2021-10-07","1445984562840956932","rijingzhongwen","RT @rijingzhongwen: 【半导体动摇世界（4）日本再筑供应链】上世纪80年代，日本半导体厂商拥有全球过半份额，现在却跌破10％。日本政府采取了企业重组等措施，但未能扭转局面。如今，各国均以巨额补贴强化半导体产业。美国补贴5.7万亿日元，中国超过10万亿日元，日本…"
"2021-10-07","1445982996553625606","zaobaosg","RT @zaobaosg: 泰国再降暴风雨，泰国首都曼谷北边的历史文化名城大城府洪水泛滥，超过40座寺庙遭淹没。https://t.co/nwgMQNg5GC"
"2021-10-06","1445632286532145157","nanyangpress","RT @nanyangpress: 马银行投行研究最新报告，看好 #云升控股（#YINSON）可拿下两个浮式生产储油船（FPSO）合约，激励该股周二早盘股价大涨超过10%。 https://t.co/TcL0cbYUvy"
"2021-10-06","1445670455751233537","rijingzhongwen","RT @rijingzhongwen: 【连载：索尼复活秘闻】编者按：在业绩长期低迷的日本机电企业中，索尼集团的复活日趋显著。索尼2020财年合并净利润首次超过1万亿日元。被指2000年前后开始失去昔日辉煌的索尼为何能够起死回生呢？日经中文网汇总3期连载……https://t.…"
"2021-10-06","1445637499968053255","rijingzhongwen","RT @rijingzhongwen: 【“熊猫债”发行势头恢复，金额或超“武士债”】熊猫债是指外国企业等发行的人民币计价债券。2021年截至9月的发行额达到260亿元，已超过2020年全年。戴姆勒、宝马等欧洲企业的发行显得突出。另一方面，以日元计价的武士债券的发行显得低迷………"
"2021-10-01","1443824093803925518","zaobaosg","RT @zaobaosg: 缅甸自今年2月发生军事政变以来经济下滑，缅甸货币从9月起就贬值超过60%，导致食品和燃料价格暴涨。
"2021-09-30","1443489618771337218","rijingzhongwen","RT @rijingzhongwen: 【越南季度GDP首现负增长，疫情打击供应链】  “在工厂住宿已超过80天，体力和精力都达到极限”，员工在工厂内等处住宿和工作的“工厂隔离”被严格执行，产生消极影响。此前在增长率方面属于“赢家”的越南转为面临逆风……https://t.co…"
"2021-09-29","1443111848547520512","rijingzhongwen","RT @rijingzhongwen: 【外资企业在日本市场率先涨价】欧洲车的日本价格比中国低。奔驰“S500”的人气款现在含税价格为1738万日元（约合人民币100.49万元），比原来上涨了14万日元，而在中国售价超过3000万日元（约合人民币173.47万元）……https…"
"2021-09-27","1442324955941597186","rijingzhongwen","RT @rijingzhongwen: 【中国房地产风险超过日本泡沫期】深圳住宅价格平均为年收入的57倍，北京也达到55倍，即使是泡沫期1990年的东京也仅为18倍，中国一线城市房价并非老百姓买得起的水平。从整体贷款余额中房地产贷款所占比例来看，目前中国接近3成，高于日本泡沫期…"
"2021-09-24","1441284468531023872","ChineseWSJ","RT @ChineseWSJ: 中国恒大的一个主要股东计划出售所持所有股票，并可能因此产生超过10亿美元的损失。由香港亿万富翁刘銮雄及其妻子控制的华人置业周四表示，最近已将其在中国恒大的持股比例从接近6.5%缩减至约5.7%，同时就可能出售所持剩余股份寻求股东批准。https:…"
"2021-09-22","1440596937191821312","rijingzhongwen","RT @rijingzhongwen: 【中国纯电动汽车加快欧洲攻势】中国的电动汽车正在打入欧洲市场。蔚来、小鹏向挪威供货，名爵在英国的销量已超过本田。在德国慕尼黑车展上，长城汽车展出了欧拉好猫，吉利展出了极星。另一方面，没有1家日本整车企业出展……https://t.co/o…"
"2021-09-21","1440217917900025861","dw_chinese","RT @dw_chinese: 超过12000名以海地国籍为主的移民滞留在美国德克萨斯州格兰德河桥下的临时营地，美国边境官员上周末遣返了其中3千多名移民，第一架遣返班机在昨天（9月19日）降落海地首都太子港。
"2021-09-19","1439691014764052480","zaobaosg","RT @zaobaosg: 马来西亚柔佛州的冠病疫情不断升温，过去14天新增确诊病例超过3万起，死亡率也持续上升，其中新山县最为严重。该县国会议员疾呼中央政府即刻采取补救方案，像此前应对吉隆坡和雪兰莪的严峻疫情一样，以免新山疫情进一步恶化。
"2021-09-17","1438788010972102665","rijingzhongwen","RT @rijingzhongwen: 【6G专利，日美与中国竞争】在5G的标准必要专利领域，中国占35％，美国占15％。持有大量基站和终端专利的华为主导了5G标准制定。在6G核心技术专利申请领域，中国占40.3%，美国占35.2%。美国加上日本的9.9%，就能超过中国……ht…"
"2021-09-15","1437972247738667009","ChineseWSJ","RT @ChineseWSJ: “一旦成熟经济体的疫苗接种率超过一定门槛，封锁措施得以解除，人们将更愿意出门进行公路旅行和航空旅行，尽管德尔塔变体感染病例数仍较高，”一名石油市场分析师说。“这将在明年带动新兴市场需求，因此很可能会看到石油需求恢复到新冠疫情前的水平。”https…"
"2021-09-14","1437655091289284612","rijingzhongwen","RT @rijingzhongwen: 【日本新冠疫苗接种率超5成，近期或反超美国】完成两剂新冠疫苗接种的的日本国民已超过5成。美欧等其他主要发达国家的接种率7～8月就已达到5成。但之后接种的普及速度放缓，而日本比最开始的时候加快了速度。日本还在签署新的疫苗合同，为两剂疫苗接种…"
"2021-09-08","1435496719475568642","rijingzhongwen","RT @rijingzhongwen: 【中国工业机器人企业掀起增产攻势】日欧企业在中国工业机器人市场占据着优势。排名前10的是首位的发那科、ABB、安川电机和德国库卡等日本和欧洲企业，外资的市场份额超过了50％，埃斯顿是唯一进入前十的中国企业……https://t.co/ox…"
"2021-09-08","1435494487527084042","rijingzhongwen","RT @rijingzhongwen: 【新冠疫苗产量年内或超全球接种所需量】据调查公司Airfinity的推算，新冠疫苗的全球累计产量到2021年底预计达到超过全球人口中12岁以上的8成完成接种所需的113亿剂的水平。不过发达国家有可能剩余超过10亿剂，而剩余疫苗也有可能处于…"
"2021-09-02","1433343063556964357","zaobaosg","RT @zaobaosg: 随着冠病在全球肆虐超过一年，越来越多国家及地区近来将抗疫目标由“清零”转向群体免疫、寻求与病毒共存。但香港仍然坚持“清零”策略，继续从严防疫。港府的防疫政策引起不少高风险地区尤其是欧美国家的不满，认为增加了海外企业在港营商的成本。
"2021-09-02","1433358725574656001","zaobaosg","RT @zaobaosg: 数据公司Sensor Tower表示，通讯应用Telegram于2013年底推出，在上周五（27日）超过了10亿下载量的里程碑。与主要竞争对手WhatsApp的情况一样，印度是Telegram最大市场，在这个世界第二大互联网市场约占其安装量的22%，…"
"2021-08-31","1432615030172749825","ChineseWSJ","RT @ChineseWSJ: Zoom公布7月份财季的收入超过10亿美元，因为其在疫情期间普及的视频会议服务需求强劲。业绩超越了该公司和华尔街分析师的预期。https://t.co/xwe5vm47yU"
"2021-08-31","1432613924034138116","ChineseWSJ","RT @ChineseWSJ: 散户投资者找到了下一个轧空目标，那就是鲜为人知的软件公司https://t.co/VE0aoyCJf7。这家技术和客户支持提供商股价在过去一周上涨了近两倍，周一收盘报36.39美元，日内上涨38%，年内涨幅超过1,500%。https://t.c…"
"2021-08-30","1432217315840442369","rijingzhongwen","RT @rijingzhongwen: 【丰田7月全球销量创新高，缺芯影响有限】连续11个月同比增长。以北美为中心，SUV销售强劲，超过疫情扩大前……https://t.co/s6jFsLOmPi https://t.co/DMUeE1el2j"
"2021-08-28","1431761357045567488","rijingzhongwen","RT @rijingzhongwen: 【GAFA总市值超过日本股市整体】4家企业的总市值达到7.05万亿美元，日本股市整体仅为6.86万亿美元。两者在7月逆转，8月以后差距拉大。亚马逊，Facebook和Alphabet的ROE在20％左右，苹果超过70％，明显高于日本企业……"
"2021-08-24","1430072769266339843","ChineseWSJ","RT @ChineseWSJ: 美国的制裁重挫华为的智能手机业务，而另一家中国科技公司坐收渔利：今年6月，小米手机销量在全球独占鳌头，超过了三星电子。该公司在欧洲也拔得头筹，市场份额较上年同期几乎增长了一倍，达到24%。
"2021-08-23","1429696864312389632","zaobaosg","RT @zaobaosg: “奥运红利”未现、疫情急速扩散，日本首相菅义伟支持率下滑至历史新低，是自民党2012年再次执政以来的最低支持率，超过六成民众不希望菅义伟连任首相。面对9月底的自民党总裁选举和预计10月举行的众议院选举，菅义伟内阁前景堪忧。未来两个月，日本将进入一个政…"
阿富汗战争持续了近20年，超过一战、二战和朝鲜战争的总时长。这篇图集是对这场漫长战争的回顾。
"2021-08-18","1427915274435457024","rijingzhongwen","RT @rijingzhongwen: 【台积电总市值超过腾讯和阿里跃居东亚最高】腾讯和阿里股价下跌，而台积电市值保持在较年初上涨9%的水平。宁德时代的市值大幅上涨……https://t.co/pVvMSKpxBq https://t.co/poEoVdMAuq"
"2021-08-16","1427166311122014208","rijingzhongwen","RT @rijingzhongwen: 【全球天然气价格夏季仍暴涨】在国际上往年夏季天然气价格比较稳定，但今年全球天燃气的价格暴涨。中国1～6月的液化天然气（LNG）进口量为3978万吨，比上年同期增加近3成，超过了曾是世界最大进口国的日本……https://t.co/zJuR…"
"2021-08-16","1427144302317084674","rijingzhongwen","RT @rijingzhongwen: 【“阳光玫瑰”的中韩产量超过日本】“阳光玫瑰”等源自日本品牌水果外流的情况正在增加。在韩国，“阳光玫瑰”成为出口的主力，出口额增至日本的逾5倍。中国国内“阳光玫瑰”的栽培面积达到日本的40多倍。日本禁止把这些品种带往海外……https:/…"
"2021-08-16","1427143362742603786","zaobaosg","RT @zaobaosg: 加勒比海岛国海地强震的死亡人数上升至1297人，受伤人数超过5700人。海地民防机构发表声明说，目前还有大量人员失踪或受困在倒塌的建筑底下。
"2021-08-16","1427143181250883584","rijingzhongwen","RT @rijingzhongwen: 【尼克松冲击50年(2)美元地位下降】中美的经济规模被认为在2030年前后发生逆转，其实中国已在贸易上超过了美国。从货物进出口的全球份额来看，最近50年美国从13％降至11％，而中国则从1％提高至13％……https://t.co/8uH…"
"2021-08-15","1426973409435553796","bbcchinese","RT @bbcchinese: 从理论上来说，阿富汗政府拥有更大的军力，安全部队人数超过30万，应占据上风，但分析人士认为，阿富汗军队和警察存在着的众多问题，包括逃兵和贪腐，为此次应对塔利班的节节败退埋下伏笔。https://t.co/PpLNZcHd9Q"
"2021-08-13","1426099689154224128","rijingzhongwen","RT @rijingzhongwen: 【专家指日本疫情“不可控”，建议东京人流减半】日本单日新增的新冠确诊病例12日超过1万8800人，创出新高。专家称目前疫情的蔓延已处于“无法控制的状况”。另外，日本的医疗体制也被专家认为处于“接近灾害时的情况”。专家提出了要求截至8月26…"
"2021-08-12","1425685384789258244","rijingzhongwen","RT @rijingzhongwen: 【日本将设基金应对核处理水导致水产品形象受损】如果处理水排海导致水产品销量下滑或价格下跌等，可以使用基金来收购。设想2023年春季开始排放处理水，2022年度之前预先设立基金。日本政府内部有观点认为，基金规模将超过10亿日元…… http…"
"2021-08-12","1425690519993126923","rijingzhongwen","RT @rijingzhongwen: 【“日本半导体”复兴只是幻影？】日本1988年曾掌握世界半导体市场的5成，现在只剩1成。最近半年，有一项政策在日本政府受到重视，那就是重振“日之丸（日本）半导体”。日本经产省发布了超过80页的宏伟半导体战略，但那可能只是幻影……https…"
"2021-08-11","1425340905674842115","rijingzhongwen","RT @rijingzhongwen: 【日本东海碳素预计2021财年净利润增至12倍】随着中国汽车生产和轮胎需求恢复，该公司碳黑业务所有生产基地的销量都超过上年……https://t.co/1vI2qFb7cB https://t.co/AJLOl4402m"
"2021-08-10","1424957011020587017","rijingzhongwen","RT @rijingzhongwen: 【日本新冠疫苗接种超1亿剂】截至8月8日，英国已有69％、美国已有58％的人至少接种1剂疫苗。日本的接种总量超过1亿剂，但已接种1剂的人仍不到50％。日本的目标是到8月下旬4成国民完成2剂接种……https://t.co/ALmQPNia…"
"2021-08-10","1424955981817995268","rijingzhongwen","RT @rijingzhongwen: 【调查数据看人们如何评价东京奥运会】汇总各类民间调查结果可以发现，对于东京奥运会持好感的反应在举办期间激增，超过了批评性看法。不过，与海外和往届奥运会相比，热情高涨程度显得不足。另外，通过电视和互联网观看奥运会的人也大幅增加……https…"
"2021-08-08","1424209915304759302","nanyangpress","RT @nanyangpress: 美国冠病疫情持续升温，自8月3日起，每日新增确诊病例皆超过10万例，原因在于德尔塔变种病毒持续蔓延，以及南方各州疫苗接种率仍无法提高。
"2021-08-05","1423186358005243908","rijingzhongwen","RT @rijingzhongwen: 【日本乐天向德国企业出口低成本5G技术】这是把专用通信设备更换成云端软件的“虚拟化”技术，被认为可以让通信网的建设和运行成本降低4成左右。据悉此次的订单总额超过2500亿日元……https://t.co/lxw1QU11jR https:…"
"2021-08-05","1423183040889511940","ChineseWSJ","RT @ChineseWSJ: 佛罗里达州是目前新冠病例激增的震中，过去五周，该州新冠患者的住院率急剧上升，并且这种攀升速度要比去年冬季更为迅猛。上周五在AdventHealth Central Florida接受治疗的新冠患者达到1,060人，超过了今年1月份触及的单日治疗9…"
"2021-08-04","1422792669856600068","dw_chinese","RT @dw_chinese: 有了BioNTech/辉瑞公司的mRNA（信使核糖核酸）这样的疫苗后，科学家们曾相信，接种疫苗者对冠状病毒的免疫力远远超过90％。但是，这一效力并不适用于新的Delta变异毒株。到底需要多少抗体，人体才能具备免疫力，提供自身保护能力？https:…"
在香港前市交易中，腾讯股价下跌超过10%；规模较小的同行网易下跌15%；Bili…"
"2021-08-02","1422112332134584322","ChineseWSJ","RT @ChineseWSJ: 7月到目前为止，中概股已累计损失超过4,070亿美元的市值，是去年疫情暴发之初美股大跌期间中概股所损失市值的两倍多。
"2021-07-30","1420999959432687624","rijingzhongwen","RT @rijingzhongwen: 【日本单日新增感染首超1万人】在7月28日超过9000人，29日首次超过1万人，连续两天创出新高。东京都和神奈川县的新增感染人数分别为3865人和1164人，双双创出新高，被认为受到印度型（德尔塔）变异病毒的影响……https://t.c…"
"2021-07-29","1420625267349856259","rijingzhongwen","RT @rijingzhongwen: 【东南亚6月出口超过疫情前，受中美复苏推动】 “海外需求强劲，在应对客户订单方面已竭尽全力”，马来西亚半导体产业协会主席表明了欣喜的抱怨。由于全球半导体短缺，在作为全球半导体贸易约7％的经由地的马来西亚，即使在疫情下相关产品的订单也并未中…"
"2021-07-28","1420267810534559747","zaobaosg","RT @zaobaosg: 本地超过40万人患有糖尿病，南大科研人员研发芯片，从患者血液抽取生物标记评估血管健康。https://t.co/ufVPQIgXa7"
"2021-07-28","1420266436111454210","rijingzhongwen","RT @rijingzhongwen: 【东京新冠感染人数达到创新高的2848人】加上埼玉、千叶和神奈川的4个都县共确诊4604人，超过了“第3波”的顶峰。3县知事将于28日举行在线会议，向国家要求发布紧急事态宣言……https://t.co/KxhkKCVWiT https:…"
"2021-07-26","1419604242659037188","rijingzhongwen","RT @rijingzhongwen: 【东京奥运开幕式日本收视率达56.4％】东京奥运会开幕式的NHK综合频道的平均收视率在关东地区达到了56.4％，在夏季奥运会开幕式中，收视率超过1984年的洛杉矶奥运，仅次于1964年东京奥运的NHK节目（61.2％）……https://…"
"2021-07-24","1418814573088493568","zaobaosg","RT @zaobaosg: 马来西亚警方今年初破获砂拉越最大宗偷电案，查获超过1000台比特币挖矿机后，于上周五（16日）根据程序销毁这些估计价值超过500万令吉（约163万新元）的挖矿机。
"2021-07-24","1418817576659038209","ChineseWSJ","RT @ChineseWSJ: Twitter和Snap股票都从2月和3月前后的两年估值高点回落，但Twitter的远期市销率刚刚超过10倍，而Snap的接近20倍。不过，根据明年的销售额增长率对这些倍数进行调整，能使比较更加公平，这样Snap看起来是一个令人惊讶的便宜货。 错…"
"2021-07-22","1418115606130225152","ChineseWSJ","RT @ChineseWSJ: #股闻天下 在共处超过30年之后，L Brands剩下的两个品牌维多利亚的秘密和Bath &amp; Body Works即将分道扬镳。它们的分离无疑是一个预示全新开始的好方法。 不过，这并不能保证这两个刚分开的品牌会突然长出自己的翅膀。https://…"
"2021-07-22","1418115228429033474","dw_chinese","RT @dw_chinese: 河南官方强调本次降雨”突破历史极值”，从百年一遇、千年一遇到五千年一遇，也引发网友批评”甩锅历史”。当地政府5年前宣布要用超过500亿人民币打造”会呼吸的海绵城市""以应对洪灾，也被拿出来检视。
"2021-07-21","1417723192798416896","rijingzhongwen","RT @rijingzhongwen: 【日本网络通信量在疫情下翻番】2021年5月的下载通信量每秒首次超过20TB，东京奥运会预计将迎来大批在线观众……https://t.co/poRnGhv1df https://t.co/0TClsQLzXs"
"2021-07-20","1417362806865752064","rijingzhongwen","RT @rijingzhongwen: 【房地产税能遏制中国房价上涨吗？】货币宽松政策使大量资金流入房地产市场，从二手房价格来看，北上广深的平均同比涨幅超过1成。中国希望通过房地产税遏制投机炒房，并增加二手房供应量。还有一个目的是为地方政府增加收入……https://t.co/…"
"2021-07-20","1417361770579062790","ChineseWSJ","RT @ChineseWSJ: 加拿大官员周一表示，从8月9日开始，加拿大将开放完全接种新冠疫苗的美国人入境该国，届时距离新冠限制首次对多数旅客关闭边境将超过一年。https://t.co/vA6VPbtgB5"
"2021-07-14","1415168310308753408","ChineseWSJ","RT @ChineseWSJ: 美国多个州新冠病毒病例上升，令卫生官员和流行病学家感到担忧，因为许多美国人仍未接种疫苗，而传染性很强的德尔塔变异病毒正在传播。分析显示，美国目前平均每天新增病例超过2.3万例，约为三周前数据的两倍。https://t.co/LRKtr2GT5G"
"2021-07-14","1415199503360020480","rijingzhongwen","RT @rijingzhongwen: 【中国需求将中型干散货船租金推至11年来高位】干散货船行情呈现全面走高的态势，6月以后上涨加速，大幅超过春季创出的10年来新高。2020～2021谷物年度，中国对美国产玉米的进口量预计增至上年度的3.4倍，中国的大量采购推高行情。大豆的运…"
"2021-07-14","1415324885233045510","FTChinese","RT @FTChinese: 【视频：埃隆·马斯克：圣人还是罪人?（特斯拉篇）】埃隆·马斯克在电动汽车和碳捕获领域所做的贡献，能否超过他在加密货币和火箭排放方面所致的环境影响？https://t.co/sZmZsSobUa https://t.co/4DVRanzC5n"
"2021-07-14","1415319480230625282","bbcchinese","RT @bbcchinese: 目前非洲每周新增病例已经超过了2021年1月第二波高峰时的记录。但是非洲大陆只有不到2%的人完成了疫苗接种。世界卫生组织警告说，随着新的、更易传播的变异毒株导致感染，非洲第三波疫情可能会恶化。https://t.co/VTyTTjiPEa"
"2021-07-14","1415317543590539264","rijingzhongwen","RT @rijingzhongwen: 【比特币挖矿正在远离中国】中国的比特币挖矿份额此前超过全球6成，但由于限制加强矿工一齐离开，开采量锐减 。矿场正在转移至哈萨克斯坦和俄罗斯。比特币价格剧烈波动……https://t.co/rYj65nK4Gf https://t.co/T…"
"2021-07-13","1414771423898390534","rijingzhongwen","RT @rijingzhongwen: 【日本1~6月机床订单额超过疫情前】1~6月订单额增长71.2%，其中面向中国和欧美等海外的订单额增长95.1%，汽车和半导体的设备投资不断扩大。日本国内订单恢复得相对较慢，增幅为33.4%。此外，6月单月订单额创2018年12月以来的高…"
"2021-07-13","1414815173211262977","nanyangpress","RT @nanyangpress: 伊拉克一家专门收治冠病患者的医院发生大火，造成至少44人死亡、另有超过67人受伤。搜救工作仍在进行。https://t.co/6H2AOK9lAm https://t.co/RQ1Ri5wQA0"
"2021-07-09","1413385346616729604","dw_chinese","RT @dw_chinese: 慕尼黑出版的《南德意志报》注意到了中国机械制造行业超过了德国，成为出口冠军。该报就此刊发了题为""第二名也已足够好""的评论，呼吁德国人不必为此太伤心。
"2021-07-09","1413383400476405760","bbcchinese","RT @bbcchinese: 以色列摄影师Lior Patel用无人机拍摄羊群🐑的影片，在Facebook上爆红，浏览量已超过100,000次。
"2021-07-07","1412667727139852289","ChineseWSJ","RT @ChineseWSJ: 三星电子的前景展望轻松地超过了市场预期，并表明科技巨头们的表现持续强劲，尤其是芯片制造商，这些公司在历史性的供应紧缺期间拥有更大的定价权。
"2021-07-07","1412658139183271939","rijingzhongwen","RT @rijingzhongwen: 【日本疫苗接种突破5000万剂次】大型接种中心和职场等以64岁以下人群为对象的接种也在不断推进。最高单日接种超过120万剂次……https://t.co/Tr8LwWmdMM https://t.co/eIz5qvrxCy"
"2021-07-05","1411920942784073733","FTChinese","RT @FTChinese: 【Lex专栏：Robinhood商业模式面临监管风险】这一热门股票交易应用希望借IPO获得超过400亿美元的估值，但其大部分收入来自订单流付费，而监管机构正考虑修改这方面的规定。https://t.co/wOVvUKhOXk https://t.c…"
"2021-07-05","1411926191498436609","zaobaosg","RT @zaobaosg: 马来西亚冠病新病例继续增加。据卫生总监诺希山通报，当地今天（7月4日）新增6045起确诊病例，这是马国连续第六天的单日新增病例超过6000起。
"2021-07-02","1410830567277428736","ChineseWSJ","RT @ChineseWSJ: 从中国到美国西海岸的每日运费自1月以来上涨了66%，自2020年初以来上涨逾400%。同期亚洲至北欧的现货运价分别上涨92%和480%。今年前五个月，延期超过两周的跨太平洋贸易航线船只和从亚洲到欧洲的船只数量分别为400多艘和140艘。https…"
"2021-07-01","1410504542056173572","zaobaosg","RT @zaobaosg: 国家环境局和业者这个月初起陆续在九个地点放置电子垃圾回收箱，过去一个月收集了超过一公吨的废弃产品，最常被丢弃的包括打印机、手机、电脑和灯泡。
"2021-06-30","1410152840039866373","rijingzhongwen","RT @rijingzhongwen: 【华为手机业务低迷，丢失的份额被谁拿走？】华为手机全球份额曾在2020年4～6月跃居首位，但今年1～3月跌至第7位。在欧洲，小米的出货量份额达到23%，超过苹果位居第二。此外，三星在欧洲、东南亚和非洲扩大了份额……https://t.co…"
"2021-06-25","1408307807246454784","nanyangpress","RT @nanyangpress: 印度一名果农意外种出稀有芒果树，单果价值超过2万卢比（约1121令吉），因而雇用3名保安员看守果园。https://t.co/5RHvhJpdOj https://t.co/QwKmOlberl"
"2021-06-25","1408306277093019648","rijingzhongwen","RT @rijingzhongwen: 【日本总人口1.2622亿，5年减86万】日本截至2020年10月1日的总人口为1亿2622万6568人。人口数量首次跌出世界前10，被墨西哥超过，降至第11位。在38个道府县人口减少的同时，东京人口继续增加……https://t.co/…"
"2021-06-25","1408454782633742337","rijingzhongwen","RT @rijingzhongwen: 【日本泉盛控股将在中国增开食其家门店】2021年度泉盛将增开超过500家门店，其中近400家为海外门店。中美的餐饮需求显著复苏……https://t.co/uKxLUix1NW https://t.co/0yXJCFyS6I"
"2021-06-24","1407967041965891584","ChineseWSJ","RT @ChineseWSJ: #股闻天下 即将离职的CEO贝佐斯在他最后一封年度信函中设定了一个目标:要让亚马逊成为“地球上最好的雇主”。然而据报道，要求这位地球首富在他下个月的太空之旅后不要再回到地球的网上请愿已经获得了超过6万个签名。即使是便宜的智能音箱也不能像以前那样能…"
"2021-06-23","1407591429212229634","rijingzhongwen","RT @rijingzhongwen: 【玉米国际价格涨至上年2倍】多数情况下小麦的价格要比玉米高出1~2美元/蒲式耳，而由于中国的饲料需求和美国等高温干旱导致的供给隐忧，玉米价格处在高点，一度在7年10个月以来首次超过小麦价格……https://t.co/iFkBDBTyE8…"
"2021-06-23","1407589777306570755","rijingzhongwen","RT @rijingzhongwen: 【东京奥运村很多房子约5.3万元/平】虽然这些公寓的最高售价超过2亿日元，但很多房子的每坪（3.3平方米）单价低于300万日元，以同样的面积来看，比千代田区等市中心最好地段的公寓还要便宜。而且附近还会配套建设商业设施和公园……https:…"
"2021-06-23","1407728604436303881","ChineseWSJ","RT @ChineseWSJ: 加密货币价值在大幅下跌，从比特币、狗狗币到以太币等都不例外。自5月份见顶以来，这一数字资产的整体市值已缩水超过1万亿美元。投资者该如何应对？一些加密货币和投资界专业人士给出了建议。https://t.co/EsvLzUCPf3"
"2021-06-22","1407242897565491200","nanyangpress","RT @nanyangpress: 亚洲股市今天重回复苏态势，日本更是强劲反弹，劲升超过3%。#大马股市
"2021-06-19","1406336823937310721","nanyangpress","RT @nanyangpress: 最新数据显示，新加坡现有超过50％的人口接种了至少一剂冠病疫苗，完成两剂的有约36％。https://t.co/tCqagnbGxm https://t.co/MQPaLZpOHf"
"2021-06-19","1406335532339109892","nanyangpress","RT @nanyangpress: 冠病肆虐全马超过一年，本地旅游业受到几乎难以翻身的伤害，根据《南洋商报》探悉，数以千计的业者已经无法供还数千辆旅游巴士车贷，“拖车潮”很快将出现。 https://t.co/rItrThTU1S https://t.co/L2HmrwENiG"
"2021-06-16","1405065176563425281","zaobaosg","RT @zaobaosg: 印度尼西亚过去一周每日新增冠病病例都超过7000起，令人担心的是德尔塔变异病毒引发的病例越来越多。流行病专家警惕印尼政府，必须竭尽所能阻止德尔塔变异病毒传播，否则情况可能失控。
"2021-06-15","1404894309543911429","nanyangpress","RT @nanyangpress: 随着马来西亚汇丰银行集团宣布在今年12月31日后关闭全国13间分行，矗立在下霹雳安顺市区超过100年的汇丰银行分行亦将走入历史。
"2021-06-11","1403204774854492161","ChineseWSJ","RT @ChineseWSJ: 今年的全球新冠死亡病例在不到六个月的时间里就超过了188万例。周四，约翰·霍普金斯大学对2021年全球新冠死亡病例的统计刚刚超过了2020年全年的死亡病例。这些数字凸显出发达国家和发展中国家之间不断扩大的差距。https://t.co/NxyZT…"
"2021-06-11","1403203572385284101","zaobaosg","RT @zaobaosg: 台湾冠病死亡率逼近3%，至今累计死亡病例为361，累计确诊病例1万2222起，超过一成染疫者在送院前死亡也引起关注。
"2021-06-11","1403202902219399172","nanyangpress","RT @nanyangpress: 美国一项研究发现，有高眼压遗传倾向者每天喝超过3杯咖啡，罹患青光眼的几率增加近4倍。https://t.co/wYObgFMUHS https://t.co/DxFojiJyT5"
"2021-06-10","1402881787743768584","rijingzhongwen","RT @rijingzhongwen: 【中国“小富翁”比美国多】​“要是有好东西，我想把10万元（免税额度）全部用上”，5月的一个工作日，海南的免税店里挤满了较为阔绰的购物客。中国个人净资产超过10万美元的成年人约为1.13亿人。2015~2020年期间，中国新房价格上涨了2…"
当局说，一所大学的院长甚至被扣留超过30个小时。https://t.co/7c4EYTl8Vj"
"2021-06-10","1402880905429934080","ChineseWSJ","RT @ChineseWSJ: #股闻天下 人们普遍预计，无论利率上升与否，美国经济增速将在可预见的未来超过全球其他地区，投资者最终将从中受益。美元走软固然有理，但也不应忽视对美元有利的因素。https://t.co/Hk3yJEDCsb"
"2021-06-10","1402879131965038598","rijingzhongwen","RT @rijingzhongwen: 【车载全固态电池将是日德“决战”】​面对在现有电池生产规模上拥有很高份额的中韩企业，德国厂商发起攻势，但在开发方面领先的企业是拥有超过1000项专利的丰田。丰田开发的全固态电池可使续航距离延长至2倍以上……https://t.co/G5V…"
"2021-06-08","1402289711696138241","bbcchinese","RT @bbcchinese: 若一切顺利进行，8只猎豹🐆将于今年11月跨越8405公里，从南非搬到印度新家，结束猎豹在印度灭绝超过半个世纪的历史。
"2021-06-05","1401052868958846976","zaobaosg","RT @zaobaosg: 最新数据显示，全球已施打超过20亿剂冠病疫苗，但由于疫苗普遍须要两剂，免疫人口远低于此数。依照当前速度，想要达到全球群体免疫的最低门槛，即75%的人口接种疫苗，大概还需要九个月。实现群体免疫究竟有多重要？这过程中又有哪些阻碍？https://t.co…"
"2021-06-05","1401030197101486080","ChineseWSJ","RT @ChineseWSJ: #股闻天下 最近几个月，老牌汽车公司的股票已经超过了那些希望取代它们的初创公司。随着车载互联网和最终的自动驾驶等汽车技术的起飞，这种优势可能不会持续下去。但这些可能是以后的问题。https://t.co/LbHYMhjHni"
"2021-06-04","1400674281810321415","rijingzhongwen","RT @rijingzhongwen: 【中国大陆企业排在苹果供货商的首位】日本经济新闻分析苹果披露的2020年供货商名单显示，中国大陆（包括香港）企业在200家中占51家，首次超过台湾。但拆解“iPhone12”的结果显示，在金额方面中国大陆仅占4.7％……https://t…"
"2021-06-04","1400671419348910084","rijingzhongwen","RT @rijingzhongwen: 【物流拥堵给世界经济带来阴影】随着经济活动日益活跃，物流拥堵现象越来越严重，据统计全球货船平均延迟时间超过5天。在青岛海域等待的集装箱船达到2019年以来的最高值。如果需求扩大的程度超过供应，将成为物价上涨压力……https://t.co…"
"2021-06-03","1400555835307094016","ChineseWSJ","RT @ChineseWSJ: #视频 自去年以来，美国培根的价格上升超过10%，新鲜水果价格上涨6.2%，虽然不算特别惊人，但加起来就会让你感到一顿早餐贵了不少。涨价的不仅是食品，其他商品和服务也变得更贵，人们不禁心生对通胀的担忧。本视频解释了美国近期CPI大幅上涨的原因，并…"
"2021-06-03","1400334252768563202","rijingzhongwen","RT @rijingzhongwen: 【日本将向国际疫苗援助框架追加出资8亿美元】日美欧正摸索向超过90个发展中国家无偿提供疫苗的框架机制。全球疫苗免疫联盟估计2021年援助发展中国家需要83亿美元左右的资金，截至4月底还有17亿美元的缺口。日本还表示将对外援助3000万剂次…"
"2021-06-02","1400183590579671040","ChineseWSJ","RT @ChineseWSJ: Zoom说，为其带来最多收入的客户数量较上年同期增长一倍多，在人们返回办公室之际，这家视频会议公司延续了一年来的辉煌表现。其财年预期提高，达到39.8亿至39.9亿美元。第一季度结果超过了Zoom自己以及华尔街分析师的预期。https://t.c…"
"2021-06-01","1399618556728279045","ChineseWSJ","RT @ChineseWSJ: 《金融时报》报道称，雀巢超过60%的核心食品和饮料产品达不到澳大利亚政府采用的星级体系规定的健康等级。报道还称，雀巢可能考虑取消或替换其一些产品的内部营养标准。https://t.co/uSCv8EQKvY"
"2021-06-01","1399616955313573888","ChineseWSJ","RT @ChineseWSJ: #投资宝鉴 加密货币和GameStop等模因股的投机者都在自夸赚了十倍甚至百倍的利润。笔者和投资者分享如何在单笔交易中赚到超过170倍的利润。购入通胀保值型美国储蓄债券（即I系债券），年化收益率为3.54%。购买I系债券几乎没有风险，而且在税负方…"
"2021-05-31","1399215923718803460","rijingzhongwen","RT @rijingzhongwen: 【越南超过泰国成全球第二大大米出口国】2020年越南大米的出口量为616万吨。另一方面，作为竞争对手的泰国因泰铢升值和干旱的影响，大米出口量降至570万吨，与2019年（756万吨）相比大幅下滑……https://t.co/VNd0etP…"
"2021-05-31","1399267327128981504","rijingzhongwen","RT @rijingzhongwen: 【全球各大车企争相确保车载电池】日产将与有中国资本的远景AESC合作，在日本和英国建设纯电动汽车（EV）用电池新工厂，投资额超过2000亿日元，年产预计可供约70万辆使用。全球大型车企的纯电动汽车业务大多亏损……  https://t.c…"
"2021-05-29","1398538422667542531","zaobaosg","RT @zaobaosg: 台湾今天通报新增486起本土病例，包括166起“校正回归”病例，另有21起死亡病例，再创新高。目前死亡病例达99起，超过2003年沙斯期间的73人。https://t.co/alHIjAaMq7"
"2021-05-27","1397831641981091840","zaobaosg","RT @zaobaosg: 瑞士一项研究报告显示，去年有超过3000万人因气候灾害而被迫迁移，人数为过去至少10年来最高。https://t.co/R4N4vnqSMj"
"2021-05-27","1398000114598219777","bbcchinese","RT @bbcchinese: 在广袤的太平洋上，萨摩亚和基里巴斯是两个人口加起来仅30余万的袖珍岛国。这里距离北京超过7000公里，但有中国资金参与的大型基建项目正分别成为两国政治纷争的焦点议题之一。https://t.co/XNWBkI2vkw"
"2021-05-25","1397073357980401666","rijingzhongwen","RT @rijingzhongwen: 【电影《鬼灭之刃》日本票房突破400亿日元】“剧场版《鬼灭之刃》无限列车篇”于2020年10月16日上映，日本国内票房收入在12月超过《千与千寻》，跃居日本影史第一。累计观影人数增至约2896万人次……https://t.co/pGpyU…"
"2021-05-22","1395996682878296075","zaobaosg","RT @zaobaosg: 截至21日下午3时，马国的新增确诊病例达6493起，连续三天单日新增病例超过6000起。此前，马国疫情原本已经受控，为何在几个月内又急转直下，以致全国大部分地区第三度实施行动管制令？ https://t.co/A0IRKktYFy"
欧洲椋鸟、家燕和环嘴鸥，这三种鸟的数量也都超过了10亿只。
"2021-05-21","1395603705236316162","bbcchinese","RT @bbcchinese: 距离东京奥运开幕只有不到十周时间，周一（5月17日）一项最新民调显示，超过八成日本民众反对东京奥运如期举行。 https://t.co/yonpEqsIDf"
"2021-05-21","1395603269188132866","ChineseWSJ","RT @ChineseWSJ: 据CoinMarketCap的数据，加密货币市场的总市值已缩水超过8,500亿美元。那么，加密货币为何暴跌？比特币还会反弹吗？https://t.co/qkQZ1x7JFX"
"2021-05-20","1395220524003860482","zaobaosg","RT @zaobaosg: 马来西亚昨天的单日新增病例超过6000起，加护病房的重症患者也达559人，当中有303人需要呼吸器，都是去年暴发疫情以来的新高。雪霹两州大臣都不反对也不阻止全面封锁。
以太坊、莱特币、狗狗币等其他加密货币也普遍出现恐慌式抛售，部分币种一天内跌幅超过30%，一度引发崩盘担忧。
"2021-05-20","1395445649135468544","dw_chinese","RT @dw_chinese: 这张照片上的男子双手举起的不是一个玩具娃娃，而是出生只有几个月大的婴儿。数日前超过8000人游泳从摩洛哥偷渡前往西班牙在北非的海外属地。其中有一名母亲背上背着这名婴儿加入了游泳偷渡大军。途中幸好被西班牙海警救下。这名警察说，当时海水冰冷，婴儿已经…"
"2021-05-19","1394942388217413637","ChineseWSJ","RT @ChineseWSJ: 据一项分析，3月份全球只有约40%的集装箱货船准时到达港口，平均延误时间超过六天。随着消费需求改善，企业大规模补货，造成全球范围内的航运延误，这占用了船舶运力，加剧了货物运输所需的海运集装箱的短缺，同时集装箱货运费用以历史性的速度上涨，推动航运成…"
"2021-05-18","1394559034460491786","rijingzhongwen","RT @rijingzhongwen: 【日本启动大规模新冠疫苗接种预约】首先以东京23区和大阪市内65岁以上老人为对象。据称东京开始预约45分钟后，预约量就超过了2万件……https://t.co/iOyxOLo8sQ https://t.co/5mPqx9X16o"
"2021-05-16","1393761253315645442","zaobaosg","RT @zaobaosg: 从即日起到下个月13日，德士和私召车不能载超过两名乘客，除非他们是同户住户，以降低不同住户乘搭公共交通时导致的交叉感染风险。https://t.co/roXib3Yh6c"
"2021-05-15","1393439157909745666","zaobaosg","RT @zaobaosg: 新加坡人力部为关怀员工津贴拨款100万元，协助符合条件的大厦业主和服务买家为外包员工提供休息区，超过2000名清洁工和保安人员等低薪员工将受益。https://t.co/QdlmwpJmhf"
"2021-05-12","1392355642514362368","bbcchinese","RT @bbcchinese: 超过45,000位志愿者申请为美国大峡谷国家公园猎杀美洲野牛🦬。
"2021-05-11","1392015020750376960","rijingzhongwen","RT @rijingzhongwen: 【日本国家债务达1216万亿日元，创新高】由于新冠疫情下的财政支出，日本债务大增。日本2021年度计划发行超过236万亿日元国债……https://t.co/2YKuC0ID0b https://t.co/zVQyu3b2W0"
"2021-05-11","1392017634502139904","dw_chinese","RT @dw_chinese: 一项美国智库的最新研究显示，中国的年度温室气体排放量首次超过了所有发达国家的总和。排名第二的是美国，印度首次升至第三名。
"2021-05-10","1391647648604594176","zaobaosg","RT @zaobaosg: 印度的冠病死亡病例昨天（9日）连续第二天破4000起，单日新增病例持续超过40万起。世界卫生组织首席科学家斯瓦米内森认为，肆虐印度的变种病毒传染性更强且能突破疫苗产生的抗体，是造成印度疫情一发不可收拾的主因。
"2021-05-08","1390917539299950592","FTChinese","RT @FTChinese: 【绿色转型需求将铜价推至历史新高】铜价已超过其在2011年达到的上一个峰值。在中国需求保持强劲之际，美国和欧洲几十年来首次成为重大的铜消费者。https://t.co/kBYNe2IK6a https://t.co/XKLuT2Quxo"
"2021-05-08","1390918445735153664","zaobaosg","RT @zaobaosg: 马来西亚部分地区昨天（5月7日）开始第三次实施行动管制令（行管令），但冠病疫情仍持续恶化，昨天的新增确诊病例飙升，多达4498起，是自2月初以来，首次单日新增病例超过4000起。
"2021-05-08","1390922223863549953","rijingzhongwen","RT @rijingzhongwen: 【任天堂创12年来利润新高，Switch颠覆业界法则】任天堂2020财年合并净利润同比增长86％。一般被认为在上市4年后将迎来销量顶峰的主力游戏机“Switch”在第5年也有望维持高水平销售，甚至将超过Wii和索尼PS4。持续收费模式的引…"
"2021-05-07","1390553175359295489","rijingzhongwen","RT @rijingzhongwen: 【索尼游戏（2）向开发企业积极投入】“如果没有游戏软件，PlayStation就卖不出去”，索尼互动娱乐的高级副总裁这样说。软件占索尼游戏业务销售额的比例已经超过一半，在游戏机性能、价格与竞争对手相当的背景下，索尼积极为软件开发企业提供支…"
"2021-05-07","1390559284870541313","rijingzhongwen","RT @rijingzhongwen: 【摘】在中国，主流的是可常温保存的牛奶，但明治开展冷藏牛奶业务。冷藏牛奶与常温牛奶相比，保鲜期更短，不适合远距离运输。八尾表示，如果在各大城市的周边打造工厂和供应链“超过损益平衡点并不困难”……https://t.co/8BCg5pGkQX"
"2021-05-05","1389839219627991043","zaobaosg","RT @zaobaosg: 美国辉瑞公司将其2021年冠病疫苗营业额预测提高超过70%，达到260亿美元（约347亿新元）；该公司还表示，世界各国政府对冠病疫苗的需求将推动其未来多年的营收持续增长。https://t.co/IDOvFuBEZ0"
"2021-05-05","1389844818151415808","rijingzhongwen","RT @rijingzhongwen: 【摘】三星在5纳米产品量产线上引进的是被称为“EUV（极紫外）光刻”的新技术。相关设备的供货由荷兰的半导体设备厂商ASML垄断，对于5纳米以下的半导体量产不可或缺。据ASML的数据，目前实际供货量累计仅为100套左右，其中超过7成被认为由…"
"2021-05-05","1389843507590746114","zaobaosg","RT @zaobaosg: 从本月8日起，政府将进一步收紧大型活动、宗教场所、婚宴活动等的人数限制。参与宗教场所集会、现场活动等的人数若超过100人，必须接受提前冠病检测。
"2021-05-05","1389991720603971585","ChineseWSJ","RT @ChineseWSJ: 狗狗币的涨幅已经超过那些被认为是数字资产和区块链时代更严肃代表的加密货币，为何能有如此惊人的表现？本文阐述了几个方面的原因。
"2021-05-05","1389993172827136001","ChineseWSJ","RT @ChineseWSJ: #股闻天下 法拉利的股价下挫凸显出，一只股票的预期市盈率超过40倍时风险会有多大。如果投资者被疫情后的一些相对轻微的齿轮磨损而吓到，那么他们可能还没有为法拉利进入电动时代做好适当准备——对于一个建立在发动机噪音基础上的品牌来说，进入电动时代的风险…"
"2021-05-03","1389125511947841552","zaobaosg","RT @zaobaosg: 沙特阿拉伯将从5月17日起，允许已对冠病病毒具有免疫力的公民出国旅行。这是沙特在关闭国际边界超过一年后首次解除出国禁令。https://t.co/xmc5TwiStV"
"2021-05-02","1388740088251576320","zaobaosg","RT @zaobaosg: 印度星期六（1日）新增超过40万起冠病确诊病例，成为全球首个在24小时内新增逾40万起病例的国家。最新数据显示，印度新增40万1993起冠病确诊病例，使累计总数达1910万起。
"2021-05-02","1388739772735102976","bbcchinese","RT @bbcchinese: 印度新冠疫情继续恶化，过去24小时录得超过40万宗确诊，再次打破世界单日新增确诊纪录。
"2021-05-02","1388745861618831365","zaobaosg","RT @zaobaosg: 为了降低冠病病毒进一步传播的风险，抗疫跨部门工作小组吁请公众接下来一段时间减少所参加的社交活动，无论是登门拜访或者在公共场合与亲朋好友聚会，每天都不应该超过两场。https://t.co/0qqq1fwfnL"
"2021-05-02","1388750218959544321","rijingzhongwen","RT @rijingzhongwen: 【欧洲超越中国成最大电动车市场】2020年全球纯电动车和插电式混动车合计销量达300万辆，在整体新车销售大幅下滑的背景下实现41%的增长。欧洲约为140万辆，首次超过中国（约120万辆）。欧盟各国扩大了纯电动汽车补贴……https://t…"
"2021-05-02","1388756565763575810","zaobaosg","RT @zaobaosg: 知情人士透露，中国正准备向腾讯处以巨额罚款，作为针对互联网巨头展开的反垄断行动的一部分，但数额可能低于阿里巴巴所要支付的超过180亿元人民币（37亿新元）。https://t.co/OPMbcrlAXV"
"2021-05-02","1388755375562784771","zaobaosg","RT @zaobaosg: 东京迪士尼乐园2020年游客数量创开幕37年以来新低，全年亏损超过500亿日元。
"2021-04-28","1387497139303948288","rijingzhongwen","RT @rijingzhongwen: 【川崎重工研发机器人全自动PCR检测系统】系统满负荷运转时的处理能力每天超过12万份，高于目前全国的PCR检测量。有利于大幅提高日本国内的PCR检测效率。价格为1万日元左右/次。约80分钟即可判断有无感染……https://t.co/Ne…"
"2021-04-28","1387497024933666817","ChineseWSJ","RT @ChineseWSJ: 瑞银表示，Archegos爆仓后，该行损失了8.61亿美元，超出分析师预期。上个月曾预警损失约20亿美元的野村损失总额提高至28.5亿美元，导致其录得全球金融危机以来最差季度表现。Archegos爆仓事件总计造成的损失超过100亿美元，从而成为金…"
"2021-04-28","1387496330679832577","rijingzhongwen","RT @rijingzhongwen: 【丰田单月全球销量创新高 中国增6成】3月全球销量约达98.3万辆，超过疫情前的19年3月。在中国，卡罗拉和雷克萨斯等受到欢迎……https://t.co/KXuvHcpHen https://t.co/KbIClBgiuO"
"2021-04-28","1387495336441122822","zaobaosg","RT @zaobaosg: 印度的冠病死亡人数已破20万，过去24小时的死亡病例首次超过3000起。
"2021-04-28","1387493692261376001","rijingzhongwen","RT @rijingzhongwen: 【日本将首次重启运转超过40年的核电机组】日本规定核电机组运转时间原则上为40年，最多可延长20年。关西电力的3座机组将重启……https://t.co/WNRm1LjUEd https://t.co/2SkF7SsSSy"
"2021-04-27","1386948026044932100","rijingzhongwen","RT @rijingzhongwen: 【苹果今后5年在美投资额增加2成】总额超过4300亿美元，平均每年将投资860亿美元左右，预计新创造出2万个就业岗位……https://t.co/xKs1xQBeav https://t.co/CGr3TLn9Zo"
"2021-04-27","1386944490682810369","rijingzhongwen","RT @rijingzhongwen: 【丰田将收购美国Lyft的自动驾驶部门】收购金额为5.5亿美元。优步和Lyft等网约车企业一度构建了超过大型车企的自动驾驶开发体制，但受新冠影响，网约车业务盈利恶化，难以维持开发成本高昂的自动驾驶部门。丰田将获得Lyft的研发团队……ht…"
"2021-04-27","1386950729454084097","bbcchinese","RT @bbcchinese: 印度疫情严峻，连续几天报告超过30万个病例，每日刷新2021年新冠单日确诊记录。
"2021-04-25","1386219091245948930","bbcchinese","RT @bbcchinese: 周六（4月24日），印度公布有超过34万宗确诊个案，连续第三天刷新单日确诊人数全球纪录，24小时内死亡人数为2624人，同样再次破纪录。https://t.co/9RRyznINAT"
"2021-04-25","1386214036878946311","rijingzhongwen","RT @rijingzhongwen: 【东京等4都府县进入紧急宣言状态】针对东京、大阪、京都、兵库发布的紧急宣言为期17天，请求停业的对象为提供酒类的餐饮店以及超过1000平方米的大型商业设施。针对不提供酒类的店铺，要求将营业时间缩短至晚上8点……https://t.co/1…"
"2021-04-24","1385817933566283779","bbcchinese","RT @bbcchinese: 夜店、商场、健身房，甚至人潮汹涌的节日集会，几个月前印度一切如常，并不像处于疫情之中。但现在这个国家不得不付出代价，每日迎接超过15万例新增确诊。 https://t.co/9KHyDsRXbU"
"2021-04-21","1384763893126291457","rijingzhongwen","RT @rijingzhongwen: 【索尼建图像传感器新厂房，警惕三星追赶】索尼决定新建厂房的2019年秋季，智能手机“多摄像头化”趋势加强，图像传感器的需求激增超过手机销量，但2020年受中美贸易摩擦影响，华为遭受制裁，风向改变……https://t.co/jMOYDQc…"
"2021-04-20","1384381939616935940","rijingzhongwen","RT @rijingzhongwen: 【瑞萨预计7月上旬恢复正常供货】这一时间比此前预测推迟7~10天。不过，据悉借助替代性生产，2021年供货量有望超过预期。火灾发生后来自半导体设备厂商和车企的上万名人员前来支援，从其居住地来看，最多的是丰田总部所在的爱知县丰田市……htt…"
"2021-04-20","1384381558740586501","rijingzhongwen","RT @rijingzhongwen: 【日本对华出口占比创10年来新高】日本2020年度贸易统计速报反映了在进出口方面越来越依赖中国的日本经济的现状，对华出口所占比重为22.9％，首次超过2成，超过了对美国出口。但日本担忧中美对立波及到贸易……https://t.co/dqa…"
"2021-04-17","1383289909419466752","rijingzhongwen","RT @rijingzhongwen: 【链接——日经调查：预测2021年中国经济增长8.5％】此次调查中，中国2021年的增长率预期的区间为7～10.5％，大幅超过中国在3月的全国人民代表大会上提出的“6％以上”这一目标…………
"2021-04-14","1382200145924681733","rijingzhongwen","RT @rijingzhongwen: 【台湾芯片代工厂停产1年全球损失4900亿美元】拜登表示“美国将再次主导世界”，对于扩大国内生产显示出积极态度，其背后是持续提高的依赖台湾的风险。但如果各国都开始构建自给自足的供应链，其成本和风险带来的打击有可能超过目前的短缺状况，出现反…"
"2021-04-13","1381838839187009536","dw_chinese","RT @dw_chinese: 低温之下，超过700名俄罗斯滑雪爱好者穿着比基尼丶泳裤参与一场狂欢盛会。 https://t.co/7GaAMzQigt"
"2021-04-13","1381842676576702464","rijingzhongwen","RT @rijingzhongwen: 【日本超5万人还房贷困难】2020年3～12月，日本因房贷偿还困难而接受金融机构援助的人数甚至超过了3·11东日本大地震时的5倍。由于疫情影响，越来越多购房者收入减少，一方面，新增贷款的融资额却不断上升……https://t.co/xz9…"
"2021-04-11","1381350274036473856","dw_chinese","RT @dw_chinese: 他涉嫌偷窃的这两幅画作估价总和超过2000万欧元 https://t.co/abj5QmR1cB"
"2021-04-09","1380415635188903936","rijingzhongwen","RT @rijingzhongwen: 【东京等3地将适用防止疫情蔓延重点措施】此前已对大阪等实施重点措施，此次要将东京、京都和冲绳也加入适用对象，4月12日开始实施，其中东京将持续至5月11日。东京的感染人数连续两天超过500人，大阪则连续三天创新高…… https://t.…"
"2021-04-09","1380423425928306688","ChineseWSJ","RT @ChineseWSJ: 三星电子预测，第一季度营业利润同比增长44%，行业分析师表示，如果不是因为美国的生产因得州恶劣天气中断了数周，该公司第一季度的半导体业务营业利润即便没有超过去年第一季度水平，也会与之相当。不过，三星电子利润预期背后的意外驱动力是其智能手机和家用电…"
"2021-04-09","1380423118833872902","rijingzhongwen","RT @rijingzhongwen: 【东京都知事小池请求适用“防止蔓延措施”】东京4月7日新增感染人数为555人，时隔约2个月超过500人。变异病毒的感染人数明显增加……https://t.co/8Q0eiuzagd https://t.co/Zcl5W2gU3n"
"2021-04-09","1380421456887226372","rijingzhongwen","RT @rijingzhongwen: 【日本超10万人因疫情被解雇或不续约】自20年2月开始统计这一数据，经过约1年2个月超过10万人。按行业来看制造业人数最多……https://t.co/luRcZfZbKQ https://t.co/7eLA67yQHA"
"2021-04-08","1380053236099411969","rijingzhongwen","RT @rijingzhongwen: 【电视OLED面板价格持续4个季度下跌】2020年夏季，LG显示器在中国启动第8.5代大型OLED面板的量产。供给持续超过需求……https://t.co/ODFGJOrPTZ https://t.co/EHabQoHQZs"
"2021-04-05","1378963343197659136","zaobaosg","RT @zaobaosg: 冠病疫苗全球获取机制（COVAX）负责人说，几周之后将有超过100个国家启动疫苗接种，并指疫苗供应短缺限制了他们的进度。目前已在此计划下受惠的国家为84个。
"2021-04-04","1378587969548787712","zaobaosg","RT @zaobaosg: 媒体报道和网络犯罪专家指出，社交媒体平台面簿超过5亿名用户早前已外泄的个人资料，包括电邮和电话号码，在一个黑客网络论坛上曝光。
"2021-04-03","1378241204333109256","zaobaosg","RT @zaobaosg: 台湾清明连假第一天，一列载着496人的太鲁阁号火车，昨天上午在花莲隧道遭滑落的无人工程车砸中。截至昨晚9时已酿成50人死亡，包括六岁女童和刚新婚的列车司机，另有超过150人人受伤，堪称40年来台湾最严重的铁路意外。
"2021-04-02","1377855349168873476","rijingzhongwen","RT @rijingzhongwen: 【日本自由职业者增至1670万人】日本的自由职业者达到约1670万人，在1年里增加了57％，占适龄劳动人口的比率首次超过2成。疫情导致餐饮业和住宿业的失业人数增加。为了获得收入，去送外卖等打零工的人增加…https://t.co/Qtea…"
"2021-04-02","1377853450411597824","dw_chinese","RT @dw_chinese: 菲律宾国防部发布消息称，有超过200艘""由民兵组织操控的中国船只""侵入了牛轭礁(Whitsun Reef)水域 北京方面则坚称，这些中国渔船只不过是在泻湖内避风。https://t.co/vM3GVXCkjD"
"2021-03-31","1377137780065587204","zaobaosg","RT @zaobaosg: 埃及国营电视台周二（3月30日）报道，超过100艘船只已在苏伊士运河通行。
近期，德国多家医院都不断上报接种该款疫苗后出现的脑血栓病例，发病率超过十万分之一，其中以中青年女性居多。
"2021-03-30","1376780132698910723","dw_chinese","RT @dw_chinese: 大小相当于纽约帝国大厦的货轮「长赐号」在苏伊士运河搁浅超过6天后，终于在29日成功脱困，苏伊士运河管理局也证实运河已恢复双向通行。 不过「长赐号」受困苏伊士运河导致约有370艘船舶一直在等待通行，也导致全球数十亿的贸易受到影响。https://t…"
"2021-03-29","1376430167376060419","rijingzhongwen","RT @rijingzhongwen: 【日本制铁盈利能力有望追上中韩】2019年度亚洲主要钢铁厂商出货1吨钢材能盈利4000～7000日元，而日本制铁为亏损3000多日元。通过减产和改革，日本制铁计划2025年度每吨钢材盈利5500日元，超过宝钢2019年度的水平……http…"
"2021-03-26","1375328120266313731","rijingzhongwen","RT @rijingzhongwen: 【中国产大葱在日本涨价到2020年的4倍】日本进口的大葱超过9成是中国产。在东京市场，3月进口大葱的价格为每公斤375日元（约合人民币22.48元），达到2020年的约4倍。有批发商表示，中国产大葱一度比日本产还贵……https://t.…"
"2021-03-25","1374949183447130119","rijingzhongwen","RT @rijingzhongwen: 【苏伊士运河堵塞给全球供应链造成新风险】台湾长荣集团旗下货轮在苏伊士运河搁浅，造成运河堵塞。如果迟迟无法恢复，船方将不得不考虑是继续等待还是绕道好望角。该运河的通航量在2020年达到近1.9万艘，日均超过50艘……https://t.co…"
"2021-03-24","1374657597731598339","FTChinese","RT @FTChinese: 【英国人的“野外运动”与野味传统】张璐诗：迄今英国的野鹿数量已繁殖超过2百万头，为近千年之最。谁会想到吃鹿肉还会有环保意义呢？https://t.co/IiW9gtpElC https://t.co/TYwLazFPes"
"2021-03-24","1374656569867075592","rijingzhongwen","RT @rijingzhongwen: 【摘】NEC还召集了研究人脸识别最新算法的成员，判断癌症的准确度大幅提高，远超过9成。跟识别人脸一样，系统可以分辨出癌症部位的颜色、凹凸等细微差……https://t.co/7Bagu8S21f"
"2021-03-23","1374247954744102914","ChineseWSJ","RT @ChineseWSJ: 百度股价周二在香港上市首日上涨1.5%。该公司通过此次二次上市筹资超过30亿美元。百度股价在早盘交易中最高升至256.60港元。该公司香港二次上市的发行价定为253港元。https://t.co/xwHjBEEz6S"
"2021-03-23","1374302002088341507","bbcchinese","RT @bbcchinese: 许多汽车制造商已经减慢或暂时停止了部分工厂的生产。 此前据估计，他们因此面临的销售损失超过600亿美元。这场大火会如何影响全球汽车制造商？
"2021-03-22","1373874684886847488","zaobaosg","RT @zaobaosg: 台湾一项最新民调显示，有超过六成的民众认为，美国不是真诚地想帮助台湾，而只是“想利用台湾”。
"2021-03-19","1372850972741922820","zaobaosg","RT @zaobaosg: 新加坡已实现地铁列车每行驶超过100万公里才发生一起延误超过五分钟事故的目标，这有赖政府和经营者近年在维修与更新方面的巨大投入。此外，随着SMRT从股市除牌和更换领导层，少了股东利益优先的压力，关键绩效指标已改变。改变企业文化需更多时间，因为须改变的…"
"2021-03-17","1372101842281275392","bbcchinese","RT @bbcchinese: 仅有刚刚超过4%的巴西人口（860万人）接种第一剂疫苗。科学家警告称，在新冠病毒还在传播时，让大量部分接种疫苗的人与未接种疫苗的人混杂在一起，会给抗疫苗变种病毒创造“强大温床”。
"2021-03-16","1371720387487092737","rijingzhongwen","RT @rijingzhongwen: 【旭化成建新工厂增产电池隔离层】在锂电池隔离层领域，2019年中国上海恩捷新材料科技超过旭化成，跃居全球份额首位……https://t.co/TEdFB43WCT https://t.co/1giVSTJP3P"
"2021-03-15","1371338298430394372","ChineseWSJ","RT @ChineseWSJ: 得益于新一轮募资，Stripe目前估值超过了Instacart等其他颇受投资界追捧的初创公司。不过在全球范围内，其估值仍落后于中国金融科技巨头蚂蚁集团。 https://t.co/pTpYIPFunj"
"2021-03-15","1371334947273801731","rijingzhongwen","RT @rijingzhongwen: 【明治在越南成立新公司销售婴儿奶粉】新公司由明治100%出资。越南的年出生人数超过日本，明治希望加强当地业务……https://t.co/rvwRKb73ne https://t.co/E4A05CiEM1"
"2021-03-11","1369880923127214086","rijingzhongwen","RT @rijingzhongwen: 【日本请求海外航空每趟航班不超过100人】日本自去年起请求航空公司设定人数上限，根据情况调整标准，近期有所放宽，但随着变异病毒的蔓延，日本再次加强限制，请求本国航空公司每周不超过3400人，海外航空每趟航班不超过100人……https:/…"
"2021-03-11","1369981766182653956","zaobaosg","RT @zaobaosg: 你可知道医疗口罩是谁发明的？谷歌昨天在新加坡搜索首页纪念此人，结果吸引超过20万人次搜索他！出生于槟城、又是第一位在英国剑桥大学学医毕业的华人，是什么原因促使他发明了医疗口罩？
"2021-03-11","1369902408420093954","bbcchinese","RT @bbcchinese: 截至目前，世界各地100多个国家和地区已经注射的各种疫苗总计超过3亿剂。这是人类历史上前无古人的壮举，规模之大，速度之快，已经创历史纪录。
"2021-03-10","1369740653689671682","dw_chinese","RT @dw_chinese: 欧洲的 #电动汽车 （EV）销售量已经超过中国，坐上了全球电动汽车市场的第一把交椅。https://t.co/hQX78Nh7zV"
"2021-03-04","1367385426080624644","rijingzhongwen","RT @rijingzhongwen: 【本田1~2月在华新车销量增长48%】1~2月销量超过23.9万辆，CR-V等车型和混动车表现坚挺。上年2月专卖店由于疫情而停业……https://t.co/3zTilRt03a https://t.co/Z7omPtMb5C"
"2021-03-03","1366950973097189377","asahi_shinsen","RT @asahi_shinsen: 【千叶新增感染超过东京 解除宣言知事持谨慎态度(详情表)】
"2021-03-03","1367056383347068930","zaobaosg","RT @zaobaosg: 市场对经济展望的乐观情绪增加，美国10年国债的收益率上周一度激增至超过1.6％水平。由于黄金是无收益型投资产品，利率和收益率上升会削弱黄金的吸引力。
"2021-03-02","1366582361412886530","zaobaosg","RT @zaobaosg: 日本正在为医疗人员接种冠病疫苗。该国卫生当局对外披露，一家医疗机构的低温冷冻库出现故障，导致超过1000剂辉瑞疫苗必须作废。
"2021-02-26","1365216825135353857","ChineseWSJ","RT @ChineseWSJ: Coinbase已经成为加密货币行业最知名的名字之一，拥有超过4,300万认证用户，每月约有280万人使用该公司的交易平台。Coinbase股票将在纳斯达克全球精选市场直接上市，代码为COIN。https://t.co/9Z7zQ2SAzR"
"2021-02-25","1364806097438007300","ChineseWSJ","RT @ChineseWSJ: GameStop的股票周三因波动剧烈而两度停牌，收盘价达到2月3日的水平。数据显示，与GameStop相关的期权活动也创下两周来的最高水平，看涨合约明显超过看跌合约。https://t.co/aaMGpOr4nV"
"2021-02-24","1364674600974442497","ChineseWSJ","RT @ChineseWSJ: 据路透援引消息人士的话报道称，中国私募股权投资公司博裕资本正计划募集一只新的、专注于中国的基金，募资目标不超过60亿美元。
"2021-02-23","1364038769855275012","ChineseWSJ","RT @ChineseWSJ: Gartner分析师周一表示，去年第四季度，苹果在智能手机市场的份额为20.8%，三星的份额为16.2%。苹果推出的iPhone 12系列手机帮助这家智能手机巨头在假日季度超过三星电子，成为全球最大的智能手机销售商，这也是苹果四年来首次登上榜首。…"
"2021-02-23","1364038441973948417","bbcchinese","RT @bbcchinese: 美国因新冠而病故的人数突破50万，超过在两次世界大战与越战中的死亡人数总和。
"2021-02-22","1363939031772401664","ChineseWSJ","RT @ChineseWSJ: Dealogic数据显示，截至2月18日，由亚洲公司发起的八家SPAC今年以来共筹资23亿美元。这个数目对于同期美国公司的融资规模来说只是小儿科，但已经超过了亚洲地区2020年全年的SPAC融资总额。银行业人士预计，未来可能会出现更多类似发行，包…"
"2021-02-22","1363684622798757890","rijingzhongwen","RT @rijingzhongwen: 【3·11大地震余震次数超过1.4万次】2月13日发生在福岛海域的地震被认为是3·11大地震的余震。据统计，在主震发生至2月11日的近10年里，震度1以上的余震达到1万4590次，其中M7级以上为10次……https://t.co/o8b…"
"2021-02-22","1363940840993792000","ChineseWSJ","RT @ChineseWSJ: 特斯拉股价去年累计上涨逾300%，使该公司市值超过8,000亿美元，之后有所回落。截至上周四，特斯拉市值超过七大汽车生产商市值之和，得以与苹果、微软和亚马逊等市场巨头比肩。《华尔街日报》回顾了特斯拉是如何走到现在的，以及该股走势与其他标普500指…"
"2021-02-02","1356604878257184768","ChineseWSJ","RT @ChineseWSJ: 知情人士透露，该公司自上周四以来筹集的34亿美元资金，超过了该公司之前成立八年的全部融资额，这让Robinhood有能力满足因交易热潮而激增的抵押要求。这些知情人士说，新资金应该也能让该公司支持上周四以来开设的数十万笔新帐户的用户，并取消激怒其用…"
"2021-01-27","1354352740231569417","ChineseWSJ","RT @ChineseWSJ: 微软第二财季净利润增长超过30%，达到155亿美元；销售额增长17%，达到431亿美元，均超过了华尔街所做的预期。微软销售额之所以能连续多年保持同比增长，纳德拉对云计算的押注起到了关键作用。https://t.co/RqOnHgUzuD"
"2021-01-08","1347578424034947074","rijingzhongwen","RT @rijingzhongwen: 【日本新冠单日新增感染达7570人，又创新高】这是单日新增首次突破7000人大关。东京都新增感染2447人，首次超过2000人……https://t.co/UqQOUBJK6t https://t.co/vY0RUBJZzQ"
"2020-12-04","1334744558588940289","bbcchinese","RT @bbcchinese: 疫情之下，人们的脸部很多时候都被口罩覆盖，我们在交谈时最能看到的，就是对方的双眼。科学家计算出两人目光接触的最佳时间为3秒，没有人能够忍受超过9秒的凝视，与人对视为何会有如此强大的力量？
"2020-11-30","1333340810838904840","rijingzhongwen","RT @rijingzhongwen: 【优衣库要深耕中国市场】优衣库中国门店数超过日本，在中国的利润率达到14.4％，高于日本（13.0％）。柳井正曾断言“在中国就可以开3000家店”。对于想超越ZARA和H&amp;M成为世界第一的优衣库而言，中国市场至关重要……https://t…"
"2020-11-25","1331438321239683073","rijingzhongwen","RT @rijingzhongwen: 【小米7~9月净利润增长93％】小米在海外抢走华为份额，海外业务销售额创季度新高。小米出货量份额超过苹果，跃居第三……https://t.co/zacIiAGC5A https://t.co/dwCID8aHIZ"
"2020-11-19","1329271256319881218","rijingzhongwen","RT @rijingzhongwen: 【越南经济在东盟一家独赢】预测越南2020年名义GDP将超过新加坡跃居东盟第4。不仅是控制了疫情，中美贸易摩擦后，生产基地从中国迁往越南的动向也加快。但也有隐忧，如果拜登成为美国总统……https://t.co/7nemdNA9Ge ht…"
"2020-11-17","1328543220897177601","dw_chinese","RT @dw_chinese: 继上周德美合作的疫苗宣布成功率在90%以上之后，现在，美国又一款疫苗Moderna宣布成功率超过94%
"2020-11-12","1326721362354819072","FTChinese","RT @FTChinese: #付费精选【分析：新冠疫情加快疫苗技术研发】BioNTech和辉瑞联合研发的疫苗在临床试验中“有效性超过90%”。它的原理是什么？是否安全？又将如何生产、分发和定价？https://t.co/MjyptEIKic https://t.co/BGFv…"
"2020-11-10","1325990701130162176","rijingzhongwen","RT @rijingzhongwen: 【美国辉瑞宣布疫苗有效性超过90%】辉瑞计划在获批后，2020年内在全球最多制造5000万剂，到2021年底前最多制造13亿剂……https://t.co/6aRPsGdgJO https://t.co/daSenfMOFX"
"2020-11-08","1325581468274315264","ChineseWSJ","RT @ChineseWSJ: #本周热读 美国新冠病例激增，N95口罩供应再度告急。3M的CEO说：“N95需求量仍然很大，超过了我们的供应量。”https://t.co/sBtZdAQGPR"
"2020-11-06","1324565433316372480","rijingzhongwen","RT @rijingzhongwen: 【任天堂4～9月净利润创新高，同比涨3.4倍】Switch销量达到1253万台，增长8成。累计销量达到6830万台，超过了红白机……https://t.co/TslIU9BrwG https://t.co/ix2nMfD3ME"
