"2021-10-21","1451060180179775492","FTChinese","RT @FTChinese: #付费精选【投资大师斯皮茨纳格尔谈逆向投资】这位基金经理说，在景气时期接受风险和损失是在危机中繁荣的途径。https://t.co/7fSAHc1jMt https://t.co/jakGk7G41P"
"2021-10-21","1451009310859825152","zaobaosg","RT @zaobaosg: 中国新房价格近六年半来首次下跌，楼市对整体经济的下行风险进一步加剧。不过，三名中国高层官员昨天均释放出楼市风险可控的信号，向市场派出定心丸。分析师认为，这预示官方短期内不会出台大规模救市措施，楼市下跌趋势预计持续到明年。
"2021-10-18","1450002274537795587","ChineseWSJ","RT @ChineseWSJ: 一位风险咨询公司负责人表示，大幅加剧的运营环境挑战和更严格的中国合规要求也可能导致微软从中国撤出其他产品。他说： “如果你是10年前进入中国、希望看到审查制度有所松动，你会愿意耐心等待并寻求站稳脚跟。这种盘算的前景近期而言似乎不会得到改善。” h…"
"2021-10-17","1449655798355750919","ChineseWSJ","RT @ChineseWSJ: #本周热读 中国表示将允许燃煤电价进行更大幅度的上浮，希望借助市场力量解决电力紧张问题。这一措施可能有助于电力市场的稳定，但这也表明随着许多大宗商品价格上涨，中国存在通胀风险。
"2021-10-16","1449464822089744386","zaobaosg","RT @zaobaosg: 《华尔街日报》周五（15日）报道，美国卫生监管机构推迟决定为青少年接种莫德纳冠病疫苗的紧急使用授权，以检查该疫苗是否会增加一种罕见心肌炎的风险。
"2021-10-14","1448544707773042690","nanyangpress","RT @nanyangpress: 冠病疫情期间扩大居住空间的需求激增，加上有央行大规模刺激措施的支持，全球范围内出现购房热，其中欧洲的房地产泡沫风险上升。https://t.co/cjoqE8Fjea https://t.co/MTLHlQ35ln"
"2021-10-14","1448743200965881860","ChineseWSJ","RT @ChineseWSJ: Facebook在一份声明中表示，该公司的团队每天都在努力应对运营一个数十亿人使用的平台所带来的挑战，而信息泄露会降低团队的成果、效率和士气。该公司称，此类泄露还可能使从事敏感话题工作的员工面临外部风险，并导致复杂话题被歪曲和误解。
"2021-10-14","1448546639891730432","zaobaosg","RT @zaobaosg: “差别对待”非歧视，而是对新加坡人的保护。不接种疫苗者的风险更高，症状更严重，若自由出入，不仅对已接种者构成风险，也不公平。接受或拒绝疫苗保护，不是个人问题，它关系到生计，也关乎大家能否过渡到“与冠病共存”新常态，更安全如常地上班、上学、社交和出游。…"
IMF还上调了对通胀的预期，并敦促政策制定者做好准备，以便在复苏势头强于预期或通胀风险变得明显时迅…"
"2021-10-12","1447837844282613761","FTChinese","RT @FTChinese: #付费精选 【阿斯利康称其新冠药物可将重症或死亡风险降低50%】试验显示，600毫克剂量的阿斯利康抗体鸡尾酒能大幅降低风险，并提供超过6个月的保护。https://t.co/QuVjZSZ5BF https://t.co/oeRqLB5t5R"
"2021-10-09","1446709267289894913","rijingzhongwen","RT @rijingzhongwen: 【DRAM大单优惠价下跌1成，因PC需求暂歇】东南亚的疫情再次扩大，供应链的混乱加剧。由于零部件采购成为瓶颈，智能手机的交货期延长，需求出现下行风险。市场上有观点认为，“到2022年1～3月或将持续降价”……https://t.co/r9…"
"2021-10-07","1445979131255013379","FTChinese","RT @FTChinese: #付费精选 【韩国的全球电池主导地位引发供应链风险】韩国的充电电池产量几乎占全球的一半，却严重依赖进口材料，尤其是来自中国的稀土和其他原料，让韩国很容易受到贸易紧张局势和地缘政治冲击的影响。https://t.co/2QdilzF38s https…"
"2021-10-06","1445640377440956420","zaobaosg","RT @zaobaosg: 国际货币基金组织（IMF）总裁格奥尔基耶娃表示，当前全球经济复苏仍然举步维艰，面临各经济体增长分化、通胀上升和公共债务高企三大风险。https://t.co/OhKaHQpr4S"
"2021-10-06","1445633375297937408","ChineseWSJ","RT @ChineseWSJ: 强势美元可能抑制股票和其他风险投资的收益。据FactSet慧甚数据显示，标普500指数中的成分股公司有四成收入来自美国境外。当美元走强时，海外利润在兑换成美元后就会缩水。新兴市场公司和国家也往往会受到美元升值的影响，因为以美元计价的大量债务会变得…"
"2021-10-03","1444524092967698441","nanyangpress","RT @nanyangpress: 全球食品成本有再次飙升的风险，因为能源危机让中国的粮食收获季节面临挑战。 https://t.co/YdMid1AHVZ https://t.co/z5YCn9NXkk"
"2021-10-03","1444525082773110790","nanyangpress","RT @nanyangpress: 冠疫情爆发前，欧洲就有8000万家庭难以负担取暖费用。今年随着能源价格的暴涨，更多家庭今年冬天将面临断电、断天然气的风险。同样的危机也出现在美国和加拿大。https://t.co/TppwbhMyNU https://t.co/nA2KpJB…"
"2021-09-27","1442324955941597186","rijingzhongwen","RT @rijingzhongwen: 【中国房地产风险超过日本泡沫期】深圳住宅价格平均为年收入的57倍，北京也达到55倍，即使是泡沫期1990年的东京也仅为18倍，中国一线城市房价并非老百姓买得起的水平。从整体贷款余额中房地产贷款所占比例来看，目前中国接近3成，高于日本泡沫期…"
"2021-09-24","1441289228474675211","rijingzhongwen","RT @rijingzhongwen: 【全球多地干旱带来粮食供应风险】在美国，落基山脉的西侧持续干旱。在与美国并驾齐驱的粮食供给地南美，由于缺水，巴西下调谷物产量预期，阿根廷出口大豆和玉米遇到运输困难。在非洲，缺水已经引发粮食危机……https://t.co/DA85ObJv…"
"2021-09-23","1440843490749870096","zaobaosg","RT @zaobaosg: 美国周三（22日）批准为65岁及以上者、罹患严重疾病的高危人群和从事高风险工作的人员，接种辉瑞冠病疫苗追加剂。
"2021-09-20","1439778040699969537","zaobaosg","RT @zaobaosg: 马来西亚政府宣布，一旦成年人口的冠病接种率达到80%，将为四个高风险群体接种疫苗追加剂，并预计最快将在今年10月初开始施打加强针。
"2021-09-20","1439864725077049352","ChineseWSJ","RT @ChineseWSJ: #市场分析 低利率和由刺激措施推动的经济复苏支持了信用评级较低的公司，提升了风险较高之债务的吸引力。分析师和投资者预计，债券和贷款销售将分别创下全年纪录。https://t.co/xK5isKzg1X"
"2021-09-08","1435508252465266690","dw_chinese","RT @dw_chinese: 专家指出，台湾人必须改变对确诊的想法，把焦点摆回重症及死亡个案上，若应到到疫苗政策，则是要让高龄者等高风险族群，完整施打2剂疫苗，降低重症、死亡风险。https://t.co/cmrhJ6kwhi"
"2021-09-06","1434820546693263361","dw_chinese","RT @dw_chinese: 星期天，一只 #黑天鹅 翩然落在天安门广场。“祥瑞？”“凶兆？”众说纷纭。习近平曾要求党政官员预防诸如“黑天鹅”、“灰犀牛”之类的突然爆发的特大政治风险。据北京日报报道，这只黑天鹅后来被野生动物救护中心接走 https://t.co/WoKvOu…"
"2021-09-05","1434436843039182855","bbcchinese","RT @bbcchinese: 胆固醇正常存在于人体血液和器官中，但过高会增加心脏病、中风等风险。英国最新一种价格昂贵的降醇针剂据称可以改变“游戏规则”。https://t.co/zqEOyuS7Bt"
"2021-09-05","1434441318189522945","zaobaosg","RT @zaobaosg: 中国人民银行副行长陈雨露表示，将会继续完善货币政策调控与宏观审慎政策框架，丰富政策工具箱，构建系统性金融风险监测、评估和预警体系，优化外汇市场宏观审慎加微观监管两位一体的框架，加快补齐金融科技监管短板，将所有金融机构、金融业务和金融产品纳入审慎监管框…"
"2021-09-05","1434587207507976192","nanyangpress","RT @nanyangpress: 世界自然保护联盟（IUCN）4日表示，联盟评估的“红色名录”13万8374个物种中，约有28%面临永远灭绝的高风险，科摩多巨蜥和鲨鱼等物种的前景令人担忧。
"2021-09-03","1433693556577734656","ChineseWSJ","RT @ChineseWSJ: 上周，Moderna和武田药品工业在日本召回了三个批次的Moderna疫苗，理由是发现不明污染物。调查结果表面污染物是不锈钢颗粒，这种材料通常用于心脏瓣膜和关节置换。公司称“不会对病人的安全构成不必要的风险”。https://t.co/8KMQE…"
"2021-09-03","1433696365746397187","nanyangpress","RT @nanyangpress: 全球大约30%的树种面临灭绝风险，大马也榜上有名。
"2021-09-02","1433343063556964357","zaobaosg","RT @zaobaosg: 随着冠病在全球肆虐超过一年，越来越多国家及地区近来将抗疫目标由“清零”转向群体免疫、寻求与病毒共存。但香港仍然坚持“清零”策略，继续从严防疫。港府的防疫政策引起不少高风险地区尤其是欧美国家的不满，认为增加了海外企业在港营商的成本。
"2021-08-31","1432583428268904449","ChineseWSJ","RT @ChineseWSJ: Magnachip Semiconductor表示，它收到了来自美国财政部的一封信，信中称美国外国投资委员会发现，中国私募股权公司智路资本有限公司拟收购该公司的交易对美国国家安全构成风险。https://t.co/qxrMk6YnuJ"
"2021-08-28","1431765514343247873","nanyangpress","RT @nanyangpress: 美国结束阿富汗20年的战争全面撤军，令阿富汗政府垮台，塔利班武装分子迅速占攻各大主要城市包括总统府夺权，地缘性风险一触即发，黄金避险情绪持续升温，迎来四连涨。 https://t.co/h2AwotoHFF https://t.co/eWZU…"
"2021-08-23","1429697216285868036","rijingzhongwen","RT @rijingzhongwen: 【英国称英伟达收购ARM存在严重的竞争担忧】英国竞争和市场管理局发布报告，指出收购“存在英伟达的竞争企业的竞争力受损的风险”。还指出有可能阻碍自动驾驶和游戏等多个产业的创新。英国政府将开展进一步调查……https://t.co/CDexL…"
"2021-08-21","1428966379714056194","dw_chinese","RT @dw_chinese: 全球最严格个人信息保护法诞生在中国？德国专家指出：""中国的许多此类法规往往初看很清晰，细看之下就会发现很多模糊的地方。这对外国企业是一个不小的风险：一方面，中国此类涉及到境外的法规越来越多；另一方面，要想准确理解这类法律也变得越来越难。""
"2021-08-20","1428656339882938371","ChineseWSJ","RT @ChineseWSJ: #股闻天下 自今年1月以来，腾讯的市值已缩水4,110亿美元，监管方面的忧虑对该股造成了冲击。赴海外发展或许是保持业务增长的一条可行之路，而且没有那么多的政治风险，对于腾讯的游戏业务尤其如此。
"2021-08-20","1428796260895526916","rijingzhongwen","RT @rijingzhongwen: 【日本感染新冠的孕妇增加】8月17日，一名感染新冠在千叶县家中疗养的孕妇发现出血，但找不到接收的医院，直接在家中生产，婴儿死亡。虽然孕妇感染后重症化风险很高，但仍有很多人对打疫苗态度消极。有孕妇说：“害怕，不敢打”……https://t.…"
"2021-08-19","1428458216023740417","dw_chinese","RT @dw_chinese: 根据规定，来自高风险国家和地区人员在入境香港后必须在酒店隔离 21 天，来自低风险国家和地区的则在酒店隔离 7 天，然后再自我隔离 7 天。 但 54 岁的Nicole Kidman被允许规避这些规则。 
"2021-08-19","1428245640560087042","rijingzhongwen","RT @rijingzhongwen: 【链接——2021年下半年世界经济的3个风险】永井洋一：2020年以来的全球信用扩张迎来转折点，中美两个大国的资金增长踩下急刹车。同时，轴心货币美元也在恢复强势，这对世界经济的稳定是好消息，但也有可能付出代价……
"2021-08-19","1428237761874567172","ChineseWSJ","RT @ChineseWSJ: #股闻天下 药品开发是美国工业中利润最丰厚的领域之一，但可能也是风险最高的领域。Royalty Pharma或许对寻求投资风险适中的公司的投资者有吸引力。可以期待Royalty将在未来数年表现强劲，这并不是异想天开。 https://t.co/b…"
"2021-08-18","1427916488934006785","rijingzhongwen","RT @rijingzhongwen: 【尼克松冲击50年（4）零汇率风险的梦想】汇率从1美元兑360日元开始发生变动，每天都不一样，“每次计算产品价格时，都会意识到事态的严重性”，尼克松冲击之后的50年，也是日本企业与汇率的斗争史……https://t.co/ptSuHYsK…"
"2021-08-18","1427914144452276224","rijingzhongwen","RT @rijingzhongwen: 【资金流入国债和黄金避险】疫情让中美的经济复苏势头笼罩阴影，阿富汗风险产也生影响，原油价格暴跌。一方面，纽约市场的黄金期货上涨，16日涨至1790美元/盎司。资金出现避险趋势，有专家指出“企业信心和消费者信心都在迅速下降”……https:…"
"2021-08-17","1427549062178381824","rijingzhongwen","RT @rijingzhongwen: 【电池金属面临价格高涨风险】随着今后纯电动车的全面普，车载电池所需的“电池金属”存在价格进一步高涨的可能性。据国际能源署估算，到2040年，锂、钴和镍的总需求将分别增至2020年的42倍、21倍和19倍。不过，需求方也正在寻找化解之方………"
"2021-08-12","1425692024527757322","FTChinese","RT @FTChinese: 【美国通胀升温下的冷思考】陈蒋辉：在高通胀压力下，美国或不得不加速退出QE的步伐，资本市场需警惕通胀压力持续时间超预期的潜在风险。https://t.co/UIJw60I5Qf https://t.co/2sdoxzryXU"
"2021-08-12","1425896003454922753","zaobaosg","RT @zaobaosg: 法国总统马克龙表示，法国将为80岁以上老人和免疫系统极其脆弱的高风险人群接种冠病疫苗加强针。https://t.co/4pQapHOVTP"
"2021-08-10","1424961986639458309","dw_chinese","RT @dw_chinese: 随着新冠疫情扩大，加上通膨压力加剧，今年下半年中国经济风险升高。
"2021-08-06","1423575191242764290","FTChinese","RT @FTChinese: 【新冠确诊逾2亿：中国坚持动态清零，全球疫海无边】叶胜舟：西方发达国家提前开放存在感染高风险，亚洲尤其东盟新增病例太多太快，全球疫情仍未见拐点、结束更遥远。https://t.co/aTeu1w09aY https://t.co/1A7yXvzKws"
"2021-08-05","1423185034643591169","rijingzhongwen","RT @rijingzhongwen: 【缺芯风险难料 丰田面临产品短缺隐忧】丰田在美国每月的库存周转率通常为35～40％，但最近提高至80％。强劲的销售可能受到影响，原因是“美国顾客大部分在门店的停车场看车选车，没有库存根本没法谈”……https://t.co/pexlh6e…"
"2021-08-05","1423181883685281795","rijingzhongwen","RT @rijingzhongwen: 【高盛对日本股市乐观，担忧中国股市监管风险】高盛预测日本第四季度增长率将达到超出市场预期的8.4％，贝莱德也持积极态度……https://t.co/dPpOdLL71E https://t.co/Muai1kRGgK"
"2021-08-04","1423009256106717185","ChineseWSJ","RT @ChineseWSJ: #股闻天下 宝马打算在未来几年推出的电动汽车外形上与其传统车型十分相似。投资者有理由担心，在这个新的增长市场上，宝马将没有足够独特的产品与日益专注于该领域的竞争对手抗衡。一种谨慎的风险对冲策略，其本身也伴随着风险。https://t.co/RxW…"
德尔塔会对我们的风险预估产生怎样的改变？科学家认为我们需要了解这六点。https://t.co/09xCtQFP36"
"2021-08-03","1422438474783748097","ChineseWSJ","RT @ChineseWSJ: Facebook要求在其美国办公室工作的所有员工佩戴口罩，无论其是否接种了新冠疫苗。Target则要求员工在高风险的郡佩戴口罩，无论他们是否接种了疫苗。另外，纽约的民选官员强烈建议民众在公共室内环境中戴上口罩，但不强制要求。https://t.c…"
"2021-08-02","1422277061259919361","ChineseWSJ","RT @ChineseWSJ: 对溢出到金融服务领域的科技巨头实施更严格监管的呼声越来越高：国际清算银行发表的一份文件称，在支付和其他领域发挥关键作用的科技公司应接受更严格的监管审视，考虑传统市场风险以外的问题。
"2021-07-31","1421614456883191815","dw_chinese","RT @dw_chinese: 新规范要求中国企业赴美IPO前必须披露其财务业绩面临的潜在风险，包括明确告知投资者所购买的是空壳公司股份，以及中国政府可能撤销其上市批准https://t.co/TIYoSw1Cnc"
"2021-07-30","1420995296599756801","rijingzhongwen","RT @rijingzhongwen: 【软银集团积极关注以色列科技类公司】愿景基金7月雇用了以色列摩萨德前局长尤西·科恩出任顾问。这是愿景基金在以色列展开积极投资的体现，还对其丰富的网络安全领域经验充满期待。意在分散作为主要投资对象的中国企业股价下跌等的风险……https:/…"
"2021-07-28","1420289086242234376","ChineseWSJ","RT @ChineseWSJ: 知情人士说，瑞士信贷可能最早于周四公布有关家族办公室Archegos Capital Management爆仓何以带来巨亏的调查报告。报告重点将关注该行风险管理部门的问题、人为的判断失误以及集中的头寸中被忽视的风险。
"2021-07-21","1417722754502062087","FTChinese","RT @FTChinese: #付费精选 【疫情后复苏仍面临危险】英国的穷人阶层将面临通胀风险、公共救济削减和裁员的可能，他们的危机也可能波及富裕阶层。https://t.co/WH47nxgNdM https://t.co/LdbKcdc391"
"2021-07-18","1416863321630851072","zaobaosg","RT @zaobaosg: 未接种冠病疫苗的年长者，应尽量留在家中。减少活动与社交接触，可降低染疫和患上严重疾病的风险。
"2021-07-16","1415824020549902361","ChineseWSJ","RT @ChineseWSJ: 全球性的芯片短缺成了无良企业发财的良机。需要芯片的企业正在承担它们以前从未考虑过的供应链风险，到头来却发现他们买的产品无法使用。“芯片荒”是一场质量控制危机，源自全球不惜一切代价抢购供应稀缺的半导体的现状。https://t.co/7UA5QiH…"
"2021-07-14","1415189233665445888","ChineseWSJ","RT @ChineseWSJ: 据知情人士透露，强生公司、阿斯利康和牛津大学与外部科学家正在进行研究，以确定对其新冠疫苗的潜在修改是否能减少或消除与注射相关的罕见但严重的血栓风险。这项研究尚处于早期阶段。https://t.co/FruqNJMBiR"
"2021-07-13","1414763836826075138","bbcchinese","RT @bbcchinese: 日本东京今日（7月12日）进入第4次紧急状态，并至8月22日结束。为了减少疫情扩大的风险，政府决定放弃让观众入场观赛的安排，日本的民众怎么看？来听听街头访问。 https://t.co/gn7oGcvUab"
"2021-07-13","1415090707786764316","ChineseWSJ","RT @ChineseWSJ: 欧洲隐私监管机构正在加强对导致个人信息暴露的网络安全漏洞采取行动，凸显出与公司数据保护相关的法律和财务风险。专家表示，最近的网络攻击事件彰显出黑客攻击可能带来的严重后果，但高管们对于监管机构加码审查的风险往往没有给予足够重视。https://t.…"
"2021-07-13","1414817464039395330","zaobaosg","RT @zaobaosg: 人力部自5月初暂停受理来自疫情风险较高国家和地区工作证件持有者的入境申请，本地女佣短缺现象更见严重。一些雇主为留住女佣抬高薪金，一些女佣中介则出招挖人。
"2021-07-11","1414280758110294017","nanyangpress","RT @nanyangpress: 每天饮用适量咖啡可减低感染冠病？根据美国西北大学（Northwestern University）一项研究证实每天喝咖啡者，有效减低10%感染风险。
"2021-07-05","1411920942784073733","FTChinese","RT @FTChinese: 【Lex专栏：Robinhood商业模式面临监管风险】这一热门股票交易应用希望借IPO获得超过400亿美元的估值，但其大部分收入来自订单流付费，而监管机构正考虑修改这方面的规定。https://t.co/wOVvUKhOXk https://t.c…"
"2021-07-05","1412147699067998219","nanyangpress","RT @nanyangpress: 为了降低航空领域员工的感染风险，机场冠病疫苗接种中心正式投入运作。
"2021-07-01","1410499274748485635","rijingzhongwen","RT @rijingzhongwen: 【味之素要用食品业务数据检测癌症等疾病】味之素此前一直在味道及营养等食品领域利用数据，今后将应用于保健领域。通过大数据分析血液所含的20种氨基酸的浓度变化等，把癌症及认知功能下降的风险进行分级……https://t.co/t5sKmUwd…"
"2021-06-30","1410093071744724994","rijingzhongwen","RT @rijingzhongwen: 【2021年下半年世界经济的3个风险】永井洋一：2020年以来的全球信用扩张迎来转折点，中美两个大国的资金增长踩下急刹车。同时，轴心货币美元也在恢复强势，这对世界经济的稳定是好消息，但也有可能付出代价……https://t.co/kkGv…"
"2021-06-26","1408850541250109442","dw_chinese","RT @dw_chinese: 据《纽约时报》报道，一位顾问工程师早在2018年10月就写出关于该公寓的问题报告。这份报告没有指出公寓有坍塌的风险，但指出哪些地方需要维修，以确保整栋建筑物的结构完整 
"2021-06-26","1408666056806354948","dw_chinese","RT @dw_chinese: 尽管当局制定了严厉的防疫措施，但却无法平息一些日本人的反对呼声。东京医学会会长尾崎春夫周二表示，🇯🇵日本政府、国际奥委会和日本国家奥组委不顾全球疫情带来的风险，仍坚持举行奥运会，“实在令人无法理解。” https://t.co/ojCDKewaIs"
"2021-06-25","1408305642255704070","rijingzhongwen","RT @rijingzhongwen: 【日本登月（5）月球旅行买什么保险？】如果人类能在月球停留，月球生活的时代将会开始。但探月车发生事故了怎么办？月球基地着火了如何处理？面对各种风险，保险能够覆盖到什么程度呢？https://t.co/NQvfVXvCGo https://…"
"2021-06-24","1407964101200863233","rijingzhongwen","RT @rijingzhongwen: 【全球实现“净零排放”会增加中东风险？】国际能源署提出了在2050年前实现全球温室气体净零排放的路线图。但净零排放并不意味着将化石燃料的使用量降为零，由于石油产区将不断向生产成本低的地区集中，全球对中东的依赖程度将增加。这将带来两大风险……"
"2021-06-16","1405065008313094145","dw_chinese","RT @dw_chinese: 15日有28架次中共军机进入台湾西南空域，创下有纪录以来最多。有台湾专家分析，这是共军回应多国南海军演以及对近来美国对外各峰会提及台海的反应。美国国防部发言人则说中国""正在破坏稳定且增加误判风险""，美国会""确保台湾有足够自我防卫能力""。你有什么看…"
"2021-06-13","1404125999868960769","dw_chinese","RT @dw_chinese: 新冠疫情在印度酿成大量人间悲剧。很多孩子因为父母亡故成为孤儿。尤其是在较贫困家庭中，孤儿们为了生存被迫工作的风险更高。
"2021-06-12","1403813282129977344","dw_chinese","RT @dw_chinese: 实施一年多后，德国联邦政府决定，从7月1日其解除对新冠风险地区旅行警告，涉及全球近100个国家https://t.co/rz1IvKHdpB"
"2021-06-12","1403589491294564353","dw_chinese","RT @dw_chinese: 德国罗伯特·科赫研究所建议，患有几类疾病的12岁以上青少年可接种Biontech新冠疫苗（包括严重肥胖症、免疫缺陷病、糖尿病、唐氏综合症、肿瘤疾病以及心、肺、肾疾）。 对于无病史的，目前不推荐，但若经医生解释，且个人愿意并接受风险，也可考虑。
"2021-06-12","1403589013294911490","zaobaosg","RT @zaobaosg: 台湾疫情紧张，疑似个案涌入各大医院，截至昨天（11日）已有23家医疗院所发生医疗人员确诊案例，提升院内染疫风险。https://t.co/HulkcICHeB https://t.co/nPsqYFnnod"
"2021-06-11","1403204398558310402","FTChinese","RT @FTChinese: 【广州疫情防控未完全跑在病毒前面】叶胜舟：从本周疫情防控指挥部划中风险地区逆向解析，可以判断，广州疫情防控尽管很努力，但仍未完全跑在病毒前面。https://t.co/SWrJ4xQJn5 https://t.co/UueNlayq0r"
"2021-06-10","1402902100447698947","nanyangpress","RT @nanyangpress: 新加坡将逐步重返高警戒解封第三阶段。下周一（14日）起，社交聚会和登门访客人数将从最多两人增至五人。若疫情局势持续受控，本月21日起也将恢复更多风险较高的活动，包括堂食。https://t.co/tgiYM0q2DV https://t.co…"
"2021-06-10","1402901873430958083","zaobaosg","RT @zaobaosg: 台产疫苗高端将在今天傍晚公布二期解盲结果。中央流行疫情指挥中心指挥官、卫生福利部长陈时中，昨天在立法院会答覆在野国民党立委蒋万安质询时坦承，民众若施打台产疫苗，有不被国际认证的风险。
"2021-06-10","1403066578493579266","ChineseWSJ","RT @ChineseWSJ: #股闻天下 在应对气候风险方面，美国两大超级石油巨头埃克森美孚和雪佛龙公司不能再拖延时间了。但其他生产商要抢占它们的市场份额并不容易。那些为逃避这种压力而过快转向小型油气生产商的投资者最终可能会得到一个烫手的山芋。https://t.co/ghz…"
"2021-06-10","1403066434427645953","zaobaosg","RT @zaobaosg: 新加坡将逐步重返高警戒解封第三阶段。下周一（6月14日）起，社交聚会和登门访客人数将从最多两人增至五人。若疫情局势持续受控，本月21日起也将恢复更多风险较高的活动，包括堂食。
"2021-06-09","1402479772605698049","FTChinese","RT @FTChinese: 【大宗商品上涨的蝴蝶效应】罗志恒、方堃：大宗商品价格过快上涨，或产生三大风险：宏观经济滞胀、微观企业破产倒闭和居民终端消费品上涨导致的购买力下降。https://t.co/O8c43vmcKh https://t.co/tZr3Izo3ka"
"2021-06-09","1402660299958677506","ChineseWSJ","RT @ChineseWSJ: #市场分析 期权交易已迅速融入了今年的模因股热潮。一些散户投资者表示，他们被期权交易带来的刺激所吸引，乐于为获得巨额回报承担更高风险。投资者大幅购买AMC等公司的看涨期权，害怕错过涨势。专家还说，“波动性和股票之间的这些传统关系在模因股中被颠覆了…"
"2021-06-03","1400558105377730560","rijingzhongwen","RT @rijingzhongwen: 【链接——全球过度依赖台积电的风险在加强】台积电提出巨额投资计划，可以认为是技术开发上有了眉目。为何台积电在技术上领先世界呢？与竞争对手三星相比，更容易理解，在技术以外存在决定性的结构性原因。世界将不得不进一步加强对台积电的依存……
"2021-06-02","1399960411718307842","rijingzhongwen","RT @rijingzhongwen: 【链接——日本电子零部件厂商推进分散生产】对制造业而言，集中生产有助于提高效率、降低费用。但越来越多日本厂商宁可成本增加，也要把一种产品放到多个基地生产。其背后是不断提高的供应链混乱风险……https://t.co/dfSJzWmVEq"
"2021-06-01","1399616955313573888","ChineseWSJ","RT @ChineseWSJ: #投资宝鉴 加密货币和GameStop等模因股的投机者都在自夸赚了十倍甚至百倍的利润。笔者和投资者分享如何在单笔交易中赚到超过170倍的利润。购入通胀保值型美国储蓄债券（即I系债券），年化收益率为3.54%。购买I系债券几乎没有风险，而且在税负方…"
"2021-06-01","1399616427972206595","rijingzhongwen","RT @rijingzhongwen: 【NEC用AI诊断食道癌，准确度超9成】NEC将推出利用AI发现食道癌前兆的医疗系统，据该公司表示是全球首次实现AI检测“巴雷特食管”肿瘤技术的实用化。巴雷特食管是食道与胃边界附近产生的粘膜组织的变化，被认为是食道癌发病风险升高的特征………"
"2021-06-01","1399615227172319234","zaobaosg","RT @zaobaosg: 马来西亚卫生部长阿汉峇峇说，任何因疏忽而让18岁以下的孩子曝露在冠病风险下的父母会遭到对付。
"2021-05-31","1399216748151279619","rijingzhongwen","RT @rijingzhongwen: 【全球10大半导体企业合计净利润增3成】统计总市值排在前10的半导体企业业绩后得出，1~3月合计净利润连续5季度增长。其中，台积电显著增长，净利润占10家整体的比率上升至约21％。不过，半导体行业也面临着投资负担加重的风险……https:…"
"2021-05-27","1397849492934709249","zaobaosg","RT @zaobaosg: 多种冠病变种毒株已传开，特征是更具传播力，造成更严重疾病的风险。面对感染变种病毒数字激增，变异毒株研究须加速，以及协助出现变种病毒的国家加快疫苗接种计划，缩小发展中国家和富国之间在获取疫苗方面的差距。国际须合作抗疫，才能让民众回归正常生活，解救更多性…"
"2021-05-27","1397834502500540416","FTChinese","RT @FTChinese: 【比特币：数字资产交易的银行头寸问题】周子衡：在人民币头寸退出后，比特币等加密资产交易价格走势的看多看空，一是看监管风险，二是看市场反应。关键是美元头寸的常备量。https://t.co/QtRAipSqJY https://t.co/45u2on…"
"2021-05-27","1397831756993073152","ChineseWSJ","RT @ChineseWSJ: #股闻天下 中国政府打压加密货币行业有其自身理由：金融过剩可能演变为广泛社会问题，需要对这一风险加以限制；“挖矿”的能源密集程度越来越不符合中国政府的环境目标；公民可能用来将资金轻松转移出中国的任何渠道都将面临被关闭的永久威胁。
"2021-05-25","1397080545595592704","ChineseWSJ","RT @ChineseWSJ: 鉴于新冠疫情带来的风险，美国国务院周一警告美国人不要前往日本旅行，在东京奥运会开幕前两个月把对日本的旅行建议提高到最高水平。
"2021-05-24","1396979252424101890","zaobaosg","RT @zaobaosg: 美国政府敦促公民不要前往日本旅行，原因是现在距离东京奥运会只有两个月时间，而日本的冠病疫情风险依然持续上升。
"2021-05-22","1395994127083311108","ChineseWSJ","RT @ChineseWSJ: 在周四获得些许喘息机会之后，加密货币周五再度转为下跌。截止美东时间周五下午5点，比特币下跌12%，至35,263美元，以太币下跌19%，至2,248.80美元。此前中国国务院副总理刘鹤主持召开会议，誓言要打击比特币挖矿和交易行为，作为防范金融风险…"
"2021-05-22","1395992497877262345","zaobaosg","RT @zaobaosg: 中国打击比特币挖矿和交易行为，加大力度阻止投机和金融风险，比特币昨天午后扩大跌势，下跌逾11%。https://t.co/wZirgxdjnF"
"2021-05-22","1395998714720776192","ChineseWSJ","RT @ChineseWSJ: 美联储周四表示，计划就发行美国数字货币的潜在好处和风险发表一份讨论文件。目前世界各地的央行都在试验这种潜在的新货币形式。
"2021-05-19","1394938263773741059","rijingzhongwen","RT @rijingzhongwen: 【链接——全球半导体供给8成依赖亚洲】最近20年里，世界半导体出口量中，亚洲的比例从5成增长到8成，日美欧降到不足2成。在半导体代工领域，台湾、韩国、中国大陆占据8成份额。面对供应风险，主要国家开始让半导体生产回归，但副作用也难以避免………"
"2021-05-18","1394549280715644929","rijingzhongwen","RT @rijingzhongwen: 【研究发现日本人新冠易于重症化的遗传特征】日本庆应义塾大学等的研究团队收集了日本国内3400余名新冠感染者的血液等，分析了遗传信息。发现如果涉及免疫的基因“DOCK2”的周边发生特定变化，重症化风险将随之提高。除了调查日本人之外，还针全球…"
"2021-05-16","1393761253315645442","zaobaosg","RT @zaobaosg: 从即日起到下个月13日，德士和私召车不能载超过两名乘客，除非他们是同户住户，以降低不同住户乘搭公共交通时导致的交叉感染风险。https://t.co/roXib3Yh6c"
“最大的风险来自它本身的成功，”他说，“没有哪个政府会想要一种替代货币。” https://t.co/c8JtnM…"
"2021-05-12","1392352795269820417","FTChinese","RT @FTChinese: 【视频：为什么ESG类ETF基金正逐步兴起？】专注于ESG类的ETF基金正在抢占市场份额。但投资者为何转向此类基金?又会有什么风险？https://t.co/cWgiNHJ3dV https://t.co/X3c3dGpdHg"
"2021-05-10","1391646392301461504","ChineseWSJ","RT @ChineseWSJ: #股闻天下 加密货币和它们所创造的纸面财富，现在对金融市场或经济来说可能并不构成太大的风险。但这并不意味着它们以后不会。https://t.co/40ig4ewtpR"
"2021-05-09","1391445657097949185","zaobaosg","RT @zaobaosg: 樟宜机场出现新的冠病感染群，确诊的八名病患都在第一或第三搭客大厦工作。为降低病毒在社区广泛传播的潜在风险，卫生部将为那些在5月3日曾到过樟宜机场第三搭客大厦的公众，提供免费冠病检测。
"2021-05-08","1390917414573862920","rijingzhongwen","RT @rijingzhongwen: 【日本半导体用硅产量2021年将增长5％】目前全球半导体短缺，硅晶圆的短缺风险加强。日本半导体用硅的产量将连续2年增加……https://t.co/ksaoys74mU https://t.co/MFNjGV24WG"
"2021-05-08","1390921215750000643","ChineseWSJ","RT @ChineseWSJ: 贝莱德在投票中支持两项股东提案，要求巴菲特麾下的伯克希尔哈撒韦公布众多业务中气候风险管理和多元化举措的信息披露情况。
"2021-05-07","1390554006884286466","ChineseWSJ","RT @ChineseWSJ: 美联储在其半年度的《金融稳定报告》中表示：“如果风险偏好从较高水平下降，一系列资产价格可能容易出现骤然大跌，这可能给金融体系带来更广泛的压力。”
"2021-05-05","1389990548539273218","ChineseWSJ","RT @ChineseWSJ: #股闻天下 眼下美国股市估值已经很高，一旦出现美联储将偏离现有政策的暗示，很明显无论来自任何消息来源，任何上下文背景，都将继续被视为引发股市动荡的最大风险。
"2021-05-05","1389993172827136001","ChineseWSJ","RT @ChineseWSJ: #股闻天下 法拉利的股价下挫凸显出，一只股票的预期市盈率超过40倍时风险会有多大。如果投资者被疫情后的一些相对轻微的齿轮磨损而吓到，那么他们可能还没有为法拉利进入电动时代做好适当准备——对于一个建立在发动机噪音基础上的品牌来说，进入电动时代的风险…"
"2021-05-03","1389127151941611525","bbcchinese","RT @bbcchinese: 尽管各国政府呼吁接种疫苗保护自己、家人和朋友，但新冠疫苗本身的潜在风险还需个体衡量。而第二针的缺席，也会影响全球群体免疫的进度。
"2021-05-02","1388745861618831365","zaobaosg","RT @zaobaosg: 为了降低冠病病毒进一步传播的风险，抗疫跨部门工作小组吁请公众接下来一段时间减少所参加的社交活动，无论是登门拜访或者在公共场合与亲朋好友聚会，每天都不应该超过两场。https://t.co/0qqq1fwfnL"
"2021-05-02","1388745457040429058","ChineseWSJ","RT @ChineseWSJ: #快讯 消息人士称，中国监管部门要求大型科技公司将支付服务与其他服务脱钩；监管机构就资金流动不明确和造成金融风险发出警告；消息人士还称，蚂蚁集团正讨论将部分金融服务转移到另一应用蚂蚁财富。详细报道稍后请见：https://t.co/Xbm7U8u…"
"2021-05-02","1388752097798021122","FTChinese","RT @FTChinese: #付费精选 【Lex专栏：Archegos爆仓突显越线危险】瑞银主经纪商业务与摩根士丹利不在同一级别，Archegos相关亏损却相去不远，突显业务越线操作风险。https://t.co/XoA5MaMkhB https://t.co/q3Qt3v4…"
"2021-05-02","1388757139611652100","rijingzhongwen","RT @rijingzhongwen: 【链接——5G电子零部件：日企小型化技术领先】5G要求手机具备先进性能。在手机用的锂电池领域，TDK很强；在CMOS图像传感器领域，索尼全球居首；在多层陶瓷电容器领域，村田制作所拥有优势。虽然日本企业有技术优势，但风险也越来越大……htt…"
"2021-04-27","1386944854274371585","FTChinese","RT @FTChinese: 【自动驾驶是车险行业的噩梦】李瀚明：随着保险公司重新评估自动驾驶汽车的风险因素，现在普通的汽车保险公司接纳自动驾驶的脚步只会越来越慢。https://t.co/XoTiF9naHq https://t.co/jooMfpjdrF"
"2021-04-22","1385077834897498114","rijingzhongwen","RT @rijingzhongwen: 【软银集团净利润创日本企业新高】软银集团2020财年净利润达到4.5万亿日元左右，超越丰田在2017财年创出的2.4939万亿日元。软银集团的投资基金业务正在迎来收获期，多个投资对象上市，大幅推高收益。一方面，阿里巴巴和ARM成为风险因素…"
"2021-04-21","1384764498783862784","rijingzhongwen","RT @rijingzhongwen: 【从印度禁新冠药出口看国际分工】印度的企业代工生产新冠治疗药“瑞德西韦”，但日前印度政府宣布禁止该药出口。不仅限于医药品，全球供应链集中特定国家和地区的情况作为新风险浮出水面。包括半导体在内，“水平分工模式”似乎走到极限……https:/…"
"2021-04-21","1384761681805414400","ChineseWSJ","RT @ChineseWSJ: 欧洲卫生部门称，强生新冠疫苗应在产品信息中添加一项警示，将罕见血栓列为非常罕见的潜在副作用，但表示接种该疫苗的好处大于这些潜在风险。https://t.co/pN53OxWUt4"
"2021-04-21","1384767042000068612","ChineseWSJ","RT @ChineseWSJ: Archegos爆仓事件余震：瑞信大宗经纪业务联席两名高管将离职。该行本月已解雇了首席风险官和投行业务负责人。其他几名从事股票和风险管理工作的员工也已经离职。https://t.co/I5R5u87zf9"
"2021-04-16","1382918996735905795","ChineseWSJ","RT @ChineseWSJ: 牛津大学的一项研究发现，新冠患者出现罕见但有时是致命的血栓的风险，大约是辉瑞、Moderna或阿斯利康新冠疫苗接种者的8至10倍。
"2021-04-16","1382917792123396099","rijingzhongwen","RT @rijingzhongwen: 【全球过度依赖台积电的风险在加强】台积电提出巨额投资计划，可以认为是技术开发上有了眉目。为何台积电在技术上领先世界呢？与竞争对手三星相比，更容易理解，在技术以外存在决定性的结构性原因。世界将不得不进一步加强对台积电的依存……https:/…"
"2021-04-15","1382570307702038530","ChineseWSJ","RT @ChineseWSJ: 美国疫苗接种咨询委员会周三表示，目前还没有足够的信息说明强生疫苗不寻常的副作用的风险，无法确定疫苗是应该继续接种、停止接种，还是只推荐给特定人群接种。
"2021-04-15","1382758997141311488","FTChinese","RT @FTChinese: 【华丽转身的欧洲股市，能否持续领先？】夏春、成亚曼：欧股回暖行情仍未走到尽头。投资者既需看到未来两个季度欧股的相对吸引力，也要认识到欧洲经济和市场受到长期增长掣肘的风险。https://t.co/ajbzNwax4D https://t.co/xw…"
"2021-04-14","1382199758136102919","ChineseWSJ","RT @ChineseWSJ: 中国央行表示，蚂蚁集团需要收缩余额宝的规模、降低风险。央行称，该公司还需要断开其小额贷款和支付服务之间的 “不当连接”，并遏制在消费者数据方面的垄断行为。
"2021-04-14","1382200145924681733","rijingzhongwen","RT @rijingzhongwen: 【台湾芯片代工厂停产1年全球损失4900亿美元】拜登表示“美国将再次主导世界”，对于扩大国内生产显示出积极态度，其背后是持续提高的依赖台湾的风险。但如果各国都开始构建自给自足的供应链，其成本和风险带来的打击有可能超过目前的短缺状况，出现反…"
"2021-04-13","1381843402006831113","FTChinese","RT @FTChinese: 【该不该买SPAC借壳上市的新股？】伍治坚：投资者应理解SPAC投资所蕴含的成本和风险，这些成本并不像超市的商品明码标价，很多都是隐含成本，需要金融和统计知识才能真正理解。https://t.co/zOG4KaVS8N https://t.co/d…"
"2021-04-13","1381840831355609088","bbcchinese","RT @bbcchinese: “我当时在一团火当中冲向地球……”尤里·加加林（Yuri Gagarin）曾这样回忆道。60年前，人类的首次太空飞行任务，究竟冒了什么不为人知的风险？
科学家普遍认为，中等剂量的氚暴露对人体健康几乎没有风险。然而，福岛核电站污水排入大海的前景已在日本国内和其他国家引发关切。
"2021-04-12","1381494779993751554","FTChinese","RT @FTChinese: #付费精选 【各大公司正努力降低供应链地缘政治风险】三星的经历既展现出它在供应链方面的谨慎管理，也显示出它被夹在两个相互竞争的超级大国之间所面临的危险。https://t.co/rLtt2C072X https://t.co/Cg8ITZhSrz"
"2021-04-08","1380048434716057600","zaobaosg","RT @zaobaosg: 最新研究发现，微量的抗癌药物托普迪肯在动物实验中可抑制冠状病毒引起的肺部炎症，降低重症与死亡风险。
欧洲药品管理局（European Medicines Agency）周三（4月7）称，该机构无法列出具体，例如年龄或性别相关的风险因素，但已发现血栓病例大多为60岁…"
"2021-04-04","1378593560669265921","dw_chinese","RT @dw_chinese: 施泰因迈尔说，疫情对德国来说是一面镜子，可以看到 “想按部就班地做一切事情的倾向，对风险的恐惧，相互推卸责任的问题。”https://t.co/RIQZM3YiBn"
"2021-04-04","1378591989415862273","ChineseWSJ","RT @ChineseWSJ: #本周热读 磷酸铁锂电池的起火风险低，制造成本也较低，但续航里程普遍较短，而且在寒冷天气中往往性能低下，这成了该电池未被欧美市场广泛采用的原因。
不过，随之而来的是业界不断有声音呼吁，芯片具有重要的战略价值，过于依赖一地的产能，风险极大。
"2021-04-03","1378233211818414081","FTChinese","RT @FTChinese: #付费精选 【Archegos爆仓暴露银行总收益互换业务潜在风险】总收益互换业务是华尔街银行不断增长的收入来源，但透明度的缺乏使之潜藏着巨大风险。https://t.co/qpmb0PK8SK https://t.co/cUnDvGeTav"
"2021-04-02","1377850128225116161","rijingzhongwen","RT @rijingzhongwen: 【美国半导体厂商有意收购日本铠侠】美国西部数据2020年1月提出收购铠侠，美光科技也非正式提出收购意向，据称铠侠表示拒绝。中国高科技产业崛起，美国开始强化自身供应链。中美对立的风险开始波及日本半导体产业……https://t.co/LWQ…"
"2021-03-31","1377128521609269252","rijingzhongwen","RT @rijingzhongwen: 【苏伊士运河货轮搁浅显现全球物流风险】志田富雄：此次搁浅的集装箱船的船东日本正荣汽船曾表示，“（达到17万吨的）重量吨位为恢复通航工作带来了困难”。那么，为何如此巨大的船舶会在运河上通行呢？也许有人会产生这样的疑问。其背景是海上运输发生变…"
"2021-03-31","1377294962539175939","bbcchinese","RT @bbcchinese: 科学研究发现，长时间太空飞行和超长时间的耐力游泳能让""心脏缩小""，其背后的原因和潜在风险是什么。https://t.co/755qGMZODO"
"2021-03-30","1376782264877518849","zaobaosg","RT @zaobaosg: 根据美国周一（29日）发布的真实世界研究数据，接种第一剂辉瑞-BioNTech冠病疫苗或莫德纳冠病疫苗两周或更长时间，其对降低感染冠病的风险高达80%。https://t.co/uXnq6aAD8S"
"2021-03-26","1375330844705886213","ChineseWSJ","RT @ChineseWSJ: 富达投资是首批将加密货币作为一个资产类别的大型金融公司之一，其首席执行官约翰逊长期以来一直看好这个市场的潜力。鉴于华尔街出于相关风险、监管和稳定性的担忧对加密货币市场存在抵触心理，这家资产管理机构的支持是一个重要的里程碑事件。
"2021-03-26","1375325616786993155","zaobaosg","RT @zaobaosg: 许多心力衰竭患者体内都缺乏铁质，导致他们反复入院的概率增高。一项跨国研究发现，体内缺铁的急性心衰患者通过静脉输铁，能显著降低他们因心衰问题再次入院和病逝的风险。
"2021-03-25","1374949183447130119","rijingzhongwen","RT @rijingzhongwen: 【苏伊士运河堵塞给全球供应链造成新风险】台湾长荣集团旗下货轮在苏伊士运河搁浅，造成运河堵塞。如果迟迟无法恢复，船方将不得不考虑是继续等待还是绕道好望角。该运河的通航量在2020年达到近1.9万艘，日均超过50艘……https://t.co…"
"2021-03-21","1373506459279843333","zaobaosg","RT @zaobaosg: 东京奥运主办方周六（20日）宣布，鉴于冠病疫情传播风险依然存在，决定禁止海外观众入境日本观看赛事。
"2021-03-20","1373186797463769090","dw_chinese","RT @dw_chinese: 先是批准接种，然后因副作用风险而暂停，现在又重启，阿斯利康疫苗在德法等国的命运可谓一波三折。如果给你选择，你会愿意接种这款疫苗吗？
"2021-03-19","1372848975607296000","bbcchinese","RT @bbcchinese: 此前13个欧盟国家因担心该疫苗与血栓问题有关而按下暂停键，欧洲药品管理局（EMA）因此对其进行调查。结果显示该疫苗与血栓风险“没有关联”。
"2021-03-18","1372449838348918788","rijingzhongwen","RT @rijingzhongwen: 【半导体供应链风险波及手机电脑等广泛领域】“半导体零部件的供求失衡非常严重”，三星高管称。受三星在美国半导体代工工厂停工的影响，4～6月世界智能手机产量或减少5％。个人电脑也是受到影响的行业之一，华硕电脑表示，个人电脑用半导体和液晶面板相…"
"2021-03-17","1372103986749186054","dw_chinese","RT @dw_chinese: 在全球多国因安全疑虑暂停施打阿斯利康的新冠疫苗后，欧洲的监管部门16日出面表示，他们相信施打阿斯利康疫苗的利益仍大于风险，并强调他们认为疫苗与血栓症状有直接关系的可能性不高。https://t.co/wWkrSZzSFy"
"2021-03-17","1372103153319956482","FTChinese","RT @FTChinese: 【“小米赢诉”是美国政府对中企释放友好信号吗？】王英良：如果需要，拜登依然可以学习特朗普的强悍。对中国企业来讲，“达摩克利斯剑”始终高悬，政治风险始终没有完全解除。https://t.co/rrmGzh7e8o https://t.co/9leXE…"
- 欧洲当局称阿斯利康新冠疫苗好处大于风险。
"2021-03-17","1372109219441250304","ChineseWSJ","RT @ChineseWSJ: 欧洲药品管理局(EMA)执行董事在周二的简报里称，该机构目前未看到任何迹象表明该款疫苗导致欧洲各地出现的几起血栓病例。EMA目前正在审查这些病例，以判断他们是否代表了更广泛的风险。https://t.co/oR8kWJz4Fx"
"2021-03-15","1371339791564873734","dw_chinese","RT @dw_chinese: 阿斯利康公司表示，其疫苗的施打与血栓风险增加无直接相关，但荷兰丶爱尔兰丶丹麦丶挪威等国基於对副作用的担忧，纷纷暂停推广此疫苗。
"2021-03-15","1371335540604170240","FTChinese","RT @FTChinese: #付费精选 【桥水高管：高风险资产可能陷入麻烦】世界最大对冲基金的联席首席投资官警告，美国国债近期遭遇的抛售可能加速，进而危及特殊目的收购公司和加密货币等热门资产。https://t.co/95mB1RxR4a https://t.co/9zRKw…"
"2021-03-15","1371343161369391104","bbcchinese","RT @bbcchinese: 减肥可能从未像现在这样是迫在眉睫的重任。因为有证据显示，肥胖可以增加新冠感染和重症的风险。https://t.co/piNuAOQnrf"
"2021-03-15","1371343017756430344","zaobaosg","RT @zaobaosg: 阿斯利康制药公司对接种其冠病疫苗人群的安全数据进行了审查，并没有发现引发血栓风险增加的证据。 https://t.co/IPFjnvjx7K"
"2021-03-12","1370239676586491907","FTChinese","RT @FTChinese: 【美元债券还有投资价值吗？】伍治坚：我们需要注意国债本身的投资风险，并通过多元分散的方法，适当找一些美国国债的替代资产，以降低投资组合的风险。https://t.co/Wm1wgIMTS0 https://t.co/pZOgb8Wzh8"
"2021-03-10","1369743274131353601","FTChinese","RT @FTChinese: #付费精选 【商界领袖应该投资比特币】莫约：虽然比特币作为流通手段和价值尺度的效果不佳，但它是不错的储值工具，持有它可以降低企业的风险。https://t.co/ivnezQFJ6M https://t.co/SnMVWm8pGV"
"2021-03-09","1369115502694428673","rijingzhongwen","RT @rijingzhongwen: 【日本大企业纷纷减资变“中小”】近年来，日本大企业通过减少注册资金来缩小规模的动向受到关注。2020年仅上市企业就有16家日企减资至1亿日元以下。原因在于税制上会被看作中小企业，法人税税率较低。在疫情下，减资可谓是无奈之举，不过也伴随风险…"
"2021-03-07","1368435774744457218","zaobaosg","RT @zaobaosg: 疫情下居家办公与学习意味着职业妇女须更劳心劳力兼顾家庭与工作，而女性从事的领域让她们更容易面对事业与收入变动的压力，财务风险上升。《理财锦囊》采访三位女性理财专家，了解女性可如何在冠病世界中掌握理财先机，驾驭投资风险。
"2021-03-04","1367309043425898496","rijingzhongwen","RT @rijingzhongwen: 【太瘦的年轻女性患糖尿病风险更高？】日本顺天堂大学的研究团队以18~29岁的女性为对象，对偏瘦的98人与标准体重的56人进行了比较。结果发现，偏瘦的女性在摄取糖分的2小时后血糖值仍维持高位的人的比例达到标准体重女性的约7倍……https:…"
"2021-03-04","1367395477637853187","rijingzhongwen","RT @rijingzhongwen: 【5G电子零部件：日企小型化技术领先】5G要求手机具备先进性能。在手机用的锂电池领域，TDK很强；在CMOS图像传感器领域，索尼全球居首；在多层陶瓷电容器领域，村田制作所拥有优势。虽然日本企业有技术优势，但风险也越来越大……https:/…"
"2021-03-03","1366948012317024263","rijingzhongwen","RT @rijingzhongwen: 【日本酒企将用“克数”标注酒精含量】目前日本酒类产品包装上标注的是度数，表示酒精在总容量中所占的比例，不利于消费者直观了解摄入量。日本厚生劳动省的数据显示，男性每天酒精摄入量达到40克会导致生活习惯病风险提高，女性为20克…… https…"
"2021-03-03","1367042300568772609","rijingzhongwen","RT @rijingzhongwen: 【丰田“RAV4”在美国被指存在起火风险】美国高速公路交通安全管理局已启动调查，据悉已收到11起关于电池附近的发热和起火等报告……https://t.co/IFJ6qh6k7T https://t.co/J40iKFMieW"
"2021-03-03","1366980387885305861","ChineseWSJ","RT @ChineseWSJ: 美国股市周二震荡收低，投资者在债市和股市持续大幅波动之际再次撤离高风险资产。
"2021-03-03","1367192689112879104","dw_chinese","RT @dw_chinese: 尽管中国比大多数其它国家更早、更有效地控制住了新冠疫情，经济得以迅速恢复，但短期内的发展前景依然有诸多未知数。疫情全球大流行的后果以及中美贸易争端的进展都是蕴藏风险的不确定因素。因此不少专家预测，中国可能再次不设定具体的GDP增长目标。
"2021-03-03","1367057427414216706","ChineseWSJ","RT @ChineseWSJ: Alphabet旗下的谷歌云业务已经与安联和慕尼黑再保险展开合作，将把有关客户网络风险的数据与保单相整合。希望获得网络安全保险的公司可以要求两家保险商直接从他们的谷歌云环境中获取有关数据，后者将利用这些信息来判断受保公司网络措施的安全程度，并针对…"
期权（Options）在GameStop战役中发挥了什么作用？这种投资产品如何操作，有什么风险？https://t.co/WIMPURCmvK"
"2021-02-26","1365224432856309767","FTChinese","RT @FTChinese: 【美国企业购买比特币的真正动机】刘裘蒂：有一波美国企业正考虑通过购买比特币和加密货币来重组资产负债表，这将为资本市场带来什么样的焦虑和风险？https://t.co/GtDpA3lvDY https://t.co/4Tyutmj5sI"
"2021-02-22","1363936853859045378","FTChinese","RT @FTChinese: 【FT社评：风电不应为得州大停电背锅】科学家一直警告，气候变化将导致更极端、更不可预测的天气。得州已经显示了低估这给基础设施构成的风险会有什么危险后果。https://t.co/kb59TPpA31 https://t.co/wtty2lRnHr"
"2020-12-08","1336150869960626179","FTChinese","RT @FTChinese: 【新冠疫情下大牛市意味着什么？】伍治坚：成长股对于价值股的领先表现，是否具有可持续性？以科技股为代表的成长股，有没有估值过高的风险？https://t.co/Rgyk4pKtPu https://t.co/YxCpM66lwj"
"2020-12-06","1335466457849708545","ChineseWSJ","RT @ChineseWSJ: #本周热读 随着中国消费者的富裕程度不断提高，对海外奢侈品的需求也越来越大，这让富邑葡萄酒受益匪浅。2013年以来，该公司来自亚洲的收入已经增长了四倍多。但这股热潮也带来了很多政治风险。随着中澳关系恶化，富邑葡萄酒在澳大利亚上市的股票今年累计下跌…"
"2020-11-24","1331188579905662976","FTChinese","RT @FTChinese: 【新冠疫情会改变风险意识吗？】凯利：新冠抗疫措施大幅降低了流感发病率。这是否意味着，每年要为减少流感死亡人数而实施封锁？https://t.co/xENDNQFak7 https://t.co/MQ6yNOWTOP"
"2020-11-20","1329706368366854146","rijingzhongwen","RT @rijingzhongwen: 【东丽开发出新一代大容量电池用绝缘膜】采用金属锂为负极材料的新一代锂电池可将容量提高至2~3倍，但存在安全风险。新开发的绝缘膜可解决这一问题……https://t.co/QoF46MYqgG https://t.co/UV3KnTrsYP"
"2020-11-08","1325582467412029442","ChineseWSJ","RT @ChineseWSJ: #本周热读  美国空军官员表示，这些中国制造的无人机性价比高，而且有用。大疆发言人表示，这些无人机不存在导致数据丢失或被盗的风险。不过批评人士已指出，这些无人机可能被用于收集有关美国军方和关键基础设施的信息，或者从事其他间谍活动和数据收集活动，将…"
